origin_zone,destination_zone,distance,logsum,path_size_sum,iterations,time
1.0,1.0,317.0318611007392,-0.0600439129623698,0.0,0.0,5434.831904584101
1.0,2.0,2159.7474408693824,-4.477928506414226,1.5082010319924133,5.0,37024.24184347512
1.0,3.0,1008.5379477764563,-2.659550956916978,1.0000000000000002,5.0,17289.22196188211
1.0,4.0,2126.9347573873847,-4.478796168329686,1.516143468284616,5.0,36461.73869806946
1.0,5.0,1694.542064492226,-4.187079922650659,1.0000000000000002,5.0,29049.29253415245
1.0,6.0,2538.7887423895863,-5.341564789935992,1.0,5.0,43522.092726678624
1.0,7.0,967.2477105511516,-2.234956208400517,1.0,5.0,16581.38932373403
1.0,8.0,1094.3752066637317,-2.7389973951194007,1.0,5.0,18760.717828521112
1.0,9.0,967.8739333847068,-2.234956208400517,1.0,5.0,16592.12457230926
1.0,10.0,1048.7873589987585,-2.7389973951194007,1.0,5.0,17979.211868550145
1.0,11.0,2268.918588507353,-5.104836275932322,1.0000000000000002,5.0,38895.74723155463
1.0,12.0,634.0637222014784,-2.233944726991516,1.0,5.0,10869.663809168202
1.0,13.0,717.9319040975165,-2.1000095070306566,1.0,5.0,12307.40407024314
1.0,14.0,1631.151121135838,-3.5886885239084023,1.0000000000000002,5.0,27962.590648042933
1.0,15.0,1752.1382563434784,-4.29375178810478,1.6382694958466584,5.0,30036.65582303106
1.0,16.0,1610.3001135762656,-3.5886885239084023,1.0000000000000002,5.0,27605.14480416456
1.0,17.0,2272.370296153757,-5.104836275932322,1.0,5.0,38954.91936263583
1.0,18.0,637.0462055797893,-2.233944726991516,1.0000000000000002,5.0,10920.792095653533
1.0,19.0,1197.2950256389872,-5.134395581507564,1.0,5.0,20525.05758238264
1.0,20.0,912.722463946878,-4.992630324114009,1.0000000000000002,5.0,15646.670810517908
1.0,21.0,2946.483195361984,-7.091500574449833,1.79626245201763,5.0,50511.14049191972
1.0,22.0,2435.8096667459504,-4.48113450697344,1.658011809599312,5.0,41756.73714421629
1.0,23.0,2965.808903555801,-4.808271304059648,2.258451904108395,5.0,50842.43834667088
1.0,24.0,3146.614013674432,-5.0043533693141935,2.2810795384008715,5.0,53941.95452013311
1.0,25.0,2693.7369401592146,-4.763325988303949,1.7988118682390395,5.0,46178.34754558653
1.0,26.0,2995.4878033204964,-4.576574790680151,2.0603114576565376,5.0,51351.21948549423
1.0,27.0,1446.3666845699177,-5.332999130576951,1.0000000000000002,5.0,24794.857449770017
1.0,28.0,1728.803257838808,-3.3125478949633385,1.0,5.0,29636.627277236705
1.0,29.0,1997.6253466469173,-4.383990671858786,1.547851399109495,5.0,34245.00594251859
1.0,30.0,2281.3472770890594,-4.108740633221771,1.7223786169022268,5.0,39108.810464383874
1.0,31.0,2269.320010581575,-4.598522219394564,1.471385809463928,5.0,38902.62875282701
1.0,32.0,2233.3872031871483,-4.164404461390609,1.7181689865125578,5.0,38286.63776892254
1.0,33.0,2242.875865687053,-4.599128581731921,1.4769342540891943,5.0,38449.30055463519
1.0,34.0,2519.564144065361,-4.247200302627384,1.6363472470756817,5.0,43192.528183977614
1.0,35.0,2294.4346837123467,-6.095077627448483,1.0000000000000002,5.0,39333.16600649738
1.0,36.0,2522.976729496834,-4.71628703182791,1.4240793147978823,5.0,43251.02964851716
1.0,37.0,2523.685932129013,-6.089764751827324,1.0,5.0,43263.18740792594
1.0,38.0,3238.6894924300736,-4.797678867022214,1.9805349621112096,5.0,55520.39129880127
1.0,39.0,2740.0639913139257,-4.76278755424435,1.7852303899392852,5.0,46972.525565381584
1.0,40.0,2969.688364244097,-4.814721294429448,2.256804326181745,5.0,50908.94338704167
1.0,41.0,1760.572019887036,-5.067363852610447,1.0000000000000002,5.0,30181.2346266349
1.0,42.0,1414.5939131790733,-5.31046937909604,1.0000000000000004,5.0,24250.181368784117
1.0,43.0,1673.338571497693,-4.884830900552594,1.0,5.0,28685.804082817594
1.0,44.0,1416.2087718449718,-5.31046937909604,1.0,5.0,24277.86466019952
1.0,45.0,2466.428242624652,-4.699517367230788,1.4334744099468453,5.0,42281.62701642261
1.0,46.0,1690.1166015062108,-5.565221118581588,1.0000000000000002,5.0,28973.427454392186
1.0,47.0,2235.34122507561,-6.13806103592094,1.0000000000000002,5.0,38320.13528701045
1.0,48.0,1952.0978687925024,-5.8464748223660745,1.0000000000000002,5.0,33464.534893585755
1.0,49.0,2935.00761089476,-5.2102767446978,1.8379543390190447,5.0,50314.4161867673
1.0,50.0,2438.8452543429166,-6.090596397389966,1.0,5.0,41808.77578873572
2.0,1.0,628.1600738008701,-0.794267197594569,1.0,5.0,10768.458408014916
2.0,2.0,314.08003690043506,-0.0594848553498387,0.0,0.0,5384.229204007458
2.0,3.0,1356.9450059739388,-2.80040359176935,1.0,5.0,23261.914388124667
2.0,4.0,1356.8091504431752,-3.758667047223488,0.9999999999999998,5.0,23259.58543616872
2.0,5.0,974.692907273662,-3.0716433534014422,1.0,5.0,16709.021267548495
2.0,6.0,1804.6402374058248,-5.2019179122014565,1.6116662031813551,5.0,30936.689784099846
2.0,7.0,1315.6547687486336,-2.438035833860781,1.0,5.0,22554.081749976576
2.0,8.0,1442.782264861214,-2.886605007907974,1.0,5.0,24733.410254763665
2.0,9.0,1316.2809915821888,-2.438035833860781,1.0,5.0,22564.816998551807
2.0,10.0,1397.1944171962405,-2.886605007907974,1.0,5.0,23951.904294792694
2.0,11.0,2635.4614545504064,-5.496164144875159,1.7895575389682012,5.0,45179.33922086411
2.0,12.0,982.4707803989604,-2.1213702439620614,1.0,5.0,16842.356235410753
2.0,13.0,1066.3389622949985,-2.2058247333342047,1.0,5.0,18280.096496485687
2.0,14.0,1966.5529703881723,-3.975035018810613,1.5505069090451924,5.0,33712.336635225816
2.0,15.0,2086.0408607730988,-4.503038369251383,2.0458708070518843,5.0,35760.70047039598
2.0,16.0,1945.7163721084091,-3.97483975937954,1.5564039660451108,5.0,33355.13780757273
2.0,17.0,2638.9101711144267,-5.496125572778558,1.7885303864133146,5.0,45238.46007624732
2.0,18.0,985.4532637772712,-2.1213702439620614,1.0,5.0,16893.48452189608
2.0,19.0,1545.702083836469,-4.72126794905466,1.0,5.0,26497.750008625186
2.0,20.0,1261.1295221443602,-4.2534959034342,1.0,5.0,21619.363236760462
2.0,21.0,3270.7055333513435,-7.141354904677928,1.7119065427759117,5.0,56069.237714594456
2.0,22.0,2769.676404090118,-4.808376573053843,1.9666744077523264,5.0,47480.16692725916
2.0,23.0,3300.28892365139,-5.158865790589903,2.4542720630153134,5.0,56576.381548309546
2.0,24.0,3481.933639964373,-5.34887884881359,2.465000319151681,5.0,59690.29097081783
2.0,25.0,3015.9680797613464,-5.10268174640063,2.0695798956726685,5.0,51702.30993876594
2.0,26.0,3332.39924518258,-4.924493158763807,2.274232700541749,5.0,57126.84420312994
2.0,27.0,1794.7737427673994,-5.0645877131934105,1.0,5.0,30767.54987601256
2.0,28.0,2063.9808170833,-3.763352112141317,1.524474021630851,5.0,35382.528292856565
2.0,29.0,2333.456515124132,-4.341331806346084,1.4638265931778087,5.0,40002.11168784226
2.0,30.0,2614.730595612229,-4.452159123015661,2.03881026990919,5.0,44823.95306763822
2.0,31.0,2608.4199580669165,-5.079847130267526,2.2367386517913,5.0,44715.77070971856
2.0,32.0,2567.5862210962314,-4.468712417187662,2.042764010850864,5.0,44015.76379022111
2.0,33.0,2581.958140139301,-5.080365121851312,2.2494310734542617,5.0,44262.13954524516
2.0,34.0,2854.4906172941464,-4.598080548865787,1.9377008927070705,5.0,48934.12486789965
2.0,35.0,2642.8417419098287,-6.090137680560583,1.0,5.0,45305.85843273992
2.0,36.0,2861.9404840616385,-5.206083581997468,2.126964097504779,5.0,49061.83686962809
2.0,37.0,2872.0929903264955,-6.134975890770685,1.0000000000000002,5.0,49235.879834168496
2.0,38.0,3575.688692505425,-5.141964350547822,2.1875584755701407,5.0,61297.52044295013
2.0,39.0,3062.3434841160188,-5.102682997599487,2.053348182627221,5.0,52497.31687056032
2.0,40.0,3304.179491303219,-5.1651457963014735,2.452564728710003,5.0,56643.07699376946
2.0,41.0,2108.979078084518,-5.031141007098757,1.0,5.0,36153.92705287744
2.0,42.0,1763.0009713765548,-5.029742755816898,1.0000000000000002,5.0,30222.87379502665
2.0,43.0,2021.745629695175,-4.840966384506008,1.0,5.0,34658.49650906015
2.0,44.0,1764.6158300424534,-5.029742755816898,1.0,5.0,30250.55708644205
2.0,45.0,2814.838671367971,-4.911829944250848,1.3798713405138423,5.0,48254.37722345094
2.0,46.0,2038.523659703693,-5.393705073611278,1.0,5.0,34946.11988063474
2.0,47.0,2583.748283273092,-6.095063669913431,1.0000000000000004,5.0,44292.827713253
2.0,48.0,2300.504926989984,-5.750327155314662,1.0000000000000002,5.0,39437.2273198283
2.0,49.0,3275.1543724117914,-5.432602291463978,1.7444711463034568,5.0,56145.50352705928
2.0,50.0,2787.252312540399,-6.123603945433377,0.9999999999999998,5.0,47781.46821497828
3.0,1.0,569.2326718232908,-1.5039038035882195,1.0,5.0,9758.274374113556
3.0,2.0,1330.5618951292731,-4.060761710210983,0.9999999999999996,5.0,22809.632487930397
3.0,3.0,284.6163359116454,-0.0539046089620536,0.0,0.0,4879.137187056778
3.0,4.0,1297.8817484655965,-4.060761710210983,0.9999999999999996,5.0,22249.401402267365
3.0,5.0,915.7655052960828,-3.590838003197001,1.0,5.0,15698.837233647131
3.0,6.0,1745.9308681686189,-5.445472737724831,1.6326176972257955,5.0,29930.24345431918
3.0,7.0,1256.727366771054,-2.7098531270825337,1.0,5.0,21543.89771607521
3.0,8.0,1383.8548628836345,-3.129533741307536,1.0,5.0,23723.2262208623
3.0,9.0,1257.3535896046092,-2.7098531270825337,1.0,5.0,21554.63296465045
3.0,10.0,1338.267015218661,-3.129533741307536,1.0,5.0,22941.72026089133
3.0,11.0,2576.4601477043702,-5.61643956024064,1.8075152765634344,5.0,44167.88824636063
3.0,12.0,923.543378421381,-2.5609066580630824,1.0,5.0,15832.17220150939
3.0,13.0,1007.4115603174192,-2.552070829024053,1.0,5.0,17269.912462584325
3.0,14.0,1906.122405134332,-4.161757853878481,1.5688903335432365,5.0,32676.384088017126
3.0,15.0,2051.831346754213,-4.422944810307267,1.5285153131202072,5.0,35174.251658643654
3.0,16.0,1885.318693979757,-4.161101204362612,1.5751543336862022,5.0,32319.749039652976
3.0,17.0,2579.9088015635225,-5.61639948568546,1.8064408962007652,5.0,44227.00802680325
3.0,18.0,926.525861799692,-2.5609066580630824,1.0,5.0,15883.300487994722
3.0,19.0,1486.77468185889,-5.021076438539135,0.9999999999999996,5.0,25487.56597472383
3.0,20.0,1202.2021201667806,-4.6597589548870655,1.0,5.0,20609.179202859093
3.0,21.0,3216.967457384774,-7.24200509998822,1.7248913177281222,5.0,55148.01355516756
3.0,22.0,2710.827445092094,-4.901318523831589,1.9876627913484808,5.0,46471.32763015018
3.0,23.0,3236.7860419640456,-5.302490716272624,2.484898744198097,5.0,55487.76071938364
3.0,24.0,3418.127713462194,-5.476218654587564,2.4941192891429957,5.0,58596.47508792333
3.0,25.0,2955.58850490435,-5.145561411514107,2.104203659516463,5.0,50667.231512646
3.0,26.0,3269.7688072033725,-5.0155664125256845,2.302006757516304,5.0,56053.17955205781
3.0,27.0,1735.8463407898207,-5.309830793697955,0.9999999999999996,5.0,29757.36584211121
3.0,28.0,2003.385252032599,-3.932641468641949,1.5412817338877614,5.0,34343.7471777017
3.0,29.0,2272.4555309117804,-4.492151065122728,1.4772415865913868,5.0,38956.38052991624
3.0,30.0,2556.5465062934622,-4.523555862135219,2.061801798264651,5.0,43826.51153645935
3.0,31.0,2544.486866813128,-5.295427476938317,2.2681503673094263,5.0,43619.77485965361
3.0,32.0,2508.751684873649,-4.573288231944794,2.067228408491517,5.0,43007.17174069113
3.0,33.0,2518.0747242135503,-5.295686874306621,2.2814484763708918,5.0,43166.99527223229
3.0,34.0,2794.8641983977686,-4.654534611130141,1.9579651166791616,5.0,47911.957686818896
3.0,35.0,2583.914339932249,-6.2239653717558445,1.0,5.0,44295.67439883855
3.0,36.0,2797.6791398792484,-5.39455541876411,2.1533823044922986,5.0,47960.2138265014
3.0,37.0,2813.165588348916,-6.251683540227544,1.0,5.0,48225.69580026713
3.0,38.0,3512.80840031104,-5.223621393741545,2.2117660929191603,5.0,60219.57257676068
3.0,39.0,3002.054305963853,-5.144643676517746,2.086935442928512,5.0,51463.78810223749
3.0,40.0,3240.674038445417,-5.30825756846075,2.483121011826338,5.0,55554.41208763572
3.0,41.0,2050.0516761069384,-5.208297511694907,1.0,5.0,35143.74301897609
3.0,42.0,1704.073569398976,-5.279853003272624,1.0,5.0,29212.6897611253
3.0,43.0,1962.8182277175963,-5.028039065271479,0.9999999999999998,5.0,33648.3124751588
3.0,44.0,1705.6884280648746,-5.279853003272624,0.9999999999999998,5.0,29240.373052540708
3.0,45.0,2755.913629165969,-5.006466112550467,1.387986037868358,5.0,47244.23364284517
3.0,46.0,1979.596257726114,-5.598883749718714,1.0,5.0,33935.93584673338
3.0,47.0,2524.820881295513,-6.240532392987059,1.0,5.0,43282.643679351655
3.0,48.0,2241.577525012405,-5.921655843099316,1.0,5.0,38427.04328592694
3.0,49.0,3218.4445358230464,-5.505819080765543,1.7587810807704365,5.0,55173.33489982365
3.0,50.0,2728.3249105628192,-6.244536369693492,0.9999999999999998,5.0,46771.2841810769
4.0,1.0,595.4799271371933,-0.7432464414179043,1.0,5.0,10208.227322351886
4.0,2.0,1356.8091504431754,-3.7638402860200175,0.9999999999999998,5.0,23259.58543616872
4.0,3.0,1324.2648593102615,-2.7797019633182325,0.9999999999999998,5.0,22701.683302461628
4.0,4.0,297.73996356859664,-0.056390144497973,0.0,0.0,5104.113661175943
4.0,5.0,942.0127606099852,-3.0998714463823958,1.0,5.0,16148.790181885455
4.0,6.0,1772.063170249281,-5.215432375217758,1.623110924002284,5.0,30378.22577570196
4.0,7.0,1282.9746220849563,-2.4122120823833653,1.0,5.0,21993.85066431354
4.0,8.0,1410.1021181975366,-2.8658287774573266,1.0,5.0,24173.17916910063
4.0,9.0,1283.600844918512,-2.4122120823833653,1.0,5.0,22004.58591288878
4.0,10.0,1364.5142705325636,-2.8658287774573266,1.0,5.0,23391.67320912966
4.0,11.0,2602.720165138884,-5.484608586948463,1.799416708686366,5.0,44618.059973809446
4.0,12.0,949.7906337352836,-2.1086778154402026,1.0,5.0,16282.12514974772
4.0,13.0,1033.658815631322,-2.183946788423388,0.9999999999999998,5.0,17719.86541082266
4.0,14.0,1933.957779705178,-3.9569330244516663,1.55980598406531,5.0,33153.561937803046
4.0,15.0,2053.7310570573445,-4.490496852209112,2.0626528396908617,5.0,35206.81812098304
4.0,16.0,1913.1214539613943,-3.956729725189685,1.5659050639265095,5.0,32796.36778219533
4.0,17.0,2606.168848852302,-5.484569096693691,1.7983637583657774,5.0,44677.18026603946
4.0,18.0,952.7731171135946,-2.1086778154402026,1.0,5.0,16333.253436233052
4.0,19.0,1513.0219371727924,-4.741350459236829,0.9999999999999998,5.0,25937.51892296216
4.0,20.0,1228.4493754806836,-4.288574281430043,1.0,5.0,21059.13215109743
4.0,21.0,3240.189537924678,-7.1347372092645625,1.7190494763638895,5.0,55546.10636442305
4.0,22.0,2737.033974411061,-4.7855739799784125,1.978202722103181,5.0,46920.58241847534
4.0,23.0,3267.584638038808,-5.133135710776483,2.468798570318964,5.0,56015.73665209385
4.0,24.0,3449.2383519866016,-5.323723947278586,2.4788695687083364,5.0,59129.80031977032
4.0,25.0,2983.433760325513,-5.07915359667134,2.081325036805741,5.0,51144.578748437365
4.0,26.0,3299.721678871313,-4.896628387119805,2.286847833706782,5.0,56566.65735207965
4.0,27.0,1762.093596103723,-5.077036541970597,0.9999999999999998,5.0,30207.318790349535
4.0,28.0,2031.378618849959,-3.7395352478111663,1.532907621269753,5.0,34823.6334659993
4.0,29.0,2300.8385519360245,-4.3205237199144175,1.4704102074782817,5.0,39442.94660461756
4.0,30.0,2582.222567482458,-4.426226662260001,2.052032462781201,5.0,44266.672585413566
4.0,31.0,2575.766653258749,-5.0634147603329325,2.2524543319626598,5.0,44155.99977014999
4.0,32.0,2534.95044078881,-4.444998354165697,2.0561912380497254,5.0,43456.29327066532
4.0,33.0,2549.304778514428,-5.06394524991952,2.265473088515472,5.0,43702.3676316759
4.0,34.0,2821.8298825699403,-4.571307610188731,1.948558959439792,5.0,48374.22655834184
4.0,35.0,2610.161595246152,-6.086440843718057,1.0000000000000002,5.0,44745.62734707688
4.0,36.0,2829.283380165079,-5.187293249642147,2.139998915011309,5.0,48502.00080282993
4.0,37.0,2839.412843662818,-6.127563853418122,1.0,5.0,48675.648748505446
4.0,38.0,3543.01079899128,-5.11418554158533,2.198508410842443,5.0,60737.327982707655
4.0,39.0,3029.809745518036,-5.079154413018211,2.064737379083624,5.0,51939.59563745204
4.0,40.0,3271.4753482125097,-5.13940636500658,2.4670569771388084,5.0,56082.434540785885
4.0,41.0,2076.2989314208417,-5.028053814124182,1.0,5.0,35593.69596721443
4.0,42.0,1730.3208247128784,-5.042867540856919,1.0,5.0,29662.64270936363
4.0,43.0,1989.0654830314984,-4.838013216675577,1.0,5.0,34098.26542339711
4.0,44.0,1731.935683378777,-5.042867540856919,1.0,5.0,29690.326000779038
4.0,45.0,2782.1584717160827,-4.890512192150603,1.38432919910653,5.0,47694.14522941856
4.0,46.0,2005.843513040016,-5.400653113934176,1.0,5.0,34385.8887949717
4.0,47.0,2551.0681366094154,-6.094185423618393,1.0,5.0,43732.59662758998
4.0,48.0,2267.8247803263075,-5.75276169014758,1.0,5.0,38876.99623416527
4.0,49.0,3243.1668290996927,-5.410999010877009,1.7523394954690192,5.0,55597.145641709016
4.0,50.0,2754.5721658767216,-6.117102907754015,1.0,5.0,47221.23712931523
5.0,1.0,2145.3601840110023,-4.393908017925691,1.7628889230557792,5.0,36777.60315447432
5.0,2.0,1829.3153518182364,-4.3361132289804845,1.5993005608903432,5.0,31359.69174545548
5.0,3.0,1785.212168747206,-4.524823653345313,1.0,5.0,30603.63717852353
5.0,4.0,1796.6989431804825,-4.338821689442487,1.6100234600940753,5.0,30800.55331166541
5.0,5.0,302.59307085059453,-0.0573092936025001,0.0,0.0,5187.3097860101925
5.0,6.0,1182.6450622715,-4.019459063614959,1.0,5.0,20273.915353225715
5.0,7.0,1729.6150868641298,-4.553959044565623,1.6403504446321755,5.0,29650.544346242223
5.0,8.0,1856.0596489372829,-4.803012128922009,1.596690370068937,5.0,31818.16541035342
5.0,9.0,1730.2396480020493,-4.553984624848869,1.6401197233175409,5.0,29661.25110860656
5.0,10.0,1810.5858861830104,-4.801426945703476,1.6116449679162947,5.0,31038.615191708745
5.0,11.0,2043.432625505393,-5.145776205869225,1.0000000000000002,5.0,35030.27358009245
5.0,12.0,1410.7379431722277,-4.31212974214852,1.0,5.0,24184.079025809617
5.0,13.0,1494.6061250682658,-4.254500867227762,1.0,5.0,25621.81928688456
5.0,14.0,2394.081889840644,-4.86820632512656,1.9139128476574665,5.0,41041.40382583961
5.0,15.0,2540.543149184429,-5.0902413996156834,1.8615712441396672,5.0,43552.16827173308
5.0,16.0,2373.2548309857857,-4.868783304758269,1.9218973996914697,5.0,40684.3685311849
5.0,17.0,2046.884333151796,-5.145776205869225,1.0,5.0,35089.44571117365
5.0,18.0,1413.7204265505386,-4.31212974214852,1.0,5.0,24235.207312294948
5.0,19.0,1973.9692466097367,-5.936349960494811,1.0,5.0,33839.47279902406
5.0,20.0,1689.3966849176277,-5.640629265610894,1.0,5.0,28961.08602715933
5.0,21.0,3727.003087094517,-7.540918204101247,2.0519650602474364,5.0,63891.48149304886
5.0,22.0,3202.021865353138,-5.330583264492615,1.6844683049735112,5.0,54891.80340605379
5.0,23.0,3730.072940349448,-5.745502136180314,2.1592053864950373,5.0,63944.10754884769
5.0,24.0,3910.1417154986766,-5.912137373507456,2.1816738405268232,5.0,67031.00083712017
5.0,25.0,3450.321022302752,-5.57221061200806,1.794146554106263,5.0,59148.36038233289
5.0,26.0,3760.979194711838,-5.503211549667045,2.0027923662397087,5.0,64473.92905220294
5.0,27.0,2223.040905540667,-6.178629551046532,1.0,5.0,38109.27266641144
5.0,28.0,2491.788825514429,-4.694444837952457,1.87828756001142,5.0,42716.37986596165
5.0,29.0,2762.2155350189523,-5.169556926049724,1.7928333043067122,5.0,47352.266314610606
5.0,30.0,3056.4735426398597,-4.95762686162252,1.716884606791493,5.0,52396.68930239759
5.0,31.0,3031.8313698136108,-5.901248956387764,2.595545089966972,5.0,51974.25205394762
5.0,32.0,2999.4391296607973,-5.02266341859752,1.7304468530876735,5.0,51418.956508470816
5.0,33.0,3005.376424810844,-5.901342892625799,2.6095782504008644,5.0,51520.73871104304
5.0,34.0,3286.1413945614595,-5.129344041659442,1.6670099534634302,5.0,56333.85247819645
5.0,35.0,3071.108904683096,-6.979110341528178,1.0,5.0,52647.58122313879
5.0,36.0,3285.7184082508834,-6.009173840871645,2.4724490663699945,5.0,56326.60128430086
5.0,37.0,3300.360153099763,-7.011266005581411,1.0000000000000002,5.0,56577.60262456737
5.0,38.0,4004.3804842951113,-5.703801468530514,1.9418923669777028,5.0,68646.5225879162
5.0,39.0,3496.653920566295,-5.571716097182431,1.783622806914189,5.0,59942.638638279335
5.0,40.0,3733.965098634978,-5.751386101613151,2.1580016335677947,5.0,64010.83026231391
5.0,41.0,2526.6927484299217,-5.748772040618721,1.6375317603392494,5.0,43314.73283022723
5.0,42.0,2191.2681341498223,-6.153254653383678,1.0,5.0,37564.59658542553
5.0,43.0,2450.0127924684425,-5.976521282475588,1.0,5.0,42000.219299459015
5.0,44.0,2192.8829928157206,-6.153254653383678,1.0,5.0,37592.27987684093
5.0,45.0,3240.8033977310743,-5.7418812097280565,1.4973718350346608,5.0,55556.62967538985
5.0,46.0,2466.790822476961,-6.425645930860532,1.0,5.0,42287.84267103361
5.0,47.0,3373.6866677114767,-6.394713216273766,1.816468755837811,5.0,57834.628589339605
5.0,48.0,2728.772089763252,-6.705885716410925,1.0,5.0,46778.950110227175
5.0,49.0,3766.331167722072,-5.98862437517074,1.4281063831142096,5.0,64565.6771609498
5.0,50.0,3215.5194753136657,-7.003172626343736,1.0,5.0,55123.19100537712
6.0,1.0,1301.9316613272224,-1.7863152020720767,1.0,5.0,22318.82847989524
6.0,2.0,968.079829691719,-1.2977394687644976,1.0,5.0,16595.654223286612
6.0,3.0,2059.9250328233884,-3.99093118440724,1.789234766987198,5.0,35313.00056268666
6.0,4.0,935.3996830280424,-1.2977394687644976,1.0,5.0,16035.423137623582
6.0,5.0,616.2676934109456,-2.49724763362554,1.0,5.0,10564.589029901928
6.0,6.0,308.1338467054728,-0.0583586829667716,0.0,0.0,5282.294514950963
6.0,7.0,1990.861950362705,-3.8359914443657166,2.095827111050602,5.0,34129.062006217806
6.0,8.0,2118.0982135189024,-4.170894479534748,2.030116396633057,5.0,36310.255088895465
6.0,9.0,1991.4881194420147,-3.835987316597197,2.095482883220383,5.0,34139.796333291684
6.0,10.0,2072.514484845264,-4.171163058246544,2.052753974571504,5.0,35528.819740204526
6.0,11.0,2313.3981119049563,-5.543695024660186,1.0,5.0,39658.2533469421
6.0,12.0,1659.1671306186313,-3.290414015681266,1.6508159987913231,5.0,28442.865096319398
6.0,13.0,1743.568932439275,-3.422381629407747,1.6196233422457174,5.0,29889.753127530428
6.0,14.0,1527.6861618244366,-2.436484906220663,1.0,5.0,26188.90563127605
6.0,15.0,1673.943047620271,-2.8315636278344,1.0,5.0,28696.166530633214
6.0,16.0,1506.8351542648645,-2.436484906220663,1.0000000000000002,5.0,25831.45978739767
6.0,17.0,2316.84981955136,-5.543695024660186,1.0,5.0,39717.4254780233
6.0,18.0,1662.150512840668,-3.290554441436198,1.6496529769726886,5.0,28494.008791554308
6.0,19.0,2244.1827264713256,-4.146312470999716,1.0,5.0,38471.70388236558
6.0,20.0,1959.6101647792168,-3.487734223213482,1.0,5.0,33593.31711050086
6.0,21.0,2926.587578333453,-5.9870985569739625,1.0000000000000004,5.0,50170.07277143063
6.0,22.0,2334.7149585616994,-3.3200679541334965,1.0000000000000004,5.0,40023.68500391485
6.0,23.0,2864.6476607212744,-3.9761223987051344,1.7446373314412194,5.0,49108.2456123647
6.0,24.0,3045.60952883274,-4.210297764794818,1.7986406494700873,5.0,52210.44906570412
6.0,25.0,2600.6622601107665,-3.658632147912922,1.2074318038430865,5.0,44582.78160189886
6.0,26.0,2894.0908302994894,-3.7217726883333753,1.5447771786104567,5.0,49612.985662276966
6.0,27.0,2478.592930899595,-3.1099878254211584,1.0,5.0,42490.16452970734
6.0,28.0,1625.338298527406,-2.1852155792630006,1.0,5.0,27862.94226046982
6.0,29.0,1895.3500650441144,-3.0026927429158627,1.0,5.0,32491.71540075624
6.0,30.0,2189.3586957789653,-2.7596052499481027,1.0,5.0,37531.86335621083
6.0,31.0,2166.934858106117,-4.050023844598477,1.987628476504576,5.0,37147.45471039058
6.0,32.0,2132.373009298284,-2.838440250539578,1.0000000000000002,5.0,36554.96587368487
6.0,33.0,2140.490514846528,-4.051132055189179,1.9998130555199616,5.0,36694.12311165476
6.0,34.0,2418.852792809472,-3.049412535940142,1.0000000000000002,5.0,41466.047876733806
6.0,35.0,3355.171771081912,-4.80755909446469,0.9999999999999996,5.0,57517.2303614042
6.0,36.0,2420.683059166663,-4.214525128220562,1.884293127615773,5.0,41497.42387142851
6.0,37.0,3460.625202264442,-5.412238830948476,1.4457413876039753,5.0,59325.00346739044
6.0,38.0,3137.361171158531,-4.0046466757711165,1.5024480997752268,5.0,53783.33436271767
6.0,39.0,2646.918685662895,-3.658901611631136,1.203821075494696,5.0,45375.74889707819
6.0,40.0,2868.529094899268,-3.984610249306152,1.7436280819851435,5.0,49174.784483987445
6.0,41.0,2804.05165678342,-5.189491717055623,1.7741982045132376,5.0,48069.45697343005
6.0,42.0,2475.3310005486383,-2.989824125040868,1.0,5.0,42434.24572369095
6.0,43.0,2734.075658867259,-3.2201255610978183,1.0,5.0,46869.86843772444
6.0,44.0,2476.9458592145365,-2.989824125040868,1.0,5.0,42461.92901510634
6.0,45.0,3521.3137900107445,-3.9165023203384783,1.0,5.0,60365.37925732705
6.0,46.0,2750.8536888757767,-3.6196839876949256,0.9999999999999998,5.0,47157.49180929904
6.0,47.0,3296.078312445175,-4.721334492389213,1.0,5.0,56504.19964191729
6.0,48.0,3012.834956162067,-4.195947621698622,1.0,5.0,51648.599248492574
6.0,49.0,4046.8867879335608,-4.4728861817474055,1.0,5.0,69375.20207886104
6.0,50.0,3499.582341712482,-4.943261801442099,0.9999999999999996,5.0,59992.84014364255
7.0,1.0,1874.03575769174,-4.488964930855872,1.5885078541263362,5.0,32126.327274715542
7.0,2.0,1595.3844578184032,-4.9545090691206255,1.0,5.0,27349.44784831548
7.0,3.0,1512.024365108258,-4.015762123365591,1.0,5.0,25920.417687570138
7.0,4.0,1562.7043111547266,-4.9545090691206255,0.9999999999999998,5.0,26789.216762652457
7.0,5.0,1180.5880679852137,-4.70048154577055,1.0,5.0,20238.652594032228
7.0,6.0,1989.038426283968,-6.4482747851222015,2.090975837016872,5.0,34097.80159343945
7.0,7.0,213.76865062099392,-0.0404864867758248,0.0,0.0,3664.605439217039
7.0,8.0,473.1251489069609,-1.826725093422912,1.0,5.0,8110.716838405045
7.0,9.0,1446.0178634272106,-4.0201587773295415,1.762315310065817,5.0,24788.877658752182
7.0,10.0,427.5373012419879,-1.826725093422912,1.0,5.0,7329.210878434078
7.0,11.0,1739.692703430133,-4.673455544410084,1.0000000000000002,5.0,29823.303487373705
7.0,12.0,1137.5501395332797,-3.815615482491994,1.0,5.0,19500.859534856223
7.0,13.0,1221.4183214293178,-3.717861459825258,1.0,5.0,20938.59979593116
7.0,14.0,2143.096065382535,-4.888430436770322,1.5130684576136786,5.0,36738.789692272025
7.0,15.0,2264.4724296146337,-5.324335023174643,1.9708773238736808,5.0,38819.52736482229
7.0,16.0,2122.236284269921,-4.888222176302538,1.5181101035819986,5.0,36381.19344462721
7.0,17.0,1743.1444110765365,-4.673455544410084,1.0,5.0,29882.47561845491
7.0,18.0,1140.5326229115908,-3.815615482491994,1.0,5.0,19551.987821341558
7.0,19.0,1700.7814429707887,-5.66859331381965,1.0,5.0,29156.253308070663
7.0,20.0,1416.2088812786794,-5.399184277795127,1.0,5.0,24277.866536205933
7.0,21.0,3421.1532593137595,-7.6497141689682,1.67986304567858,5.0,58648.34158823588
7.0,22.0,2948.3885136299564,-5.514067095246627,1.9175597824742443,5.0,50543.80309079925
7.0,23.0,3480.891661947962,-5.864528048767057,2.389007234626217,5.0,59672.42849053649
7.0,24.0,3661.482408839604,-6.017666598586872,2.4018254555913874,5.0,62768.26986582178
7.0,25.0,3194.885716529365,-5.733321409335709,2.0288669612033488,5.0,54769.46942621768
7.0,26.0,3509.387570310615,-5.590431796800002,2.2182051724524268,5.0,60160.9297767534
7.0,27.0,1949.8531019017191,-5.90247272267252,1.0,5.0,33426.05317545804
7.0,28.0,2240.850834922563,-4.676932117180506,1.4907056884922243,5.0,38414.58574152965
7.0,29.0,2511.22920391858,-5.148104896360656,1.437927757380051,5.0,43049.643495747085
7.0,30.0,2793.799188389672,-5.185094160142214,1.9810968479490096,5.0,47893.70037239438
7.0,31.0,2782.456908883641,-5.81618394198377,2.163997034045418,5.0,47699.26129514813
7.0,32.0,2746.045420269406,-5.231216001447148,1.985397811745412,5.0,47075.064347475534
7.0,33.0,2755.9990028381258,-5.816407133891106,2.1751548761423907,5.0,47245.69719151073
7.0,34.0,3032.545263380553,-5.285100125669546,1.8920243710744769,5.0,51986.49022938092
7.0,35.0,2797.921101044148,-6.694041280557269,1.0,5.0,47964.3617321854
7.0,36.0,3036.3879911065324,-5.902715784197639,2.066866516851684,5.0,52052.36556182626
7.0,37.0,3027.172349460814,-6.715108254011095,1.0000000000000002,5.0,51894.38313361396
7.0,38.0,3752.706742387316,-5.77247272671755,2.1391373127973763,5.0,64332.11558378256
7.0,39.0,3241.3979460341407,-5.732589967279655,2.013930049581927,5.0,55566.821932013845
7.0,40.0,3484.7698462742733,-5.8695020207068405,2.387456838860851,5.0,59738.911650416114
7.0,41.0,2231.5688539515554,-5.341498993513957,1.7162777198687915,5.0,38255.46606774095
7.0,42.0,1918.0803305108748,-5.877654663075967,1.0,5.0,32881.37709447214
7.0,43.0,2176.824988829495,-5.636600742877114,0.9999999999999998,5.0,37316.99980850563
7.0,44.0,1919.695189176773,-5.877654663075967,1.0,5.0,32909.06038588753
7.0,45.0,2945.7009873731754,-5.294264795064341,1.543989551537844,5.0,50497.73121211158
7.0,46.0,2193.6030188380123,-6.146710383204907,1.0,5.0,37604.62318008021
7.0,47.0,3099.389614296346,-5.983688029914466,1.888586798948856,5.0,53132.39338793736
7.0,48.0,2455.584286124304,-6.427733773107769,1.0,5.0,42095.73061927378
7.0,49.0,3471.195879952989,-5.552916836649442,1.46217728484646,5.0,59506.21508490839
7.0,50.0,2942.331671674717,-6.709700151020576,1.0,5.0,50439.97151442373
8.0,1.0,1706.180322738759,-4.216426651118612,1.6450704920487629,5.0,29248.80553266444
8.0,2.0,1427.601079544605,-4.766983792610198,0.9999999999999998,5.0,24473.161363621803
8.0,3.0,1344.2409868344594,-3.7093314855364663,1.0,5.0,23044.131202876444
8.0,4.0,1394.920932880928,-4.766983792610198,0.9999999999999998,5.0,23912.930277958767
8.0,5.0,1012.8046897114148,-4.588272968200127,1.0,5.0,17362.366109338538
8.0,6.0,1840.2815778344795,-6.073422345750817,1.6022927767706985,5.0,31547.684191448217
8.0,7.0,1302.9507496091542,-3.425673028029764,1.0,5.0,22336.29856472836
8.0,8.0,484.8833806297406,-0.0918339734131028,0.0,0.0,8312.286525081268
8.0,9.0,1303.5769724427096,-3.425673028029764,1.0,5.0,22347.033813303595
8.0,10.0,1384.4903980567617,-3.7610168277723375,1.0,5.0,23734.121109544485
8.0,11.0,2636.253878288823,-5.95099719877522,1.795799209718665,5.0,45192.9236278084
8.0,12.0,969.7667612594812,-3.535947893035189,1.0,5.0,16624.573050162537
8.0,13.0,1053.6349431555193,-3.39461068463224,1.0,5.0,18062.313311237474
8.0,14.0,1975.0322049171612,-4.63092187374217,1.5566557157712746,5.0,33857.694941437054
8.0,15.0,2097.4588509295813,-5.099895258500302,2.0500021614141435,5.0,35956.43744450711
8.0,16.0,1954.1715183197573,-4.630669821817712,1.562595346758953,5.0,33500.08317119584
8.0,17.0,2639.688971872505,-5.950872382362134,1.7947787628240215,5.0,45251.8109463858
8.0,18.0,972.749244637792,-3.535947893035189,1.0,5.0,16675.701336647864
8.0,19.0,1532.99806469699,-5.555885198982004,1.0,5.0,26279.96682337697
8.0,20.0,1248.4255030048807,-5.329563610267444,1.0,5.0,21401.58005151224
8.0,21.0,3262.9156554441597,-7.501288874060472,1.7146662975468974,5.0,55935.696950471305
8.0,22.0,2780.582296267712,-5.272955788858703,1.973110093483077,5.0,47667.12507887507
8.0,23.0,3313.189442086749,-5.633170054332799,2.459459710853958,5.0,56797.533292915694
8.0,24.0,3493.73883551493,-5.7918657233119575,2.469220972612423,5.0,59892.66575168452
8.0,25.0,3027.9784468181115,-5.499287280687396,2.0868088991857263,5.0,51908.201945453344
8.0,26.0,3341.5889874240947,-5.343436783106608,2.279445965605824,5.0,57284.38264155591
8.0,27.0,1782.0697236279204,-5.772889472056974,1.0,5.0,30549.76669076435
8.0,28.0,2072.8021496876327,-4.397136341155654,1.5304289570976437,5.0,35533.75113750227
8.0,29.0,2343.2340662344955,-4.896476035888076,1.4692924276216326,5.0,40169.72684973421
8.0,30.0,2626.4880310105086,-4.925499473082977,2.0445829101174877,5.0,45025.509103037286
8.0,31.0,2614.473531115328,-5.598925282246081,2.238575219964684,5.0,44819.54624769134
8.0,32.0,2578.242991752708,-4.976985692982368,2.0497540686345976,5.0,44198.45128718927
8.0,33.0,2588.015490090167,-5.599172594455493,2.251216436799756,5.0,44365.979830117154
8.0,34.0,2864.738075488423,-5.028581190212763,1.9444374335923735,5.0,49109.79557980153
8.0,35.0,2630.1377227703497,-6.538487139440535,1.0,5.0,45088.07524749171
8.0,36.0,2868.4295299313826,-5.683011587017042,2.129184209351971,5.0,49173.07765596656
8.0,37.0,2859.388971187017,-6.549372588970633,1.0,5.0,49018.09664892029
8.0,38.0,3584.906508985816,-5.532379562474777,2.1925121571132213,5.0,61455.54015404256
8.0,39.0,3074.5002607942065,-5.498470620964771,2.0701545729482467,5.0,52705.71875647211
8.0,40.0,3317.066886184756,-5.638283193178624,2.457748144494973,5.0,56864.00376316725
8.0,41.0,2096.275058945039,-5.61135564580087,1.0,5.0,35936.14386762924
8.0,42.0,1750.2969522370763,-5.74940192955283,1.0,5.0,30005.090609778454
8.0,43.0,2009.041610555696,-5.451175683876348,1.0,5.0,34440.71332381193
8.0,44.0,1751.9118109029748,-5.74940192955283,1.0,5.0,30032.773901193854
8.0,45.0,2802.1425025657672,-5.331104309298932,1.3815919377508477,5.0,48036.72861541316
8.0,46.0,2025.8196405642136,-6.007696576391027,1.0,5.0,34728.33669538652
8.0,47.0,2571.044264133613,-6.564872016536877,1.0000000000000002,5.0,44075.0445280048
8.0,48.0,2287.800907850505,-6.283237364476086,1.0,5.0,39219.44413458009
8.0,49.0,3265.7529934456816,-5.78574859514792,1.7475101444308572,5.0,55984.337030497394
8.0,50.0,2774.548293400919,-6.546422175084333,0.9999999999999996,5.0,47563.68502973005
9.0,1.0,1874.6614472457572,-4.489057100749532,1.5883153229083875,5.0,32137.05338135584
9.0,2.0,1596.010680651959,-4.954144181580376,0.9999999999999998,5.0,27360.183096890727
9.0,3.0,1512.6505879418137,-4.015749656910142,1.0,5.0,25931.15293614538
9.0,4.0,1563.3305339882822,-4.954144181580376,0.9999999999999998,5.0,26799.95201122769
9.0,5.0,1181.2142908187686,-4.699430055607054,1.0,5.0,20249.387842607463
9.0,6.0,1989.658931346028,-6.447819526248191,2.090630680607628,5.0,34108.43882307477
9.0,7.0,1446.012430473566,-4.020007146185281,1.762315310065817,5.0,24788.784522403985
9.0,8.0,473.75137174051616,-1.825198343017231,1.0,5.0,8121.452086980276
9.0,9.0,214.08176203777148,-0.0405457881803942,0.0,0.0,3669.973063504654
9.0,10.0,428.16352407554297,-1.825198343017231,1.0,5.0,7339.946127009308
9.0,11.0,1740.3189262636884,-4.67338378596785,1.0000000000000002,5.0,29834.038735948943
9.0,12.0,1138.176362366835,-3.815011587604763,1.0,5.0,19511.594783431457
9.0,13.0,1222.044544262873,-3.7176101290298336,1.0,5.0,20949.335044506395
9.0,14.0,2143.7232214994056,-4.888589983792036,1.5129185580201976,5.0,36749.540939989805
9.0,15.0,2265.095032103104,-5.324420206034002,1.970604354555838,5.0,38830.20055033892
9.0,16.0,2122.863443563459,-4.888381863351408,1.517957243923673,5.0,36391.94474680215
9.0,17.0,1743.7706339100916,-4.67338378596785,1.0,5.0,29893.210867030142
9.0,18.0,1141.158845745146,-3.815011587604763,1.0,5.0,19562.72306991679
9.0,19.0,1701.407665804344,-5.668035866706116,0.9999999999999998,5.0,29166.98855664589
9.0,20.0,1416.8351041122346,-5.398254324400694,1.0,5.0,24288.601784781167
9.0,21.0,3421.7394876410544,-7.649789481623898,1.679739513469821,5.0,58658.391216703785
9.0,22.0,2949.014789719029,-5.514394461850655,1.917364327917776,5.0,50554.53925232622
9.0,23.0,3481.5175817429645,-5.864917129836,2.3887570214856715,5.0,59683.158544165104
9.0,24.0,3662.1084751570825,-6.018055932023247,2.4015854931877088,5.0,62779.00243126427
9.0,25.0,3195.5073044955284,-5.733674571419771,2.028662281042808,5.0,54780.12521992334
9.0,26.0,3510.013830683859,-5.590873631538783,2.21798758120388,5.0,60171.66566886615
9.0,27.0,1950.4793247352743,-5.902100924983875,1.0,5.0,33436.78842403328
9.0,28.0,2241.477942595476,-4.677195071291051,1.4905685697758742,5.0,38425.33615877959
9.0,29.0,2511.856139294866,-5.148360820617026,1.437818545268122,5.0,43060.39095934056
9.0,30.0,2794.423513472855,-5.185447378800768,1.980874351907159,5.0,47904.40308810608
9.0,31.0,2783.0838203278845,-5.816388330297031,2.163735502980328,5.0,47710.00834847802
9.0,32.0,2746.6716760537493,-5.23153887771594,1.985172390551055,5.0,47085.80016092141
9.0,33.0,2756.625914754553,-5.816611437986209,2.174888307578885,5.0,47256.4442529352
9.0,34.0,3033.1715437199364,-5.2854907605994645,1.8918396431314133,5.0,51997.226463770334
9.0,35.0,2798.547323877703,-6.694042425582757,1.0,5.0,47975.09698076062
9.0,36.0,3037.014818858804,-5.90297685924944,2.06664680834696,5.0,52063.11118043663
9.0,37.0,3027.7985722943704,-6.715183437684567,1.0,5.0,51905.11838218921
9.0,38.0,3753.3330111832847,-5.772922897550507,2.1389470485910627,5.0,64342.85162028488
9.0,39.0,3242.019499954041,-5.732943448408304,2.0137312726743297,5.0,55577.47714206927
9.0,40.0,3485.3957687225075,-5.869891683958135,2.387207183935896,5.0,59749.641749528695
9.0,41.0,2232.1952925793084,-5.341540643014908,1.7160788485736298,5.0,38266.20501564528
9.0,42.0,1918.70655334443,-5.8772665317318,1.0,5.0,32892.11234304737
9.0,43.0,2177.4512116630503,-5.636519840586819,0.9999999999999998,5.0,37327.73505708086
9.0,44.0,1920.3214120103285,-5.8772665317318,1.0,5.0,32919.795634462775
9.0,45.0,2946.327139506985,-5.29461877700872,1.543874839991167,5.0,50508.46524869117
9.0,46.0,2194.229241671568,-6.146470784445029,1.0,5.0,37615.35842865545
9.0,47.0,3099.967245295344,-5.983986855456927,1.8884080150665843,5.0,53142.29563363446
9.0,48.0,2456.210508957859,-6.427601784437541,1.0,5.0,42106.465867849016
9.0,49.0,3471.82193905552,-5.553346703017902,1.4620944806417993,5.0,59516.947526666045
9.0,50.0,2942.957894508273,-6.709757133116468,1.0,5.0,50450.70676299896
10.0,1.0,1660.613136422978,-4.213646320619151,1.6623683978677444,5.0,28467.653767251053
10.0,2.0,1382.013231879632,-4.808366261518284,0.9999999999999998,5.0,23691.655403650835
10.0,3.0,1298.6531391694862,-3.716681671811928,0.9999999999999998,5.0,22262.62524290548
10.0,4.0,1349.3330852159552,-4.808366261518284,0.9999999999999996,5.0,23131.424317987803
10.0,5.0,967.2168420464416,-4.708458395156125,1.0,5.0,16580.860149367567
10.0,6.0,1795.0064728269117,-6.108320605430401,1.6176523139175405,5.0,30771.539534175623
10.0,7.0,1257.362901944181,-3.43238516340004,1.0,5.0,21554.792604757386
10.0,8.0,1384.4903980567608,-3.765551440445353,1.0,5.0,23734.12110954447
10.0,9.0,1257.9891247777364,-3.43238516340004,1.0,5.0,21565.527853332624
10.0,10.0,462.089456797254,-0.0875169423932022,0.0,0.0,7921.533545095783
10.0,11.0,2590.6751473504464,-5.944419045174793,1.8095267427836637,5.0,44411.573954579086
10.0,12.0,924.178913594508,-3.607030472761635,1.0,5.0,15843.067090191566
10.0,13.0,1008.0470954905462,-3.426318450769932,1.0,5.0,17280.807351266507
10.0,14.0,1929.364096669048,-4.621715945570479,1.5698083990038223,5.0,33074.81308575511
10.0,15.0,2052.2043484664027,-5.097042313856375,2.0737819613161586,5.0,35180.64597370976
10.0,16.0,1908.503141788417,-4.621450223543016,1.5760336069121776,5.0,32717.196716372862
10.0,17.0,2594.109942442205,-5.944290168578267,1.8084708008144104,5.0,44470.45615615208
10.0,18.0,927.161396972819,-3.607030472761635,1.0,5.0,15894.195376676897
10.0,19.0,1487.4102170320168,-5.614938129065641,0.9999999999999998,5.0,25498.460863406
10.0,20.0,1202.8376553399075,-5.430301477079059,1.0,5.0,20620.07409154127
10.0,21.0,3220.4098064077275,-7.497376932195946,1.724748742363377,5.0,55207.02525270391
10.0,22.0,2734.99144403826,-5.249020770356503,1.989384993272657,5.0,46885.56761208445
10.0,23.0,3267.627956267708,-5.604211254954424,2.4798541224003863,5.0,56016.47925030357
10.0,24.0,3448.164939390625,-5.762904054314473,2.4886671914015537,5.0,59111.398960982144
10.0,25.0,2982.775455974157,-5.473210492623485,2.1036980214155934,5.0,51133.29353098555
10.0,26.0,3295.998761334376,-5.310102553697365,2.2971640089510745,5.0,56502.8359085893
10.0,27.0,1736.4818759629477,-5.812583178579229,0.9999999999999998,5.0,29768.260730793383
10.0,28.0,2027.1385062741972,-4.378766156295133,1.5423581534879458,5.0,34750.94582184338
10.0,29.0,2297.586258928131,-4.8787596449379285,1.4786060203924691,5.0,39387.193010196526
10.0,30.0,2581.0595456166725,-4.899259313153307,2.063277776370898,5.0,44246.735067714384
10.0,31.0,2568.8294271825152,-5.58538185318339,2.260518927549241,5.0,44037.075894557405
10.0,32.0,2532.653607763169,-4.953371349318582,2.0687186665336466,5.0,43416.91899022576
10.0,33.0,2542.3713454076965,-5.585636323465035,2.2736144141889483,5.0,43583.50877841766
10.0,34.0,2819.146831890216,-4.999362045567497,1.9597598124209796,5.0,48328.231403832266
10.0,35.0,2584.5498751053765,-6.542272128147176,1.0,5.0,44306.56928752074
10.0,36.0,2822.7925666696524,-5.664626792490148,2.14739440328983,5.0,48390.7297143369
10.0,37.0,2813.801123522044,-6.546662729965337,1.0,5.0,48236.59068894931
10.0,38.0,3539.3155845440647,-5.498430346086299,2.2078897470227257,5.0,60673.98144932683
10.0,39.0,3029.3000714856485,-5.47236619769223,2.08652574762176,5.0,51930.85836832541
10.0,40.0,3271.505167005303,-5.609277309612821,2.478094415322009,5.0,56082.94572009091
10.0,41.0,2050.6872112800656,-5.621959476906995,1.0,5.0,35154.63790765827
10.0,42.0,1704.709104572103,-5.790762031959094,1.0,5.0,29223.58464980747
10.0,43.0,1963.453762890723,-5.463537035334214,1.0,5.0,33659.207363840964
10.0,44.0,1706.3239632380012,-5.790762031959094,1.0,5.0,29251.267941222875
10.0,45.0,2756.5548233682366,-5.309088497512876,1.3878966714804768,5.0,47255.22554345549
10.0,46.0,1980.2317928992409,-6.034161715431876,1.0,5.0,33946.830735415555
10.0,47.0,2525.45641646864,-6.5734749185642025,1.0,5.0,43293.53856803382
10.0,48.0,2242.213060185532,-6.299271849711298,1.0,5.0,38437.93817460912
10.0,49.0,3221.1995171921963,-5.760969007011372,1.7586237987609254,5.0,55220.56315186623
10.0,50.0,2728.960445735947,-6.545298887021029,0.9999999999999996,5.0,46782.17906975909
11.0,1.0,1433.3488895137637,-2.574447332943682,1.0,5.0,24571.695248807377
11.0,2.0,2244.900541151457,-4.191929226510546,1.488568713065243,5.0,38484.00927688212
11.0,3.0,1093.877606270786,-1.9774763958194013,1.0,5.0,18752.18753607062
11.0,4.0,2212.093648237447,-4.1926897287574585,1.495904820052313,5.0,37921.60539835623
11.0,5.0,1779.8817229865558,-3.773396606860112,1.0,5.0,30512.25810834096
11.0,6.0,2624.1284008839166,-5.0945143543307445,1.0,5.0,44985.058300867146
11.0,7.0,991.8264622058232,-3.159915270741253,1.0,5.0,17002.739352099827
11.0,8.0,1118.9539583184032,-3.5201408898470854,1.0,5.0,19182.067856886915
11.0,9.0,992.4526850393784,-3.159915270741253,1.0,5.0,17013.474600675057
11.0,10.0,1073.36611065343,-3.5201408898470854,1.0,5.0,18400.561896915944
11.0,11.0,359.701690347904,-0.0681253199999478,0.0,0.0,6166.3146916783535
11.0,12.0,719.403380695808,-0.880143468628509,1.0,5.0,12332.629383356709
11.0,13.0,803.2715625918462,-1.1046801330262368,1.0,5.0,13770.36964443165
11.0,14.0,1716.4907796301677,-3.1939810644544595,1.0,5.0,29425.556222231444
11.0,15.0,1862.7476654260024,-3.5205700160252125,1.0,5.0,31932.81712158861
11.0,16.0,1695.6397720705957,-3.1939810644544595,1.0,5.0,29068.11037835307
11.0,17.0,2367.186426346708,-5.080685772501237,1.7718147943960183,5.0,40580.33873737213
11.0,18.0,722.3858640741189,-0.8801434686285093,1.0000000000000002,5.0,12383.757669842038
11.0,19.0,1282.6346841333168,-4.371433491704597,1.0,5.0,21988.023156571147
11.0,20.0,998.0621224412076,-3.874353353049812,1.0,5.0,17109.636384706417
11.0,21.0,3023.0324716331443,-6.862032996794014,1.7737973361330757,5.0,51823.413799425325
11.0,22.0,2521.0964102860826,-4.25126384626105,1.635667139797902,5.0,43218.79560490428
11.0,23.0,3051.111353232611,-4.646947643203663,2.223217676426457,5.0,52304.766055416185
11.0,24.0,3231.929391278296,-4.852681690770762,2.24722808101353,5.0,55404.50385048508
11.0,25.0,2786.447219800214,-4.487933769809328,1.7857995779313467,5.0,47767.66662514652
11.0,26.0,3080.7883144801817,-4.419073487006655,2.030892872068802,5.0,52813.513962517405
11.0,27.0,1531.7063430642474,-4.730515318518827,1.0,5.0,26257.82302395853
11.0,28.0,1814.1429163331368,-2.95794214115264,1.0,5.0,31099.59285142521
11.0,29.0,2084.1546828498454,-3.645116937510857,1.0,5.0,35728.36599171163
11.0,30.0,2378.163313584697,-3.391500993087321,1.0,5.0,40768.51394716623
11.0,31.0,2354.647901288184,-4.328526134625569,1.454336898427074,5.0,40365.39259351173
11.0,32.0,2318.9117579557605,-3.867725216850143,1.691329339837378,5.0,39752.77299352733
11.0,33.0,2328.203136352812,-4.329083287914084,1.4594890582515962,5.0,39912.05376604821
11.0,34.0,2605.222230096043,-3.988592044251008,1.6150746718037303,5.0,44660.95251593216
11.0,35.0,2379.774342206676,-5.781724708221203,1.0000000000000002,5.0,40796.13158068587
11.0,36.0,2608.3044525353016,-4.484538144456763,1.4102303665015272,5.0,44713.79061489088
11.0,37.0,2609.0255906233438,-5.815211833081362,1.0000000000000002,5.0,44726.15298211446
11.0,38.0,3323.9984204490147,-4.65867607510592,1.95532405659463,5.0,56982.83006484025
11.0,39.0,2832.875340623541,-4.486104427108862,1.7726406979147649,5.0,48563.57726783213
11.0,40.0,3054.991124620564,-4.654040130659614,2.2216610082333745,5.0,52371.2764220668
11.0,41.0,1845.9116783813656,-4.6386944891489605,1.0,5.0,31644.20020082341
11.0,42.0,1499.9335716734029,-4.694195271906652,1.0,5.0,25713.14694297262
11.0,43.0,1758.678229992023,-4.428651598996044,0.9999999999999998,5.0,30148.76965700611
11.0,44.0,1501.5484303393014,-4.694195271906652,1.0,5.0,25740.830234388024
11.0,45.0,2551.7635863138016,-4.462549623811754,1.4189925708684188,5.0,43744.51862252232
11.0,46.0,1775.4562600005409,-5.072633991850989,1.0,5.0,30436.3930285807
11.0,47.0,2320.68088356994,-5.798240733915607,1.0,5.0,39783.10086119897
11.0,48.0,2037.437527286832,-5.4420137073467885,1.0,5.0,34927.50046777426
11.0,49.0,3016.0393517545867,-5.025578437452566,1.812938009693471,5.0,51703.53174436434
11.0,50.0,2524.184912837246,-5.806541463219434,1.0,5.0,43271.74136292422
12.0,1.0,1065.3310572637645,-2.298372724561484,0.9999999999999998,5.0,18262.818124521677
12.0,2.0,1877.01958124212,-3.993068955015655,1.586233014792204,5.0,32177.478535579205
12.0,3.0,725.8597740207867,-1.7043826751324007,1.0,5.0,12443.310411784914
12.0,4.0,1844.181212611064,-3.9943011621650224,1.5968278345288571,5.0,31614.53507333253
12.0,5.0,1411.8638907365562,-3.692493798414337,1.0,5.0,24203.38098405525
12.0,6.0,2256.110568633917,-4.9491427286424985,1.0,5.0,38676.18117658144
12.0,7.0,1748.5733263583263,-3.899733465948079,1.6376298691153317,5.0,29975.542737571308
12.0,8.0,1874.8967363639777,-4.223515676730616,1.593781384947992,5.0,32141.08690909676
12.0,9.0,1749.1998303479995,-3.8997050625453142,1.6373980044599012,5.0,29986.282805965704
12.0,10.0,1829.2867177291264,-4.225337838099054,1.6087941976096256,5.0,31359.20087535645
12.0,11.0,1986.240414751684,-4.701214915217463,1.0,5.0,34049.83568145744
12.0,12.0,217.6268651709233,-0.041217209226943,0.0,0.0,3730.746260072972
12.0,13.0,435.2537303418467,-0.5334296504921097,0.9999999999999998,5.0,7461.492520145944
12.0,14.0,1348.472947380168,-2.9591289062384893,1.0,5.0,23116.679097945736
12.0,15.0,1475.9924776829516,-3.756107286325774,1.7613417425214657,5.0,25302.7281888506
12.0,16.0,1327.6219398205958,-2.9591289062384893,1.0,5.0,22759.23325406736
12.0,17.0,1989.6921223980871,-4.701214915217463,1.0,5.0,34109.007812538635
12.0,18.0,1422.6242472401657,-3.078391423402784,1.0,5.0,24387.84423840284
12.0,19.0,914.6168518833172,-5.150700689086597,1.0,5.0,15679.14603228544
12.0,20.0,630.0442901912081,-5.471823518963985,1.0,5.0,10800.75926042071
12.0,21.0,2682.020019845357,-6.823637022899917,1.8810309776582352,5.0,45977.48605449184
12.0,22.0,2153.3265370368026,-3.973255626104804,1.7447242436376484,5.0,36914.16920634519
12.0,23.0,2683.265598611345,-4.321567051758577,2.3911877883196517,5.0,45998.838833337344
12.0,24.0,2864.0209595348883,-4.537950972153356,2.407629304785934,5.0,49097.502163455225
12.0,25.0,2413.5706669247484,-4.270159319995062,1.8929944150549236,5.0,41375.4971472814
12.0,26.0,2712.951419799557,-4.069492435947081,2.171001125202688,5.0,46507.73862513526
12.0,27.0,1163.6885108142478,-5.221696403801214,1.0,5.0,19948.945899672817
12.0,28.0,1446.125084083138,-2.618775611383712,1.0,5.0,24790.71572713951
12.0,29.0,1716.136850599846,-3.377111631599524,1.0,5.0,29419.48886742593
12.0,30.0,2001.3321712231068,-3.497710378953458,1.8249796112183077,5.0,34308.551506681826
12.0,31.0,1986.661549922729,-4.12440074753024,1.5382940869810873,5.0,34057.055141532495
12.0,32.0,1951.2076067989387,-3.5702133430770733,1.8222893845724728,5.0,33449.27325941038
12.0,33.0,1960.219778637601,-4.125232631745753,1.5455415173320128,5.0,33603.76763378744
12.0,34.0,2237.189040008564,-3.691265692524568,1.7169456815338178,5.0,38351.81211443253
12.0,35.0,2011.7565099566768,-5.836478812538276,1.0,5.0,34487.25445640017
12.0,36.0,2240.324276011509,-4.244700390903119,1.477471539828879,5.0,38405.55901734015
12.0,37.0,2241.007758373343,-5.799629537660959,1.0,5.0,38417.27585782874
12.0,38.0,2956.1209953372763,-4.312782094529807,2.074457178122996,5.0,50676.35992006759
12.0,39.0,2459.897457825748,-4.269482064815065,1.8760511825401087,5.0,42169.67070558425
12.0,40.0,2687.14386250746,-4.328662251854768,2.3891745990439666,5.0,46065.32335727075
12.0,41.0,1477.893846131366,-4.749932643644018,1.0,5.0,25335.323076537705
12.0,42.0,1131.9157394234037,-5.208459317486334,0.9999999999999998,5.0,19404.26981868692
12.0,43.0,1390.6603977420236,-4.5532739771813295,1.0,5.0,23839.892532720405
12.0,44.0,1133.5305980893015,-5.208459317486334,1.0,5.0,19431.953110102317
12.0,45.0,2183.732496389003,-4.224337484078943,1.489518298206248,5.0,37435.41422381147
12.0,46.0,1407.4384277505417,-5.390589882048726,1.0,5.0,24127.515904295
12.0,47.0,1952.6630513199405,-5.907419146879925,1.0,5.0,33474.22373691326
12.0,48.0,1669.4196950368323,-5.634811276535508,1.0,5.0,28618.62334348856
12.0,49.0,2658.216283520375,-4.776262023558266,1.933155368065782,5.0,45569.422003206426
12.0,50.0,2156.1670805872463,-5.807868906636704,1.0,5.0,36962.8642386385
13.0,1.0,854.2946081915161,-2.238184720996585,1.0,5.0,14645.050426140277
13.0,2.0,1666.3111711035888,-3.925627240410877,1.6621395154315566,5.0,28565.334361775807
13.0,3.0,514.8233249485387,-1.7572871153076373,1.0000000000000002,5.0,8825.542713403522
13.0,4.0,1633.4495922190808,-3.927317190725112,1.675688268224031,5.0,28001.99300946996
13.0,5.0,1200.8274416643085,-3.766591286412085,1.0,5.0,20585.61328567385
13.0,6.0,2045.0741195616688,-4.9073933264650265,1.0,5.0,35058.41347820004
13.0,7.0,1541.7893031392796,-3.210025473149505,1.0000000000000002,5.0,26430.673768101933
13.0,8.0,1668.9167992518596,-3.5703808031259725,1.0000000000000002,5.0,28610.00227288902
13.0,9.0,1542.415525972835,-3.210025473149505,1.0000000000000002,5.0,26441.40901667717
13.0,10.0,1623.3289515868864,-3.5703808031259725,1.0000000000000002,5.0,27828.49631291805
13.0,11.0,2918.5716203265915,-5.606794221625265,1.8249087726756563,5.0,50032.65634845585
13.0,12.0,1208.6053147896062,-3.0239146259013143,1.0000000000000002,5.0,20718.948253536106
13.0,13.0,257.4116624742693,-0.0487522087005403,0.0,0.0,4412.771356701761
13.0,14.0,1137.43649830792,-2.8988377982382136,1.0,5.0,19498.911399564346
13.0,15.0,1283.6933841037546,-3.261334606891703,1.0,5.0,22006.17229892151
13.0,16.0,1116.585490748348,-2.8988377982382136,1.0,5.0,19141.465555685965
13.0,17.0,2922.0270395401194,-5.606639135275944,1.8239292593099616,5.0,50091.89210640205
13.0,18.0,1211.5877981679173,-3.0239146259013143,1.0000000000000004,5.0,20770.07654002144
13.0,19.0,1853.9330629548097,-4.439824640896676,0.9999999999999998,5.0,31781.709650653884
13.0,20.0,1548.509026281471,-4.152873809191832,1.7118095239003863,5.0,26545.86902196808
13.0,21.0,2536.337914816938,-6.256649850739569,1.0,5.0,43480.07853971894
13.0,22.0,1944.4652950451837,-3.35915579660396,1.0,5.0,33333.69077220315
13.0,23.0,2474.492789850032,-3.916384821804142,1.8622175344638952,5.0,42419.87639742912
13.0,24.0,2655.422703255616,-4.146397591735566,1.9161135452514524,5.0,45521.53205581056
13.0,25.0,2217.792429022812,-3.6313337958363214,1.2437908338469987,5.0,38019.2987832482
13.0,26.0,2503.9255079973373,-3.6347449476965528,1.629891254432415,5.0,42924.43727995435
13.0,27.0,2088.3432673830785,-3.0591678450941258,1.0,5.0,35800.17029799563
13.0,28.0,1235.08863501089,-2.458910599668025,1.0,5.0,21172.94802875811
13.0,29.0,1505.100401527598,-3.262033101469733,1.0,5.0,25801.72116904454
13.0,30.0,1799.109032262449,-2.7573908724864378,1.0,5.0,30841.869124499128
13.0,31.0,1775.6314412183312,-4.048141446179985,1.6020961621483218,5.0,30439.396135171395
13.0,32.0,1742.123345781768,-2.889150822787716,1.0,5.0,29864.971641973163
13.0,33.0,1749.19188993955,-4.049219487488664,1.6111779340207688,5.0,29986.146684678
13.0,34.0,2028.6031292929565,-3.009553218148252,1.0,5.0,34776.05364502211
13.0,35.0,2964.922107565396,-4.760894241940026,1.0,5.0,50827.2361296925
13.0,36.0,2029.3030336275103,-4.133257190668756,1.5270065706652067,5.0,34788.05200504304
13.0,37.0,3094.6517525982326,-5.409764284294844,1.503400991969657,5.0,53051.17290168399
13.0,38.0,2747.1688002451247,-3.897327408213621,1.5739809266235751,5.0,47094.32228991642
13.0,39.0,2264.0241459699364,-3.631784846877697,1.238816612589881,5.0,38811.842502341766
13.0,40.0,2478.373143884822,-3.924065196525555,1.8608646828659776,5.0,42486.39675231124
13.0,41.0,2417.2100572028576,-4.952611583816947,1.0,5.0,41437.88669490613
13.0,42.0,2085.0813370321225,-2.9130316788639155,1.0,5.0,35744.251491979245
13.0,43.0,2343.825995350743,-3.096903404005696,0.9999999999999998,5.0,40179.87420601274
13.0,44.0,2086.696195698021,-2.9130316788639155,1.0,5.0,35771.93478339464
13.0,45.0,3131.064126494228,-3.725852976195055,1.0,5.0,53675.38502561534
13.0,46.0,2360.604025359261,-3.568011060391096,0.9999999999999998,5.0,40467.49757758733
13.0,47.0,2905.8286489286597,-4.68814457078844,1.0000000000000002,5.0,49814.20541020559
13.0,48.0,2622.585292645552,-4.157083986850355,1.0,5.0,44958.60501678088
13.0,49.0,3656.637124417044,-4.272324349633049,1.0,5.0,62685.20784714932
13.0,50.0,3109.332678195966,-4.883720731843855,0.9999999999999996,5.0,53302.84591193084
14.0,1.0,1161.6465675962972,-2.7244761438111453,1.0,5.0,19913.941158793667
14.0,2.0,1973.3840676578975,-4.242956570862668,1.5570874106955952,5.0,33829.44115984967
14.0,3.0,822.1752843533199,-2.283058616240715,1.0,5.0,14094.433446056912
14.0,4.0,1940.5554199881717,-4.244051446841753,1.5666461184148217,5.0,33266.66434265436
14.0,5.0,1508.1794010690894,-3.975796889173981,1.0000000000000002,5.0,25854.504018327247
14.0,6.0,2352.4260789664504,-5.151499364368113,1.0,5.0,40327.30421085344
14.0,7.0,1836.2917104189112,-4.1183904980525785,1.6025017057339292,5.0,31479.28646432419
14.0,8.0,1962.137042102252,-4.418652777376869,1.5632853357310266,5.0,33636.63500746718
14.0,9.0,1836.917312468801,-4.11840913659988,1.6022951465658837,5.0,31490.011070893728
14.0,10.0,1916.5944902553592,-4.417460717830659,1.5767470356513174,5.0,32855.905547234725
14.0,11.0,2076.9488216005416,-4.205656300169951,1.0000000000000002,5.0,35604.836941723566
14.0,12.0,1517.0502115515385,-3.6469484751869903,1.7013266912643783,5.0,26006.575055169225
14.0,13.0,1601.0730042694186,-3.708115429883336,1.6644707348629513,5.0,27446.965787475747
14.0,14.0,217.54278994056,-0.0412012858878922,0.0,0.0,3729.3049704095993
14.0,15.0,435.08557988112,-1.813494389378999,1.0,5.0,7458.6099408191985
14.0,16.0,1423.9374501531292,-3.2979438196438444,1.0,5.0,24410.35628833936
14.0,17.0,2080.4005292469446,-4.205656300169951,1.0000000000000002,5.0,35664.009072804765
14.0,18.0,1520.0324216206704,-3.646894860209469,1.699951354257044,5.0,26057.69865635435
14.0,19.0,1005.3252587321748,-3.651487306783437,1.0,5.0,17234.14729255157
14.0,20.0,720.7526970400656,-2.919419842567324,1.0,5.0,12355.76052068684
14.0,21.0,2420.875733308493,-7.4910714783817935,1.0,5.0,41500.72685671703
14.0,22.0,2245.377036429234,-4.116162112278547,1.7105818317810209,5.0,38492.1777673583
14.0,23.0,2771.511921521106,-4.709466281206959,1.7752408811572835,5.0,47511.632940361815
14.0,24.0,2952.6131650798734,-4.888182304595116,1.8294811998822773,5.0,50616.22568708355
14.0,25.0,2486.685132719319,-4.450144830738305,1.859049175220328,5.0,42628.88798947404
14.0,26.0,2805.626964278693,-4.120926015520616,1.568828953042349,5.0,48096.46224477759
14.0,27.0,1254.3969176631051,-4.104396817666755,1.0,5.0,21503.947159938947
14.0,28.0,1539.8012751469062,-3.417593284327836,1.706500111639124,5.0,26396.59328823268
14.0,29.0,1809.388064369637,-4.041466046406259,1.6003760258062754,5.0,31018.081103479493
14.0,30.0,2086.60236133772,-3.667351704670812,1.7845713127420222,5.0,35770.32619436091
14.0,31.0,2082.9726851071027,-4.366246710211974,1.5134618627535823,5.0,35708.10317326462
14.0,32.0,2043.0684678283317,-3.740905960812823,1.7813934797123552,5.0,35024.03087705711
14.0,33.0,2056.530040717897,-4.366989984893841,1.520051953641693,5.0,35254.80069802109
14.0,34.0,2328.753025492528,-3.840628947418737,1.6854102922303116,5.0,39921.48043701477
14.0,35.0,2102.464916805533,-5.2998137003020425,1.0000000000000004,5.0,36042.25571666629
14.0,36.0,2336.6325189852128,-4.477354731165537,1.4578315744890793,5.0,40056.55746831793
14.0,37.0,2331.7161652222007,-5.329970501583107,1.0,5.0,39972.27711809487
14.0,38.0,3048.490457393079,-4.374485353041658,1.523504246480809,5.0,52259.83641245279
14.0,39.0,2533.376747178056,-4.450561482769618,1.8430973031297329,5.0,43429.315665909526
14.0,40.0,2775.3986256674084,-4.71540063735303,1.7741591753043395,5.0,47578.262154298434
14.0,41.0,1568.6022529802235,-3.983924009461137,1.0000000000000002,5.0,26890.32433680383
14.0,42.0,1222.6241462722608,-4.060173776657738,1.0000000000000002,5.0,20959.27107895304
14.0,43.0,1481.3688045908812,-3.72951062264729,1.0,5.0,25394.89379298653
14.0,44.0,1224.2390049381593,-4.060173776657738,1.0,5.0,20986.954370368447
14.0,45.0,2276.486435667367,-3.8330333018246954,1.468699731704408,5.0,39025.481754297725
14.0,46.0,1498.1468345993983,-4.509179769561106,1.0000000000000002,5.0,25682.517164561115
14.0,47.0,2043.371458168798,-5.324659142911028,1.0000000000000002,5.0,35029.22499717939
14.0,48.0,1760.1281018856898,-4.929516114854268,1.0000000000000004,5.0,30173.62460375468
14.0,49.0,2738.7146464373063,-4.48407096597624,1.9051193417881245,5.0,46949.393938925255
14.0,50.0,2246.875487436104,-5.321945165397523,1.0000000000000002,5.0,38517.86549890463
15.0,1.0,1041.4190414838524,-2.2861964652660074,1.0000000000000002,5.0,17852.8978540089
15.0,2.0,1853.1325980175372,-3.9832548670027257,1.593947811254071,5.0,31767.98739458636
15.0,3.0,701.9477582408751,-1.697229528215468,1.0,5.0,12033.390141272144
15.0,4.0,1820.291811603821,-3.984529902346901,1.6048259793749322,5.0,31205.002484636934
15.0,5.0,1387.951874956645,-3.6949227565380713,1.0,5.0,23793.46071354249
15.0,6.0,2232.198552854006,-4.942543516524296,1.0,5.0,38266.26090606867
15.0,7.0,1717.2092543490392,-3.82842118303493,1.6449691858181787,5.0,29437.872931697813
15.0,8.0,1842.9546461166171,-4.153578971931019,1.6002335476348142,5.0,31593.50821914201
15.0,9.0,1717.8348524974488,-3.828442384949514,1.644732479095515,5.0,29448.597471384837
15.0,10.0,1797.4129790856596,-4.152227395525748,1.615543647907167,5.0,30812.79392718273
15.0,11.0,1956.7212954880968,-3.940597605483988,1.0,5.0,33543.79363693881
15.0,12.0,1395.729748081943,-3.068517488733004,1.0000000000000002,5.0,23926.795681404736
15.0,13.0,1480.7021216632131,-3.378593049915584,1.7185386146868775,5.0,25383.464942797946
15.0,14.0,1324.560931600257,-2.948532030100507,1.0000000000000002,5.0,22706.758827432976
15.0,15.0,300.26258546381064,-0.0568679137953152,0.0,0.0,5147.35860795104
15.0,16.0,1303.7099240406849,-2.948532030100507,1.0000000000000002,5.0,22349.31298355459
15.0,17.0,1960.1730031345005,-3.940597605483988,1.0,5.0,33602.96576802
15.0,18.0,1398.712231460254,-3.068517488733004,1.0000000000000002,5.0,23977.923967890067
15.0,19.0,885.0977326197303,-3.339907335207923,1.0,5.0,15173.103987766804
15.0,20.0,600.5251709276213,-2.420229555439698,0.9999999999999998,5.0,10294.71721590208
15.0,21.0,2300.648207196048,-7.410634321870208,1.0,5.0,39439.68355193225
15.0,22.0,2125.3715317020333,-3.840679364004115,1.750801581376743,5.0,36434.94054346343
15.0,23.0,2651.200539987965,-4.452595631404541,2.2120464831885505,5.0,45449.1521140794
15.0,24.0,2832.439132747769,-4.644739468902129,2.2406168495235272,5.0,48556.09941853319
15.0,25.0,2359.099169609489,-4.201786320833588,1.9087452937229292,5.0,40441.70005044838
15.0,26.0,2685.6309899860225,-3.85243403132122,1.5942524626762866,5.0,46039.38839976039
15.0,27.0,1134.169391550661,-3.846653635830529,1.0,5.0,19442.90385515419
15.0,28.0,1419.8033674372666,-3.0766281236817443,1.7668572697914091,5.0,24339.48629892457
15.0,29.0,1689.322048090833,-3.762694064179753,1.6434098433252182,5.0,28959.806538699995
15.0,30.0,1967.204461302378,-3.361792448094968,1.8332425399374428,5.0,33723.50505089791
15.0,31.0,1962.750839545929,-4.113872418862719,1.544835824906304,5.0,33647.15724935879
15.0,32.0,1923.513712266556,-3.4161519713083512,1.8298530117052207,5.0,32974.52078171239
15.0,33.0,1936.309298572954,-4.114728069467974,1.5522616933691165,5.0,33193.873689822074
15.0,34.0,2208.837766816822,-3.5457922097173213,1.7226641673840728,5.0,37865.79028828838
15.0,35.0,1982.2373906930895,-5.105617705054442,1.0000000000000002,5.0,33981.21241188153
15.0,36.0,2216.4143072807383,-4.230876445755624,1.4826114152557477,5.0,37995.67383909837
15.0,37.0,2211.4886391097566,-5.131746617201372,1.0,5.0,37911.23381331012
15.0,38.0,2928.4652836424134,-4.121561483437851,1.5449612026256956,5.0,50202.26200529852
15.0,39.0,2405.5320033722383,-4.2019941094607685,1.89116686599387,5.0,41237.69148638123
15.0,40.0,2655.0874064821983,-4.45893363057403,2.210275797312474,5.0,45515.784111123394
15.0,41.0,1448.3747268677791,-3.702979279584524,1.0000000000000002,5.0,24829.28103201907
15.0,42.0,1102.3966201598164,-3.798278696021094,1.0,5.0,18898.22777416828
15.0,43.0,1361.1412784784363,-3.4241472614235287,1.0000000000000002,5.0,23333.85048820177
15.0,44.0,1104.011478825715,-3.798278696021094,1.0,5.0,18925.91106558368
15.0,45.0,2156.1080315216605,-3.544063329631322,1.4948945810635896,5.0,36961.85196894276
15.0,46.0,1377.9193084869542,-4.282197312645369,1.0,5.0,23621.47385977636
15.0,47.0,1923.1439320563536,-5.13643113531549,1.0,5.0,32968.18169239463
15.0,48.0,1639.9005757732457,-4.72513065354261,1.0,5.0,28112.58129896993
15.0,49.0,2620.564015215602,-4.237683896406175,1.9497102694263848,5.0,44923.95454655318
15.0,50.0,2126.64796132366,-5.124604474870729,1.0,5.0,36456.822194119886
16.0,1.0,1140.7955600367254,-2.71837664007902,1.0,5.0,19556.495314915293
16.0,2.0,1952.5494797150304,-4.235218585986296,1.5631485278398238,5.0,33472.27679511481
16.0,3.0,801.3242767937477,-2.2867886127316908,1.0,5.0,13736.987602178531
16.0,4.0,1919.7189166779283,-4.236345223425399,1.5729182367068937,5.0,32909.4671430502
16.0,5.0,1487.3283935095174,-3.978410219959102,1.0,5.0,25497.058174448863
16.0,6.0,2331.575071406878,-5.146001361195861,1.0,5.0,39969.85836697506
16.0,7.0,1815.647372896543,-4.1095062290786,1.6094612467250866,5.0,31125.383535369307
16.0,8.0,1941.4742651036777,-4.410483282005551,1.5693636200415184,5.0,33282.4159732059
16.0,9.0,1816.2729742372712,-4.1095253001032575,1.6092498876932133,5.0,31136.10812978179
16.0,10.0,1895.931864175012,-4.40926431716334,1.5831210260923407,5.0,32501.689100143063
16.0,11.0,2056.0978140409698,-4.194719985529581,1.0,5.0,35247.3910978452
16.0,12.0,1496.1945462389713,-3.6438382009655776,1.7110949666949855,5.0,25649.04936409665
16.0,13.0,1580.2144186375413,-3.700558959831728,1.6732382366182452,5.0,27089.39003378642
16.0,14.0,1423.9374501531292,-3.2909686136090643,1.0,5.0,24410.35628833936
16.0,15.0,414.234572321548,-1.88961691239632,1.0,5.0,7101.164096940822
16.0,16.0,207.117286160774,-0.0392267586609791,0.0,0.0,3550.582048470411
16.0,17.0,2059.549521687373,-4.194719985529581,1.0,5.0,35306.5632289264
16.0,18.0,1499.1767524754316,-3.643782902522545,1.709681089291517,5.0,25700.172899578825
16.0,19.0,984.4742511726027,-3.6805261119552304,1.0,5.0,16876.70144867319
16.0,20.0,699.9016894804937,-2.970857865287104,1.0,5.0,11998.314676808464
16.0,21.0,2400.024725748921,-7.50563380854335,1.0,5.0,41143.28101283865
16.0,22.0,2224.5643334424944,-4.10091251658336,1.7172453675125037,5.0,38135.388573299904
16.0,23.0,2750.6622201757004,-4.694215506152841,1.7811001653759184,5.0,47154.20948872629
16.0,24.0,2931.7650489077337,-4.872884744505889,1.8353675503562965,5.0,50258.82940984686
16.0,25.0,2465.7687485772285,-4.435111490104292,1.8664216854990603,5.0,42270.32140418106
16.0,26.0,2784.815848287344,-4.099980180608915,1.5730810541720088,5.0,47739.70025635447
16.0,27.0,1233.5459101035335,-4.123188226094829,1.0,5.0,21146.50131606057
16.0,28.0,1518.9891836008526,-3.4094105498664704,1.716277388004895,5.0,26039.814576014614
16.0,29.0,1788.5645211721849,-4.03472876881836,1.6074219070105091,5.0,30661.10607723745
16.0,30.0,2065.910854144689,-3.650290681718535,1.7926004783447171,5.0,35415.6146424804
16.0,31.0,2062.1232508831017,-4.3578444739857,1.5186414360161449,5.0,35350.68430085317
16.0,32.0,2022.2816394673189,-3.72409079734918,1.789439801638539,5.0,34667.68524801118
16.0,33.0,2035.680790575029,-4.358605465177072,1.5253660243987053,5.0,34897.38498128621
16.0,34.0,2307.955767229194,-3.821497032209973,1.6915934271524726,5.0,39564.95600964332
16.0,35.0,2081.6139092459625,-5.299990222756115,1.0,5.0,35684.80987278793
16.0,36.0,2315.783541680245,-4.466130021412705,1.461945101636557,5.0,39699.14642880421
16.0,37.0,2310.8651576626294,-5.326447681841197,1.0,5.0,39614.8312742165
16.0,38.0,3027.6743305704813,-4.353925691567779,1.527103575412971,5.0,51902.98852406539
16.0,39.0,2512.463882491632,-4.435531747405255,1.850197236471784,5.0,43070.80941414226
16.0,40.0,2754.548990759857,-4.700125905970874,1.7800020581038534,5.0,47220.839841597546
16.0,41.0,1547.751245420652,-3.983749712676212,1.0,5.0,26532.87849292546
16.0,42.0,1201.773138712689,-4.079835342668583,1.0,5.0,20601.82523507467
16.0,43.0,1460.517797031309,-3.728945112466583,1.0,5.0,25037.44794910816
16.0,44.0,1203.3879973785874,-4.079835342668583,1.0,5.0,20629.50852649007
16.0,45.0,2255.6109483454184,-3.815445909146322,1.4730420934945658,5.0,38667.61625735003
16.0,46.0,1477.295827039827,-4.521161896111441,1.0,5.0,25325.07132068275
16.0,47.0,2022.520450609226,-5.327777199480845,1.0,5.0,34671.77915330102
16.0,48.0,1739.277094326118,-4.936269802611585,1.0,5.0,29816.17875987631
16.0,49.0,2718.476516930766,-4.467577604235953,1.9125480069668512,5.0,46602.45457595599
16.0,50.0,2226.024479876532,-5.319310696643863,1.0,5.0,38160.41965502626
17.0,1.0,1436.8005971601667,-2.5775465312247148,1.0,5.0,24630.86737988857
17.0,2.0,2248.352580305811,-4.194122400636676,1.4878065222119763,5.0,38543.18709095676
17.0,3.0,1097.329313917189,-1.9808461794586856,1.0,5.0,18811.359667151813
17.0,4.0,2215.54593798967,-4.194879725943207,1.4951195824217196,5.0,37980.78750839435
17.0,5.0,1783.3334306329584,-3.7749216293620975,1.0000000000000002,5.0,30571.430239422145
17.0,6.0,2627.580108530319,-5.096191764922005,1.0,5.0,45044.23043194833
17.0,7.0,995.2781698522264,-3.1571662972144923,1.0000000000000002,5.0,17061.911483181022
17.0,8.0,1122.4056659648063,-3.517944011039063,1.0,5.0,19241.23998796811
17.0,9.0,995.9043926857815,-3.1571662972144923,1.0,5.0,17072.646731756256
17.0,10.0,1076.817818299833,-3.517944011039063,1.0,5.0,18459.73402799714
17.0,11.0,2367.1927765158453,-5.081943423490496,1.7718147943960183,5.0,40580.447597414495
17.0,12.0,722.855088342211,-0.8854643292683618,1.0,5.0,12391.801514437902
17.0,13.0,806.7232702382494,-1.1098696379192508,1.0,5.0,13829.541775512847
17.0,14.0,1719.9424872765708,-3.1966335591033737,1.0,5.0,29484.72835331264
17.0,15.0,1866.1993730724053,-3.5229717211278926,0.9999999999999998,5.0,31991.98925266981
17.0,16.0,1699.0914797169987,-3.1966335591033737,1.0,5.0,29127.282509434262
17.0,17.0,361.4275441711055,-0.0684521862536621,0.0,0.0,6195.900757218951
17.0,18.0,725.8375717205222,-0.8854643292683618,1.0,5.0,12442.92980092324
17.0,19.0,1286.08639177972,-4.368072687398332,1.0,5.0,22047.195287652343
17.0,20.0,1001.5138300876108,-3.8684450818103793,1.0,5.0,17168.808515787612
17.0,21.0,3026.2401605798955,-6.862674096133623,1.7729154319730511,5.0,51878.4027527982
17.0,22.0,2524.5461972590874,-4.253993320204285,1.63479525929876,5.0,43277.93481015578
17.0,23.0,3054.561726423404,-4.650000162898209,2.221834035456045,5.0,52363.915310115495
17.0,24.0,3235.3802573398125,-4.855640703140082,2.245896503941146,5.0,55463.66155439679
17.0,25.0,2789.846786215672,-4.4908567209961765,1.7848044953086122,5.0,47825.94490655438
17.0,26.0,3084.238616693616,-4.422329671618127,2.029737297830573,5.0,52872.66200046199
17.0,27.0,1535.1580507106503,-4.728353282064519,1.0,5.0,26316.995155039724
17.0,28.0,1817.5946239795403,-2.9613188721314616,1.0,5.0,31158.764982506407
17.0,29.0,2087.6063904962484,-3.6478830175589785,1.0000000000000002,5.0,35787.53812279283
17.0,30.0,2381.6150212311,-3.395249524580564,1.0,5.0,40827.68607824743
17.0,31.0,2358.099243931558,-4.330731775519685,1.4536732373336323,5.0,40424.55846739813
17.0,32.0,2322.361037633855,-3.8706369176241866,1.6902982046711217,5.0,39811.903502294655
17.0,33.0,2331.6544551418688,-4.331286982557802,1.4588102712430389,5.0,39971.219231003466
17.0,34.0,2608.672094911185,-3.991772532369106,1.6142583294905344,5.0,44720.09305562032
17.0,35.0,2383.2260498530795,-5.7818842029909785,1.0,5.0,40855.30371176708
17.0,36.0,2611.755770691492,-4.4869759235067965,1.4096892293877217,5.0,44772.956068997
17.0,37.0,2612.4772982697464,-5.815858078008734,1.0,5.0,44785.32511319566
17.0,38.0,3327.449030589407,-4.661890220087227,1.9543316086203253,5.0,57041.983381532686
17.0,39.0,2836.2749080081394,-4.489032104029215,1.771678668319487,5.0,48621.85556585382
17.0,40.0,3058.4415092309027,-4.657092214527568,2.2202808846933197,5.0,52430.42587252976
17.0,41.0,1849.363386027769,-4.638760796208693,1.0,5.0,31703.372331904608
17.0,42.0,1503.385279319806,-4.691929622503935,1.0000000000000002,5.0,25772.319074053816
17.0,43.0,1762.1299376384263,-4.428706488171732,1.0,5.0,30207.941788087308
17.0,44.0,1505.0001379857044,-4.691929622503935,1.0,5.0,25800.00236546922
17.0,45.0,2555.2153602494027,-4.464979433991852,1.4184271613563677,5.0,43803.691889989765
17.0,46.0,1778.907967646944,-5.071297302300682,1.0,5.0,30495.56515966189
17.0,47.0,2324.132591216343,-5.798025006827627,1.0000000000000002,5.0,39842.27299228016
17.0,48.0,2040.889234933235,-5.441330987561816,1.0000000000000002,5.0,34986.67259885545
17.0,49.0,3019.407231095478,-5.028013503450469,1.8119577525614692,5.0,51761.26681877962
17.0,50.0,2527.636620483649,-5.80706939996402,1.0,5.0,43330.91349400542
18.0,1.0,1068.313540642075,-2.2999633354821327,1.0,5.0,18313.946411007
18.0,2.0,1879.999123454345,-3.9943264506141727,1.585284806494265,5.0,32228.55640207449
18.0,3.0,728.8422573990975,-1.705424942803944,1.0000000000000002,5.0,12494.438698270244
18.0,4.0,1847.1610528101328,-3.995553450951545,1.5958450633645564,5.0,31665.618048173703
18.0,5.0,1414.8463741148669,-3.692278062608236,1.0000000000000002,5.0,24254.509270540577
18.0,6.0,2259.093052012228,-4.949995346995729,1.0000000000000002,5.0,38727.30946306676
18.0,7.0,1751.5388009219505,-3.9012558199648977,1.6365270869194295,5.0,30026.379444376296
18.0,8.0,1877.862745171289,-4.224866088940992,1.5928249734302191,5.0,32191.93277436496
18.0,9.0,1752.1653052887998,-3.9012275113251,1.6362960236188375,5.0,30037.11951923657
18.0,10.0,1832.2527109899625,-4.226682338885367,1.6077888433318843,5.0,31410.04647411364
18.0,11.0,1989.2228981299947,-4.701766196165511,1.0,5.0,34100.963967942764
18.0,12.0,1422.6242472401657,-3.079676638556188,1.0,5.0,24387.84423840284
18.0,13.0,438.2362137201577,-0.538208319398641,1.0000000000000002,5.0,7512.620806631274
18.0,14.0,1351.4554307584788,-2.960504796689702,1.0,5.0,23167.807384431064
18.0,15.0,1478.926368345105,-3.756225564045961,1.7597189824769168,5.0,25353.02345734465
18.0,16.0,1330.6044231989067,-2.960504796689702,1.0000000000000002,5.0,22810.361540552687
18.0,17.0,1992.6746057763976,-4.701766196165511,1.0,5.0,34160.13609902396
18.0,18.0,219.11810686007885,-0.0414996413644532,0.0,0.0,3756.310403315637
18.0,19.0,917.5993352616284,-5.139324583789306,1.0,5.0,15730.274318770773
18.0,20.0,633.0267735695189,-5.44468715038846,1.0,5.0,10851.88754690604
18.0,21.0,2684.778746379128,-6.823674974490421,1.8800420588697309,5.0,46024.77850935648
18.0,22.0,2156.306619066305,-3.975377292309259,1.7436902310794369,5.0,36965.25632685094
18.0,23.0,2686.246412475757,-4.324196969260036,2.3896413223142985,5.0,46049.93849958441
18.0,24.0,2867.0023746627026,-4.540488453736916,2.4061637331330106,5.0,49148.6121370749
18.0,25.0,2416.513785514551,-4.272543847021611,1.8918847784616573,5.0,41425.95060882087
18.0,26.0,2715.9321516777286,-4.072340571389769,2.169712760747498,5.0,46558.83688590392
18.0,27.0,1166.6709941925587,-5.214826065858126,1.0000000000000002,5.0,20000.074186158152
18.0,28.0,1449.1075674614488,-2.6212837531328894,1.0000000000000002,5.0,24841.844013624835
18.0,29.0,1719.1193339781566,-3.3789989488052177,1.0000000000000002,5.0,29470.61715391125
18.0,30.0,2004.2962256291348,-3.5002676057977298,1.8237202669349268,5.0,34359.36386792803
18.0,31.0,1989.643861872707,-4.125743115872483,1.5374891553170535,5.0,34108.180489246406
18.0,32.0,1954.187054707584,-3.5724913402374923,1.8210289452253143,5.0,33500.34950927286
18.0,33.0,1963.202062211446,-4.126572099142994,1.5447147815978142,5.0,33654.892495053355
18.0,34.0,2240.167975762831,-3.694047317843817,1.7159888734016593,5.0,38402.87958450567
18.0,35.0,2014.738993334988,-5.83533790791518,1.0,5.0,34538.38274288551
18.0,36.0,2243.306499336308,-4.24644327090295,1.4768381256178595,5.0,38456.68284576528
18.0,37.0,2243.990241751654,-5.799244060791631,1.0,5.0,38468.40414431407
18.0,38.0,2959.10212785099,-4.315608022343511,2.0733723984927988,5.0,50727.46504887412
18.0,39.0,2462.840570254426,-4.27186825172197,1.8749832820186323,5.0,42220.124061504444
18.0,40.0,2690.124691328211,-4.331292561741059,2.3876326031240684,5.0,46116.4232799122
18.0,41.0,1480.8763295096774,-4.747801408914508,1.0,5.0,25386.451363023043
18.0,42.0,1134.8982228017144,-5.201247881342158,1.0,5.0,19455.398105172244
18.0,43.0,1393.642881120334,-4.550885063793151,1.0,5.0,23891.020819205725
18.0,44.0,1136.513081467613,-5.201247881342158,1.0,5.0,19483.081396587648
18.0,45.0,2186.715149490771,-4.226058940054963,1.488851448521848,5.0,37486.54541984179
18.0,46.0,1410.420911128852,-5.386168675667476,1.0,5.0,24178.64419078032
18.0,47.0,1955.645534698252,-5.905690352535837,1.0,5.0,33525.3520233986
18.0,48.0,1672.4021784151437,-5.632038146625886,1.0,5.0,28669.751629973885
18.0,49.0,2661.1055462691943,-4.778183130418678,1.9320372911522536,5.0,45618.952221757616
18.0,50.0,2159.1495639655573,-5.807303567868678,1.0,5.0,37013.99252512384
19.0,1.0,1567.6716797429012,-3.176184829712823,1.0,5.0,26874.37165273545
19.0,2.0,2379.4028593116323,-4.585779771623552,1.4605648125014512,5.0,40789.76330248512
19.0,3.0,1228.2003964999235,-2.7258175622677365,1.0,5.0,21054.86393999869
19.0,4.0,2346.605667712652,-4.5864447983427885,1.467078303863785,5.0,40227.5257322169
19.0,5.0,1914.2045132156927,-4.231120289822613,1.0,5.0,32814.93451226902
19.0,6.0,2758.451191113054,-5.425700842423427,0.9999999999999998,5.0,47287.734704795206
19.0,7.0,1126.1492524349603,-3.8074791404092334,1.0,5.0,19305.41575602789
19.0,8.0,1253.2767485475406,-4.084805954408433,1.0,5.0,21484.74426081498
19.0,9.0,1126.7754752685155,-3.8074791404092334,1.0,5.0,19316.15100460313
19.0,10.0,1207.6889008825674,-4.084805954408433,1.0,5.0,20703.23830084401
19.0,11.0,1411.5155759900044,-2.537936250466827,1.0,5.0,24197.409874114364
19.0,12.0,853.7261709249453,-2.089740082135342,1.0,5.0,14635.305787284778
19.0,13.0,937.5943528209834,-2.129788820699468,1.0,5.0,16073.046048359716
19.0,14.0,1850.813569859305,-3.700390307762445,1.0,5.0,31728.232626159515
19.0,15.0,1947.903942152663,-4.143462854586565,1.8320435138201403,5.0,33392.63900833137
19.0,16.0,1829.9625622997328,-3.700390307762445,1.0,5.0,31370.786782281142
19.0,17.0,1414.9672836364075,-2.537936250466827,1.0,5.0,24256.58200519556
19.0,18.0,856.7086543032564,-2.089740082135342,1.0,5.0,14686.43407377011
19.0,19.0,288.3480062060033,-0.0546113646981514,0.0,0.0,4943.108677817198
19.0,20.0,1132.3849126703449,-4.422896491214498,1.0000000000000002,5.0,19412.31278863448
19.0,21.0,2843.66404495116,-5.562353711219801,1.3819017986399666,5.0,48748.526484877024
19.0,22.0,2671.4058881713704,-3.322452041136967,1.0000000000000002,5.0,45795.52951150921
19.0,23.0,3203.9382463237143,-3.6817548038910086,1.0000000000000002,5.0,54924.65565126368
19.0,24.0,3384.9903331849605,-3.947650534807158,1.0885148242831555,5.0,58028.405711742176
19.0,25.0,2956.451096718048,-3.64397709818484,1.173849795141661,5.0,50682.018800880825
19.0,26.0,3233.532086218977,-3.581393963903013,1.0000000000000002,5.0,55431.97862089675
19.0,27.0,1672.0631450965338,-4.295646842259817,1.0,5.0,28663.93963022629
19.0,28.0,1948.4657065622744,-3.474101756726056,1.0,5.0,33402.26925535328
19.0,29.0,2217.007493559668,-4.450694970135226,1.7240600543802542,5.0,38005.84274673716
19.0,30.0,2465.314064313873,-2.9620999383913205,1.0,5.0,42262.52681680926
19.0,31.0,2488.95841658966,-4.709864759717825,1.4298658924610197,5.0,42667.85857010845
19.0,32.0,2469.0639389079547,-2.8426342741881787,1.0,5.0,42326.810381279225
19.0,33.0,2462.5127771597868,-4.710351044575987,1.434475181876166,5.0,42214.50475131063
19.0,34.0,2755.543722419143,-3.099187683015173,1.0000000000000002,5.0,47237.89238432817
19.0,35.0,2533.674556522612,-4.038551900991198,1.3192087761888254,5.0,43434.42096895906
19.0,36.0,2742.613865921322,-4.847392911442848,1.3901751201528056,5.0,47016.23770150838
19.0,37.0,2749.4650263040967,-3.4553274321177865,1.0,5.0,47133.68616521309
19.0,38.0,3476.8390678868755,-3.893870244278622,1.0000000000000002,5.0,59602.955449489295
19.0,39.0,3002.863182778688,-3.6438782316074914,1.1711320550856743,5.0,51477.65456192035
19.0,40.0,3207.822147305567,-3.691466326310114,1.0,5.0,54991.23681095257
19.0,41.0,903.1690073696866,-2.0873091858020665,1.0,5.0,15482.897269194627
19.0,42.0,1640.2903737056895,-4.249707263520317,1.0,5.0,28119.263549240397
19.0,43.0,1858.8368002793363,-2.465362806814987,1.0,5.0,31865.773719074336
19.0,44.0,1641.905232371588,-4.249707263520317,0.9999999999999998,5.0,28146.946840655797
19.0,45.0,1617.3190698018948,-2.143268775843309,1.0,5.0,27725.469768032483
19.0,46.0,1936.3544673658805,-2.366927657832436,1.0,5.0,33194.648011986515
19.0,47.0,1903.789982822325,-2.9676157434662684,1.0,5.0,32636.39970552558
19.0,48.0,2193.230010144269,-3.282142587728208,1.36801769068889,5.0,37598.22874533032
19.0,49.0,2142.8920677247106,-2.72214538433984,1.0,5.0,36735.29258956647
19.0,50.0,2321.948026513335,-2.883369251377552,0.9999999999999998,5.0,39804.82331165718
20.0,1.0,1865.2043477488876,-3.881193323646323,1.574076400209349,5.0,31974.93167569521
20.0,2.0,2688.340374533065,-5.116027937151655,1.803727485972057,5.0,46085.8349919954
20.0,3.0,1526.1851256388586,-3.524113374940614,1.7013456640734252,5.0,26163.173582380437
20.0,4.0,2655.7104838387054,-5.115707007460731,1.8135931220303856,5.0,45526.46543723496
20.0,5.0,2211.503899091528,-4.776404900413908,1.4843585178048235,5.0,37911.495412997625
20.0,6.0,3044.880289883713,-5.981688306782544,1.709639274687599,5.0,52197.94782657793
20.0,7.0,1446.418835669194,-4.344354732983865,1.0,5.0,24795.751468614755
20.0,8.0,1573.546331781774,-4.587328253675135,1.0,5.0,26975.07997340184
20.0,9.0,1447.045058502749,-4.344354732983865,1.0000000000000002,5.0,24806.486717189982
20.0,10.0,1527.9584841168007,-4.587328253675135,1.0,5.0,26193.57401343087
20.0,11.0,1731.785159224238,-3.381010643711164,1.0000000000000002,5.0,29687.745586701225
20.0,12.0,1173.9957541591784,-3.0918407543863973,1.0,5.0,20125.64149987163
20.0,13.0,1257.8639360552168,-3.102536542988773,1.0,5.0,21563.381760946573
20.0,14.0,2148.2186268011787,-4.581088638897483,2.0112203160413054,5.0,36826.60503087735
20.0,15.0,1118.6383562501012,-3.0906294709693265,1.0,5.0,19176.657535716015
20.0,16.0,2127.3939709448605,-4.58097046449392,2.021116565930255,5.0,36469.61093048332
20.0,17.0,1735.2368668706408,-3.3810106437111624,1.0,5.0,29746.917717782417
20.0,18.0,1176.9782375374898,-3.0918407543863973,1.0,5.0,20176.76978635697
20.0,19.0,660.161596355871,-2.536973147379915,1.0,5.0,11317.055937529218
20.0,20.0,330.0807981779355,-0.0625153025551832,0.0,0.0,5658.527968764609
20.0,21.0,2075.712070932189,-7.266204466555387,0.9999999999999998,5.0,35583.63550169466
20.0,22.0,1888.034593028585,-3.759766563709653,1.0,5.0,32366.307309061456
20.0,23.0,2420.5669511809283,-3.744702403306129,1.0,5.0,41495.43344881592
20.0,24.0,2601.619045725832,-4.002409423409709,1.115167454528706,5.0,44599.18364101426
20.0,25.0,2183.0894006133194,-3.884581677857156,1.237635457920998,5.0,37424.38972479977
20.0,26.0,2450.160791076191,-3.621106386728692,1.0,5.0,42002.75641844898
20.0,27.0,909.2332552868016,-3.255764360033412,1.0000000000000002,5.0,15586.8558049166
20.0,28.0,1178.6686017824384,-3.863578448014052,1.0000000000000002,5.0,20205.74745912752
20.0,29.0,1448.6803682991465,-4.3667779801006645,1.0,5.0,24834.52059941394
20.0,30.0,1681.9427691710875,-3.534276432596095,1.0,5.0,28833.304614361503
20.0,31.0,1726.0347994639542,-5.320647567485972,1.0,5.0,29589.167990810645
20.0,32.0,1685.6926437651691,-3.353205350279511,1.0,5.0,28897.588178831476
20.0,33.0,1699.5775346433638,-5.320647567485972,1.0,5.0,29135.614879600525
20.0,34.0,1972.1724272763568,-3.3854724083896466,1.0,5.0,33808.670181880414
20.0,35.0,1757.3012544292303,-4.70751567588615,1.0000000000000002,5.0,30125.164361643958
20.0,36.0,1979.7263638118025,-5.234145871694396,1.0,5.0,33938.16623677375
20.0,37.0,1986.5525028458976,-4.726628568067978,1.0,5.0,34055.18576307253
20.0,38.0,2693.4677727440894,-3.882569922284332,1.0000000000000002,5.0,46173.73324704153
20.0,39.0,2229.532033997537,-3.884263779437526,1.2325827592194942,5.0,38220.54915424349
20.0,40.0,2424.4508521627813,-3.752499650381608,1.0,5.0,41562.01460850482
20.0,41.0,1223.43859060392,-3.081709336857122,1.0,5.0,20973.232981781483
20.0,42.0,877.4604838959572,-3.192847806588426,1.0,5.0,15042.179723930694
20.0,43.0,1136.205142214577,-2.7337254524338617,1.0,5.0,19477.802437964183
20.0,44.0,879.0753425618556,-3.192847806588426,1.0,5.0,15069.863015346094
20.0,45.0,1930.0243024038384,-2.919860140023684,1.5533389116228815,5.0,33086.13089835151
20.0,46.0,1152.9831722230947,-3.790555775403571,1.0,5.0,19765.425809538767
20.0,47.0,1698.2077957924944,-4.750794371365032,1.0,5.0,29112.13364215705
20.0,48.0,1414.964439509386,-4.2976231646353895,1.0,5.0,24256.53324873233
20.0,49.0,2399.812486230312,-3.731828943309249,2.046253965539086,5.0,41139.642621091065
20.0,50.0,1901.7118250598005,-4.720937972274708,1.0,5.0,32600.77414388229
21.0,1.0,2419.356832971367,-3.5670245658007245,1.0000000000000004,5.0,41474.68856522344
21.0,2.0,3189.8733283122124,-4.203874766815445,1.0000000000000004,5.0,54683.5427710665
21.0,3.0,2079.8855497283894,-3.065361633496829,1.0000000000000004,5.0,35655.18085248668
21.0,4.0,3157.1931816485358,-4.203874766815445,1.0000000000000004,5.0,54123.31168540347
21.0,5.0,2765.889666444159,-4.447278227737948,1.0,5.0,47415.25142475701
21.0,6.0,3547.2028118368853,-5.119622730946835,1.0,5.0,60809.19106006089
21.0,7.0,3083.4363521483174,-5.003962787438033,2.0520113735321,5.0,52858.90889397115
21.0,8.0,3210.1330892736696,-5.2535311006147305,2.01029049839556,5.0,55030.85295897719
21.0,9.0,3084.0622352926257,-5.003964588583813,2.0517974150654275,5.0,52869.63831930216
21.0,10.0,3164.5689385174146,-5.2534147937444455,2.024865510560426,5.0,54249.7532317271
21.0,11.0,3645.5995892758847,-4.881318079302101,2.029618293579916,5.0,62495.992959015166
21.0,12.0,2788.296987086097,-4.371444605132536,1.9430560654145408,5.0,47799.376921475945
21.0,13.0,2872.321760723413,-4.4992871918500414,1.915501468204431,5.0,49239.80161240137
21.0,14.0,2670.097090890445,-3.7672361528368734,1.0,5.0,45773.09298669335
21.0,15.0,1692.7958452561895,-2.292179044330139,1.0000000000000002,5.0,29019.35734724896
21.0,16.0,2649.2460833308733,-3.7672361528368734,1.0,5.0,45415.647142814974
21.0,17.0,3649.050970412899,-4.881302710573471,2.0286447683373887,5.0,62555.15949279256
21.0,18.0,2791.282083587447,-4.371430562055187,1.9420477671915264,5.0,47850.55000435624
21.0,19.0,2278.184879507523,-3.783808308436877,1.9325223195890735,5.0,39054.59793441468
21.0,20.0,1978.4629624151355,-3.0244766319041,1.0000000000000002,5.0,33916.50792711661
21.0,21.0,206.7107281727,-0.0391497590421859,0.0,0.0,3543.6124829605715
21.0,22.0,1400.2483330297578,-2.050274172668477,1.0,5.0,24004.257137652992
21.0,23.0,1932.7806911821012,-2.229557411850519,1.0,5.0,33133.383277407454
21.0,24.0,2105.023314778179,-3.4096039267134866,2.446342341446967,5.0,36086.11396762593
21.0,25.0,1699.519646661452,-2.331499678981951,1.3080885890166167,5.0,29134.62251419632
21.0,26.0,1962.3745310773645,-2.068592524772667,1.0,5.0,33640.70624704053
21.0,27.0,1483.39074429289,-1.9813267184108057,1.0,5.0,25429.555616449547
21.0,28.0,1752.8260907885265,-2.8503211751295163,1.0,5.0,30048.447270660454
21.0,29.0,1975.961061935115,-2.0545532084547222,1.0,5.0,33873.61820460197
21.0,30.0,1194.1565091722605,-1.5980945490944525,1.0000000000000002,5.0,20471.25444295304
21.0,31.0,2253.3154930999226,-3.235180788381591,1.0,5.0,38628.26559599867
21.0,32.0,1197.906383766342,-1.3310776460363207,1.0,5.0,20535.53800742301
21.0,33.0,2226.8582282793323,-3.235180788381591,1.0,5.0,38174.71248478856
21.0,34.0,1484.38616727753,-1.5565528508665258,1.0,5.0,25446.620010471943
21.0,35.0,765.0684886895556,-1.0290443210290925,1.0000000000000002,5.0,13115.459806106668
21.0,36.0,2412.7806541800137,-2.603798974801438,1.0,5.0,41361.95407165738
21.0,37.0,488.8148830038471,-0.5458651483453028,1.0,5.0,8379.683708637378
21.0,38.0,2205.681512745263,-2.4589970259693663,1.0,5.0,37811.68307563308
21.0,39.0,1746.0048004030318,-2.330869741165402,1.2996399072669522,5.0,29931.51086405197
21.0,40.0,1936.6645921639545,-2.241528558360515,1.0000000000000004,5.0,33199.96443709636
21.0,41.0,2799.5763246258957,-3.448435154908549,1.376235141470197,5.0,47992.736993586775
21.0,42.0,1480.128813941934,-1.7666765152103023,1.0000000000000004,5.0,25373.636810433152
21.0,43.0,1738.8714155484504,-2.416617227859148,1.6057385061519915,5.0,29809.22426654486
21.0,44.0,1481.7436726078322,-1.7666765152103023,1.0000000000000002,5.0,25401.320101848552
21.0,45.0,1497.345072985055,-3.174260934970702,1.0000000000000002,5.0,25668.7726797438
21.0,46.0,1776.8444435875824,-2.8579190319001566,1.6080185198028574,5.0,30460.190461501414
21.0,47.0,1238.92261201269,-3.0934935955675167,1.0,5.0,21238.67334878897
21.0,48.0,955.679255729582,-2.202435985245459,1.0000000000000002,5.0,16383.07295536426
21.0,49.0,1564.9564654990368,-3.8452971169863,1.686589211663216,5.0,26827.82512284063
21.0,50.0,1442.4040199657438,-3.752677913708164,1.7430051739732968,5.0,24726.92605655561
22.0,1.0,3052.208879731211,-4.516646616116815,1.0,5.0,52323.58079539219
22.0,2.0,2718.357048095708,-4.210596571744381,1.0,5.0,46600.40653878356
22.0,3.0,2730.8920364247256,-3.735540182179853,1.0,5.0,46815.2920529953
22.0,4.0,2685.6769014320303,-4.210596571744381,1.0,5.0,46040.17545312052
22.0,5.0,3363.0965435483245,-5.614767762453793,1.0,5.0,57653.08360368556
22.0,6.0,3075.686531620381,-5.17560252440242,0.9999999999999998,5.0,52726.05482777797
22.0,7.0,3732.1915967213577,-5.390868488902819,1.5820667630799774,5.0,63980.427372366124
22.0,8.0,3859.318851526045,-5.6211126639781135,1.562878966863456,5.0,66159.75174044649
22.0,9.0,3732.817953343601,-5.390867258052508,1.581969039484584,5.0,63991.164914461726
22.0,10.0,3813.72159904371,-5.621195703178914,1.5696124741835484,5.0,65378.08455503503
22.0,11.0,4315.417897307655,-5.478076758033093,1.782201743951483,5.0,73978.59252527409
22.0,12.0,3427.5904396660767,-4.915145976806872,1.6262219090856145,5.0,58758.69325141846
22.0,13.0,3511.190232237567,-5.0436393581083205,1.6113231088510267,5.0,60191.83255264401
22.0,14.0,2198.5808106739405,-3.90365801924654,0.9999999999999998,5.0,37689.956754410414
22.0,15.0,2343.979793169749,-3.359908446884504,1.4591979674976552,5.0,40182.51074005284
22.0,16.0,2177.729803114368,-3.90365801924654,1.0,5.0,37332.51091053202
22.0,17.0,4318.876808139338,-5.478036963321462,1.781559254152799,5.0,74037.88813953151
22.0,18.0,3430.567495960959,-4.915172636090417,1.6256796415955286,5.0,58809.72850218787
22.0,19.0,2932.096134158156,-4.411409998806376,1.5613631490291169,5.0,50264.505156996966
22.0,20.0,2629.6552665697764,-3.929219815635312,1.409326138729637,5.0,45079.8045697676
22.0,21.0,1026.4823473434535,-7.757859766749818,1.0,5.0,17596.840240173493
22.0,22.0,301.1375891450522,-0.057033634189145,0.0,0.0,5162.358671058037
22.0,23.0,1461.2644109655969,-2.409996450529442,1.0,5.0,25050.247045124517
22.0,24.0,1069.6820143305692,-7.455063595542589,1.0,5.0,18337.40595995261
22.0,25.0,602.2751782901043,-2.4062611332598847,1.0,5.0,10324.717342116071
22.0,26.0,1490.8582508608597,-2.208284867955344,1.0,5.0,25557.57001475759
22.0,27.0,2134.397230989227,-2.76557962055484,1.0,5.0,36589.666816958175
22.0,28.0,2345.4884046596217,-3.6189308371277935,1.462013642875286,5.0,40208.3726513078
22.0,29.0,1504.4447817186106,-2.2018450053839027,1.0,5.0,25790.48197231904
22.0,30.0,1845.1629958685976,-2.407270941366229,1.0,5.0,31631.36564346167
22.0,31.0,1781.7992128834182,-3.5178719706547907,1.0,5.0,30545.129363715743
22.0,32.0,1788.1773093879165,-2.5181566142036096,1.0,5.0,30654.46816093571
22.0,33.0,1755.341948062828,-3.5178719706547907,1.0,5.0,30091.576252505623
22.0,34.0,1012.869887061026,-2.2133052857492306,1.0,5.0,17363.483778189016
22.0,35.0,1956.691334785021,-4.168118952486032,1.344825306097141,5.0,33543.28002488607
22.0,36.0,1941.2643739635084,-2.615342561971821,1.0,5.0,33278.81783937443
22.0,37.0,1707.3132873928466,-3.887988746656532,1.4025089567395774,5.0,29268.227783877373
22.0,38.0,1734.1652325287582,-2.522553816550986,1.0,5.0,29728.54684335014
22.0,39.0,648.6394097340963,-2.4062611332598847,1.0,5.0,11119.532738298794
22.0,40.0,1463.0133044825957,-2.916445101176622,1.5251884240873608,5.0,25080.22807684449
22.0,41.0,3450.5850036879856,-3.980487625808885,1.0,5.0,59152.88577750832
22.0,42.0,2131.13530063827,-2.623607905204889,1.0,5.0,36533.748010941774
22.0,43.0,2389.8799589568903,-2.849930937783836,1.0,5.0,40969.37072497526
22.0,44.0,2132.7501593041684,-2.623607905204889,1.0,5.0,36561.43130235717
22.0,45.0,3134.550188648181,-4.125273781926043,1.7923717102515693,5.0,53735.14609111168
22.0,46.0,2406.6579889654085,-3.311297570612898,1.0,5.0,41256.99409654986
22.0,47.0,2558.6316221274724,-5.034290535974497,1.6654032034284612,5.0,43862.25637932809
22.0,48.0,2136.1647447787877,-4.686778147627628,1.3138653163647271,5.0,36619.96705335064
22.0,49.0,2314.55413741683,-4.241644020988923,1.0,5.0,39678.07092714566
22.0,50.0,2191.939835228325,-4.169334843461382,1.0,5.0,37576.11146105701
23.0,1.0,3043.411761622635,-4.576988759641283,0.9999999999999998,5.0,52172.77305638803
23.0,2.0,2709.559929987132,-4.280097508545424,1.0,5.0,46449.5987997794
23.0,3.0,2722.09491831615,-3.8019554482380897,1.0,5.0,46664.484313991146
23.0,4.0,2676.879783323455,-4.280097508545424,0.9999999999999998,5.0,45889.367714116364
23.0,5.0,3354.299425439749,-5.671527532708147,0.9999999999999996,5.0,57502.27586468141
23.0,6.0,3066.8894135118053,-5.237970127982534,0.9999999999999996,5.0,52575.24708877381
23.0,7.0,3723.395566384914,-5.439650974859965,1.5834430518228662,5.0,63829.63828088425
23.0,8.0,3850.522672495364,-5.667934249165771,1.5641659119045828,5.0,66008.96009992053
23.0,9.0,3724.021923404864,-5.439649734838393,1.583344865585544,5.0,63840.37582979766
23.0,10.0,3804.925392521706,-5.668017888588711,1.570930430062799,5.0,65227.29244322925
23.0,11.0,4308.053621723846,-5.518009163436098,1.783844022129769,5.0,73852.3478009802
23.0,12.0,3418.825647193921,-4.9685456944331365,1.6278268678212824,5.0,58608.43966618151
23.0,13.0,3502.423546945327,-5.094414524669732,1.612852511967329,5.0,60041.54651906274
23.0,14.0,2189.783692565365,-3.993873400321205,0.9999999999999996,5.0,37539.14901540626
23.0,15.0,2335.182316201544,-3.441323679647547,1.4609273795999325,5.0,40031.696849169326
23.0,16.0,2168.932685005793,-3.993873400321205,0.9999999999999998,5.0,37181.70317152787
23.0,17.0,4311.512557968594,-5.517969079973623,1.7831988192237749,5.0,73911.64385089018
23.0,18.0,3421.802687162667,-4.968572622749685,1.627281818326923,5.0,58659.47463707429
23.0,19.0,2923.306887266459,-4.475611515588271,1.5630599013766096,5.0,50113.832353139296
23.0,20.0,2620.8578698003294,-4.002321326334576,1.4106997376206092,5.0,44928.992053719936
23.0,21.0,1598.433426515232,-7.192670408264407,1.760996215476602,5.0,27401.71588311826
23.0,22.0,1981.722140542756,-3.134103882866425,1.0,5.0,33972.37955216153
23.0,23.0,179.43038562992763,-0.0339830275107409,0.0,0.0,3075.949467941616
23.0,24.0,358.86077125985526,-5.396775849945416,1.0,5.0,6151.898935883232
23.0,25.0,747.2576600427749,-3.250210642780816,1.0,5.0,12810.131315018998
23.0,26.0,662.2705729586828,-5.668697017270993,1.0,5.0,11353.209822148849
23.0,27.0,2125.600112880651,-2.856230254341583,1.0,5.0,36438.85907795402
23.0,28.0,2336.9075729955903,-3.701846251584996,1.4637259232635047,5.0,40061.272679924405
23.0,29.0,1495.6476636100344,-2.3396198671457005,1.0,5.0,25639.67423331488
23.0,30.0,1836.3658777600217,-2.5141587179468123,1.0,5.0,31480.557904457517
23.0,31.0,1773.0020947748426,-3.63541395483991,0.9999999999999998,5.0,30394.321624711585
23.0,32.0,1779.38019127934,-2.630447975627764,1.0,5.0,30503.660421931545
23.0,33.0,1746.5448299542518,-3.63541395483991,1.0,5.0,29940.76851350146
23.0,34.0,1004.0727689524498,-2.4496236378891147,1.0,5.0,17212.676039184855
23.0,35.0,2805.5039404623226,-5.434348406316754,2.277512980182291,5.0,48094.35326506839
23.0,36.0,1112.676696061332,-4.023646609805815,1.0,5.0,19074.45764676569
23.0,37.0,2387.633772463384,-4.868906242748388,2.3628046759104544,5.0,40930.86467080086
23.0,38.0,905.5775546265816,-4.485356700261136,1.0,5.0,15524.186650741402
23.0,39.0,793.6218914867668,-3.250210642780816,1.0,5.0,13604.946711201716
23.0,40.0,473.3784484136055,-3.756507492253269,1.0,5.0,8115.059115661808
23.0,41.0,3441.7878855794097,-4.030616659036337,1.0,5.0,59002.078038504165
23.0,42.0,2122.3381825296947,-2.7134140971364484,1.0,5.0,36382.94027193762
23.0,43.0,2381.082840848315,-2.927620853436376,0.9999999999999998,5.0,40818.56298597111
23.0,44.0,2123.953041195593,-2.7134140971364484,1.0,5.0,36410.62356335302
23.0,45.0,3168.3209719918,-3.611786233946103,1.0,5.0,54314.07380557371
23.0,46.0,2397.8608708568327,-3.3908158688078984,0.9999999999999998,5.0,41106.1863575457
23.0,47.0,2905.054338148657,-5.41746284426462,2.4542793430930856,5.0,49800.93151111983
23.0,48.0,2639.903308198741,-4.528606794211746,1.6751525256104811,5.0,45255.48528340698
23.0,49.0,2966.365028491259,-5.363063642410252,1.905271947512993,5.0,50851.97191699301
23.0,50.0,2848.677108792697,-5.2938804973027045,1.9461866746335463,5.0,48834.46472216051
24.0,1.0,2916.905933362358,-4.029974625942162,1.0,5.0,50004.10171478328
24.0,2.0,2583.054101726855,-3.674373698960084,1.0,5.0,44280.927458174665
24.0,3.0,2595.589090055874,-3.1783789253338397,1.0,5.0,44495.8129723864
24.0,4.0,2550.373955063178,-3.674373698960084,1.0,5.0,43720.69637251163
24.0,5.0,3227.7935971794727,-5.199060375044531,1.0000000000000002,5.0,55333.60452307668
24.0,6.0,2940.3835852515285,-4.720955859474783,1.0,5.0,50406.57574716906
24.0,7.0,3596.881664079081,-4.986658002713694,1.6039796868665386,5.0,61660.82852706996
24.0,8.0,3724.0084580323696,-5.233254181447205,1.5833455796472626,5.0,63840.144994840615
24.0,9.0,3597.508027127762,-4.986656669082309,1.6038744674409022,5.0,61671.566179333066
24.0,10.0,3678.410762068904,-5.233343968049106,1.5905808076768302,5.0,63058.47020689549
24.0,11.0,4177.468970600659,-5.105778003649517,1.808251142178514,5.0,71613.75378172558
24.0,12.0,3292.609160830879,-4.471165988560062,1.6518513912435857,5.0,56444.728471386494
24.0,13.0,3376.1951099108846,-4.614686701338765,1.6357237750796974,5.0,57877.630455615166
24.0,14.0,2063.2778643050888,-3.2753971155345,0.9999999999999998,5.0,35370.47767380152
24.0,15.0,2208.67080254977,-2.7176445159382454,1.4873200239811566,5.0,37862.92804371034
24.0,16.0,2042.4268567455167,-3.2753971155345,1.0,5.0,35013.031829923144
24.0,17.0,4180.928385913725,-5.105735369695036,1.807564934692096,5.0,71673.0580442353
24.0,18.0,3295.585961001512,-4.471194775477274,1.651263848064101,5.0,56495.75933145448
24.0,19.0,2796.8820522737205,-3.906121268938553,1.588645690424653,5.0,47946.5494675495
24.0,20.0,2494.347633561709,-3.361470190893656,1.4315237930725462,5.0,42760.24514677216
24.0,21.0,1472.1645991091832,-6.5858347399646,1.826268349347009,5.0,25237.107413300284
24.0,22.0,1855.21631228248,-2.2996407914984527,1.0,5.0,31803.7082105568
24.0,23.0,358.86077125985514,-4.936564012129301,1.0000000000000002,5.0,6151.898935883231
24.0,24.0,173.4363100766646,-0.0328477859310449,0.0,0.0,2973.193887028536
24.0,25.0,620.7518317824985,-1.2592369709223643,1.0,5.0,10641.45997341426
24.0,26.0,843.3217782488186,-6.424607592896645,1.0,5.0,14456.94476997975
24.0,27.0,1999.0942846203748,-2.034225256390483,1.0,5.0,34270.18773634928
24.0,28.0,2211.0266961963725,-2.989423842918305,1.4898322865539455,5.0,37903.31479193781
24.0,29.0,1369.141835349758,-1.1955886727460014,0.9999999999999998,5.0,23471.002891710137
24.0,30.0,1709.8600494997454,-1.5681802127455315,1.0,5.0,29311.88656285278
24.0,31.0,1646.496266514566,-2.759273413408001,1.0,5.0,28225.650283106846
24.0,32.0,1652.8743630190638,-1.66762595170443,1.0,5.0,28334.989080326806
24.0,33.0,1620.0390016939753,-2.759273413408001,1.0,5.0,27772.09717189672
24.0,34.0,877.5669406921736,-0.7376093611300665,0.9999999999999998,5.0,15044.004697580118
24.0,35.0,2676.802409213139,-4.881813046141509,2.3478443389186845,5.0,45888.04130079667
24.0,36.0,1293.727901351468,-4.954026795080055,1.0,5.0,22178.1925945966
24.0,37.0,2004.9379645477777,-4.843718973087014,1.7757244611873015,5.0,34370.36510653333
24.0,38.0,1086.6287599167176,-5.397507935765557,0.9999999999999998,5.0,18627.921598572306
24.0,39.0,667.1160632264905,-1.2592369709223643,1.0,5.0,11436.27536959698
24.0,40.0,346.8726201533292,-0.4349287748425323,1.0,5.0,5946.387774057072
24.0,41.0,3315.2820573191325,-3.5007022965635723,1.0,5.0,56833.406696899416
24.0,42.0,1995.832354269418,-1.882584450327532,1.0,5.0,34214.26893033287
24.0,43.0,2254.5770125880385,-2.18151220221171,0.9999999999999998,5.0,38649.89164436638
24.0,44.0,1997.4472129353169,-1.882584450327532,1.0,5.0,34241.95222174828
24.0,45.0,3041.815143731524,-3.0333171289008938,1.0,5.0,52145.40246396898
24.0,46.0,2271.3550425965564,-2.672770030268161,0.9999999999999998,5.0,38937.51501594097
24.0,47.0,2780.5534905058885,-4.876029455738864,2.52584963858748,5.0,47666.63126581523
24.0,48.0,2514.5611285961336,-3.9154088334100816,1.714934325191633,5.0,43106.76220450515
24.0,49.0,3365.3435245852525,-4.248811014613274,1.988228018684623,5.0,57691.60327860433
24.0,50.0,2532.2139332891256,-4.925775130847386,1.441436852437223,5.0,43409.38171352787
25.0,1.0,2654.797691187917,-3.843677473198753,1.0,5.0,45510.81756322143
25.0,2.0,2320.945859552414,-3.4960535423935664,1.0,5.0,39787.64330661281
25.0,3.0,2333.480847881433,-2.934474576951205,1.0,5.0,40002.52882082457
25.0,4.0,2288.2657128887367,-3.4960535423935664,1.0,5.0,39227.41222094977
25.0,5.0,2965.685355005031,-5.092989011174025,1.0,5.0,50840.32037151481
25.0,6.0,2678.275343077087,-4.606836362318442,1.0,5.0,45913.29159560721
25.0,7.0,3334.775945568417,-4.822306428962105,1.651492488667569,5.0,57167.58763831572
25.0,8.0,3461.9002626402635,-5.076213227122422,1.62754860498441,5.0,59346.861645261655
25.0,9.0,3335.4023224031707,-4.822304828044352,1.6513700652413186,5.0,57178.3255269115
25.0,10.0,3416.30161685594,-5.076320440425007,1.6359297597613005,5.0,58565.17057467325
25.0,11.0,3924.3901101098254,-4.908906692024761,1.864022310949485,5.0,67275.25903045415
25.0,12.0,3031.29211867569,-4.286856531396651,1.7079832613696504,5.0,51965.00774872612
25.0,13.0,3114.8369373152286,-4.4295029824558405,1.6889988678947323,5.0,53397.20463968963
25.0,14.0,1801.169622130647,-3.1509910072391625,1.0,5.0,30877.193522239664
25.0,15.0,1946.5481270104,-2.475986698529117,1.5529164292880353,5.0,33369.39646303543
25.0,16.0,1780.3186145710752,-3.1509910072391625,1.0,5.0,30519.74767836129
25.0,17.0,3927.85061234539,-4.90885644358342,1.8632375937088224,5.0,67334.58192592097
25.0,18.0,3034.2683733229783,-4.286891712867679,1.7072902233701726,5.0,52016.02925696535
25.0,19.0,2535.004939959296,-3.725939856788518,1.6498260551940866,5.0,43457.227542159344
25.0,20.0,2232.2283083387865,-3.164974372571007,1.4821783783001037,5.0,38266.77100009348
25.0,21.0,1458.9946294422436,-3.635594313765703,1.8173792148089647,5.0,25011.33650472417
25.0,22.0,1593.1080701080384,-2.065073544605723,1.0,5.0,27310.424058994944
25.0,23.0,1063.8532224223034,-1.176247218277882,0.9999999999999998,5.0,18237.48381295377
25.0,24.0,672.270825787276,-9.693065843518037,1.0,5.0,11524.642727781877
25.0,25.0,229.370155677463,-0.0434413172727979,0.0,0.0,3932.059811613652
25.0,26.0,1093.4470623175662,-0.887085489072277,1.0,5.0,18744.80678258685
25.0,27.0,1736.9860424459332,-1.7305569068803195,1.0,5.0,29776.903584787426
25.0,28.0,1952.4206841069936,-2.7857385258576803,1.5545167938402964,5.0,33470.06887040561
25.0,29.0,1107.033593175317,-0.8734580638289648,1.0,5.0,18977.71874014829
25.0,30.0,1447.751807325304,-1.2352171816217974,1.0,5.0,24818.60241129093
25.0,31.0,1384.388024340125,-2.695748547379724,0.9999999999999998,5.0,23732.366131545
25.0,32.0,1390.7661208446232,-1.3709682013823834,1.0,5.0,23841.704928764968
25.0,33.0,1357.9307595195346,-2.695748547379724,1.0,5.0,23278.81302033488
25.0,34.0,615.4586985177324,-0.6023306059375636,1.0,5.0,10550.72054601827
25.0,35.0,1932.1597855913296,-3.735585921499222,1.6568301100563294,5.0,33122.73918156565
25.0,36.0,1543.8531854202156,-1.5179730162653753,1.0,5.0,26466.054607203696
25.0,37.0,1664.4282013527622,-3.488341498739369,1.7792106940376766,5.0,28533.054880333068
25.0,38.0,1336.7540439854652,-1.375640424517873,0.9999999999999996,5.0,22915.7836111794
25.0,39.0,725.7921892475326,-0.9449307751117254,1.0,5.0,12442.151815671989
25.0,40.0,1067.475617585624,-1.8427837236481448,1.787017174788046,5.0,18299.582015753556
25.0,41.0,3053.173815144692,-3.2280280375607155,0.9999999999999996,5.0,52340.12254533757
25.0,42.0,1733.7241120949773,-1.5527756045850982,1.0,5.0,29720.98477877104
25.0,43.0,1992.4687704135977,-1.858429681677529,0.9999999999999998,5.0,34156.60749280453
25.0,44.0,1735.3389707608758,-1.5527756045850982,1.0,5.0,29748.66807018644
25.0,45.0,2767.847900395486,-3.367515511354632,1.8827765186367007,5.0,47448.8211496369
25.0,46.0,2009.246800422115,-2.420145289434364,1.0,5.0,34444.23086437912
25.0,47.0,2543.4684817241305,-4.402250757654862,2.6209524913141804,5.0,43602.31682955653
25.0,48.0,2254.7432427828794,-3.772102241704427,1.8441728349802364,5.0,38652.74130484936
25.0,49.0,2261.3790316368622,-4.276548411987634,1.3106350402804294,5.0,38766.49768520336
25.0,50.0,2138.7299839794077,-4.210298642157248,1.3284659236272935,5.0,36663.942582504125
26.0,1.0,2767.050472468856,-3.738622084563223,1.5853003402499324,5.0,47435.150956608944
26.0,2.0,2423.9102340199047,-3.5546607133803336,1.0,5.0,41552.74686891265
26.0,3.0,2436.4452223489243,-3.0208910378742733,1.0,5.0,41767.632383124415
26.0,4.0,2391.230087356228,-3.5546607133803336,1.0,5.0,40992.51578324962
26.0,5.0,3102.2066544145828,-4.7338919622464255,1.6820685133199949,5.0,53180.68550425
26.0,6.0,2781.2397175445785,-4.640553695145702,1.0,5.0,47678.395157907056
26.0,7.0,3437.738575293461,-4.879413925656225,1.6319631955785203,5.0,58932.66129074505
26.0,8.0,3564.8639849938504,-5.1307316414305655,1.6094084509221689,5.0,61111.954028466
26.0,9.0,3438.36494647906,-4.8794124379747545,1.6318480011279457,5.0,58943.39908249817
26.0,10.0,3519.2657281322467,-5.130831488110744,1.6173090183890075,5.0,60330.26962512423
26.0,11.0,3995.5961157668185,-4.826976222494357,1.6894161502933058,5.0,68495.93341314545
26.0,12.0,3135.570824787237,-4.3423824648380815,1.683939855432642,5.0,53752.64271063836
26.0,13.0,3219.2464833086533,-4.485789176382283,1.666136686261443,5.0,55187.082571005485
26.0,14.0,1904.1339965981376,-3.182152895725939,1.0,5.0,32642.297084539507
26.0,15.0,2049.355517876724,-2.208409694833657,0.9999999999999998,5.0,35131.8088778867
26.0,16.0,1883.282989038566,-3.182152895725939,1.0,5.0,32284.851240661133
26.0,17.0,3999.0559968307903,-4.8269681917699145,1.688812302933049,5.0,68555.2456599564
26.0,18.0,3138.5513675662423,-4.342393042668691,1.6832904429684512,5.0,53803.73772970701
26.0,19.0,2634.5625652059307,-3.501529935422452,1.4074127701044776,5.0,45163.92968924453
26.0,20.0,2335.0226350356697,-2.9222159692836334,1.0,5.0,40028.95945775434
26.0,21.0,2259.890220129744,-5.649400001322903,1.4436756897156815,5.0,38740.975202224174
26.0,22.0,1696.0724445755295,-2.141117002747964,1.0,5.0,29075.527621294797
26.0,23.0,1159.5750066180224,-1.5161702160794253,1.0,5.0,19878.428684880382
26.0,24.0,1340.6271402612474,-1.9651586223396047,1.2234938528050303,5.0,22982.179547335672
26.0,25.0,1437.3381192290444,-2.072749869241494,1.0000000000000002,5.0,24640.082043926475
26.0,26.0,256.4179650940817,-0.0485640084395326,0.0,0.0,4395.7365444699735
26.0,27.0,1839.950416913424,-1.8376007609009652,1.0,5.0,31542.00714708727
26.0,28.0,2053.893612386067,-2.85232737583448,1.5271689425312571,5.0,35209.604783761155
26.0,29.0,1209.997967642808,-0.9791821598369664,1.0,5.0,20742.822302448138
26.0,30.0,1550.7161817927952,-1.3518582446687104,1.0,5.0,26583.70597359077
26.0,31.0,1487.3523988076158,-2.693037427243583,1.0,5.0,25497.469693844843
26.0,32.0,1493.7304953121138,-1.4707856012225948,1.0,5.0,25606.80849106481
26.0,33.0,1460.8951339870257,-2.693037427243583,1.0,5.0,25043.91658263472
26.0,34.0,1780.2102788233024,-1.7565143063812585,1.0,5.0,30517.890494113755
26.0,35.0,2716.5292570957417,-3.9600547082818975,0.9999999999999998,5.0,46569.07297878415
26.0,36.0,719.9350716229139,-0.587881143006106,1.0,5.0,12341.74408496424
26.0,37.0,2841.1129845159503,-4.737040285020468,1.9371782752985576,5.0,48704.79402027344
26.0,38.0,512.8359301881635,-0.6399256603029351,1.0,5.0,8791.473088939947
26.0,39.0,1483.7023506730363,-2.072749869241494,1.0000000000000002,5.0,25434.897440109195
26.0,40.0,1163.4589075998751,-1.528429428367286,1.0,5.0,19945.00984456929
26.0,41.0,3156.138189612183,-3.329079735672639,0.9999999999999998,5.0,54105.22610763743
26.0,42.0,1836.6884865624684,-1.671105585639823,1.0,5.0,31486.088341070885
26.0,43.0,2095.433144881089,-1.9759522609347784,0.9999999999999996,5.0,35921.71105510439
26.0,44.0,1838.3033452283669,-1.671105585639823,0.9999999999999998,5.0,31513.771632486285
26.0,45.0,2882.6712760245737,-2.846131726953661,1.0,5.0,49417.22187470698
26.0,46.0,2112.211174889606,-2.5077083269593654,1.0,5.0,36209.33442667896
26.0,47.0,2657.435798459005,-3.865461045706022,1.0,5.0,45556.04225929723
26.0,48.0,2374.1924421758968,-3.2318085398891983,1.0,5.0,40700.44186587251
26.0,49.0,3408.24427394739,-3.509701096905117,1.0,5.0,58427.04469624097
26.0,50.0,2860.939827726312,-4.112109158904575,0.9999999999999996,5.0,49044.68276102249
27.0,1.0,1295.7831530896465,-2.4567390270291023,1.0,5.0,22213.4254815368
27.0,2.0,2122.376516935343,-4.155281951769086,1.5104606235673956,5.0,36383.59743317731
27.0,3.0,956.311869846669,-1.8514808559703948,1.0,5.0,16393.91776880004
27.0,4.0,2089.7072914857936,-4.154990597391452,1.5184419157307625,5.0,35823.553568327894
27.0,5.0,1642.3159865624384,-3.722136560773864,1.0,5.0,28153.988341070373
27.0,6.0,2479.3634271172195,-5.210398814586337,1.436915416922967,5.0,42503.3730362952
27.0,7.0,1971.3680742278416,-3.911782362662089,1.558679469757604,5.0,33794.88127247728
27.0,8.0,2097.69530669328,-4.220864819800505,1.5244645863105462,5.0,35960.49097188481
27.0,9.0,1971.9948727223093,-3.911766347455012,1.5584999893800002,5.0,33805.62638952531
27.0,10.0,2052.0665271629764,-4.221880730648534,1.536241152598137,5.0,35178.28332279388
27.0,11.0,2211.0854070938904,-4.1009007430291335,1.0000000000000002,5.0,37904.32126446669
27.0,12.0,1650.093859687737,-3.2059033137281494,0.9999999999999998,5.0,28287.323308932635
27.0,13.0,1733.9620415837749,-3.309424363145852,1.0,5.0,29725.06357000757
27.0,14.0,1581.7062882643131,-3.5380446097978955,1.6885047643165934,5.0,27114.96494167394
27.0,15.0,569.2221653744689,-0.6743911693545066,1.0000000000000002,5.0,9758.094263562323
27.0,16.0,1560.8609588325885,-3.538776750684036,1.6976677432262153,5.0,26757.616437130084
27.0,17.0,2214.537114740293,-4.1009007430291335,1.0000000000000002,5.0,37963.493395547885
27.0,18.0,1653.0763430660477,-3.2059033137281494,1.0,5.0,28338.45159541796
27.0,19.0,1139.461844225524,-3.136059860411472,1.0,5.0,19533.631615294697
27.0,20.0,854.8892825334145,-2.147643869972593,1.0,5.0,14655.244843429962
27.0,21.0,1930.5016907128545,-6.455766874945673,1.0,5.0,33094.31469793465
27.0,22.0,1338.6290709411,-2.8564815075975503,0.9999999999999998,5.0,22947.92693041886
27.0,23.0,1871.01470923469,-3.142078648717345,1.5692018614147516,5.0,32074.537872594687
27.0,24.0,2052.0514596770545,-3.4050898686971616,1.6649651730796768,5.0,35178.025023035225
27.0,25.0,1627.5327439985024,-3.0254087033994943,1.3350279871337627,5.0,27900.56132568861
27.0,26.0,1900.755268988706,-2.569861079095781,1.0,5.0,32584.37603980639
27.0,27.0,284.61108268723444,-0.05390361403319,0.0,0.0,4879.0471317811625
27.0,28.0,629.2524109068062,-2.461583254143712,0.9999999999999998,5.0,10787.18418697382
27.0,29.0,899.2641774235141,-3.305582700961491,0.9999999999999998,5.0,15415.957327260245
27.0,30.0,1193.2728081583657,-2.058493533124783,1.0,5.0,20456.105282714838
27.0,31.0,1176.618608588322,-4.6826465675735625,1.0,5.0,20170.60471865695
27.0,32.0,1136.2871216776844,-2.322734946218514,1.0,5.0,19479.20780018888
27.0,33.0,1150.1613437677315,-4.6826465675735625,1.0,5.0,19717.05160744683
27.0,34.0,1422.7669051888724,-2.3022932504836504,1.0,5.0,24390.28980323781
27.0,35.0,2326.7479832157755,-4.579753637276723,1.460266680849459,5.0,39887.10828369901
27.0,36.0,1430.31017293617,-4.430919515828814,1.0,5.0,24519.60296462005
27.0,37.0,2487.9764289562618,-5.189768987775236,2.056019772291217,5.0,42651.02449639306
27.0,38.0,2144.062250656605,-2.8920609643268174,1.0,5.0,36755.35286839895
27.0,39.0,1673.7178596618728,-3.026439930269381,1.3256933931514032,5.0,28692.306165632108
27.0,40.0,1874.8978167447813,-3.150398375407894,1.5680222276208506,5.0,32141.105429910534
27.0,41.0,1702.7388384735727,-3.757785722308325,1.0000000000000002,5.0,29189.80865954696
27.0,42.0,1460.5075542649888,-2.5676380181594176,1.744180950676446,5.0,25037.272358828377
27.0,43.0,1715.5190483746308,-2.6427101390802523,1.626709364107604,5.0,29408.897972136525
27.0,44.0,1462.13375110289,-2.5674229319380397,1.7433112302094236,5.0,25065.150018906686
27.0,45.0,2483.625494878639,-3.324548480045721,1.8715989565276987,5.0,42576.43705506238
27.0,46.0,1729.9172872051142,-3.3522103477570395,1.6257353628682154,5.0,29655.72492351624
27.0,47.0,2268.8786628666558,-4.53718846067868,1.4724814492228928,5.0,38895.0627919998
27.0,48.0,1988.4050911864013,-3.986442119639784,1.5413512344779472,5.0,34086.94442033831
27.0,49.0,3006.2035274306954,-3.845389249698484,1.7170431388887808,5.0,51534.91761309764
27.0,50.0,2469.861858061493,-4.674257304045224,1.4329177759175018,5.0,42340.488995339874
28.0,1.0,2139.7955683525497,-3.4974689457729067,1.7639639972260306,5.0,36682.20974318656
28.0,2.0,1825.2636073199003,-3.805248177805898,1.0,5.0,31290.23326834115
28.0,3.0,1791.0890122337833,-2.552879108501912,1.0,5.0,30704.38306686485
28.0,4.0,1792.5834606562237,-3.805248177805898,1.0,5.0,30730.00218267812
28.0,5.0,2475.4741511350435,-4.563930146669675,1.861120169042481,5.0,42436.6997337436
28.0,6.0,2182.593090844573,-4.962101889747994,1.0,5.0,37415.881557335546
28.0,7.0,2813.8654465842737,-4.752926892802631,1.7796475429571867,5.0,48237.69337001612
28.0,8.0,2941.21382570071,-5.009238005845151,1.7458787488815402,5.0,50420.808440583605
28.0,9.0,2814.492400956228,-4.7529280181749725,1.7794737066411264,5.0,48248.44115924961
28.0,10.0,2895.57501728173,-5.009163427657733,1.75764645947554,5.0,49638.4288676868
28.0,11.0,3373.5933356575097,-4.3786824478294335,1.8247615869151972,5.0,57833.0286112716
28.0,12.0,2511.337737279155,-4.156350221914518,1.862052316296944,5.0,43051.50406764266
28.0,13.0,2595.1963319818374,-4.2719679915483,1.8342297406464776,5.0,44489.0799768315
28.0,14.0,1305.4873698981332,-3.953534765405724,1.0,5.0,22379.783483968
28.0,15.0,1403.999307761583,-1.6534869022087235,1.0,5.0,24068.55956162714
28.0,16.0,1284.6363623385614,-3.953534765405724,1.0,5.0,22022.337640089627
28.0,17.0,3377.059072183572,-4.378666212280475,1.8238952568618565,5.0,57892.44123743266
28.0,18.0,2514.3207507963302,-4.156467287981198,1.8610295426347208,5.0,43102.6414422228
28.0,19.0,1991.9172167559504,-3.486707529769376,2.0923993754909693,5.0,34147.15228724486
28.0,20.0,1693.712176734044,-3.0043698618426995,1.6447389600045683,5.0,29035.06588686932
28.0,21.0,1642.5888542321431,-6.293947089357143,1.0,5.0,28158.666072551023
28.0,22.0,1050.7162344603887,-1.9076100460184904,1.0,5.0,18012.278305035237
28.0,23.0,1583.1280897284462,-2.331154408206049,1.6727742860607753,5.0,27139.33868105908
28.0,24.0,1764.1610059744105,-2.656469964209187,1.773526924927558,5.0,30242.760102418462
28.0,25.0,1348.159356952269,-2.146560843095051,1.407628155767569,5.0,23111.3032620389
28.0,26.0,1612.8424325079957,-1.6594134547651966,1.0,5.0,27648.72741442278
28.0,27.0,1194.5942067982835,-1.2715246190693337,1.0,5.0,20478.75783082772
28.0,28.0,305.6756704714014,-0.0578931192870447,0.0,0.0,5240.15435093831
28.0,29.0,611.3513409428028,-2.4823435070798068,1.0,5.0,10480.30870187662
28.0,30.0,905.359971677654,-0.7561569597116724,1.0,5.0,15520.456657331211
28.0,31.0,888.7057721076109,-4.409764338323455,1.0,5.0,15234.95609327333
28.0,32.0,848.3742851969731,-1.08610175218024,1.0,5.0,14543.559174805254
28.0,33.0,862.2485072870202,-4.409764338323455,1.0,5.0,14781.402982063204
28.0,34.0,1134.8540687081615,-1.1967614436441816,1.0,5.0,19454.6411778542
28.0,35.0,2071.1730469806007,-3.681950420994619,1.0,5.0,35505.823662524585
28.0,36.0,1142.3973364554588,-3.964766155163412,1.0,5.0,19583.95433923644
28.0,37.0,2255.74384554115,-4.45797107463588,1.7162169331541983,5.0,38669.894494991146
28.0,38.0,1856.149414175894,-2.0743160846627022,1.0,5.0,31819.704243015327
28.0,39.0,1394.3229497946031,-2.148064956740553,1.3938748048159888,5.0,23902.67913933605
28.0,40.0,1587.0110137267934,-2.342169500019552,1.671126921877025,5.0,27205.903092459317
28.0,41.0,2510.781979497041,-2.708785276853076,0.9999999999999998,5.0,43041.97679137785
28.0,42.0,1191.332276447327,-0.9959164563467722,0.9999999999999998,5.0,20422.83902481133
28.0,43.0,1450.0769347659475,-1.2763144320630728,1.0,5.0,24858.461738844817
28.0,44.0,1192.9471351132256,-0.9959164563467722,1.0,5.0,20450.522316226725
28.0,45.0,2237.3150659094326,-2.160087857101609,1.0000000000000002,5.0,38353.97255844742
28.0,46.0,1466.854964774465,-2.075111637704233,1.0,5.0,25146.085110419408
28.0,47.0,2012.0795883438643,-3.615657859847274,1.0,5.0,34492.79294303768
28.0,48.0,1728.8362320607564,-2.9198836571356086,1.0,5.0,29637.19254961297
28.0,49.0,2762.888063832249,-2.875296768873872,1.0,5.0,47363.795379981406
28.0,50.0,2215.5836176111707,-3.811315911479947,0.9999999999999998,5.0,37981.43344476293
29.0,1.0,1871.7815057133007,-3.379438935877611,1.0000000000000002,5.0,32087.68295508516
29.0,2.0,1537.9296740777982,-3.135640612518742,1.0,5.0,26364.50869847654
29.0,3.0,1551.500026924066,-3.934973398427384,1.0,5.0,26597.14331869828
29.0,4.0,1505.2495274141213,-3.135640612518742,1.0,5.0,25804.27761281351
29.0,5.0,2182.669169530416,-4.960321013374598,1.0,5.0,37417.18576337856
29.0,6.0,1895.2591576024715,-4.488569730391217,1.0,5.0,32490.156987470946
29.0,7.0,2553.797973702607,-4.6959103034973495,1.6499474480074778,5.0,43779.39383490184
29.0,8.0,2680.626894430792,-4.955569858120247,1.618834322057907,5.0,45953.60390452786
29.0,9.0,2554.4248770127724,-4.695867836514831,1.649786520564688,5.0,43790.14074879039
29.0,10.0,2634.989463220628,-4.958377645734799,1.629642907120696,5.0,45171.247940925045
29.0,11.0,2806.2735641712875,-5.3382815557960015,1.0,5.0,48107.54681436493
29.0,12.0,2226.0922123113914,-3.981384872034857,1.0,5.0,38161.580782481
29.0,13.0,2309.96039420743,-4.090788252369147,0.9999999999999998,5.0,39599.32104355594
29.0,14.0,1018.1534366560315,-3.3574635954744663,1.0,5.0,17454.0589141034
29.0,15.0,1164.4103224518665,-3.660665793420161,1.0,5.0,19961.319813460566
29.0,16.0,997.3024290964596,-3.3574635954744663,1.0,5.0,17096.61307022502
29.0,17.0,2809.7252718176906,-5.3382815557960015,1.0,5.0,48166.71894544612
29.0,18.0,2229.074695689703,-3.981384872034857,1.0,5.0,38212.70906896634
29.0,19.0,1734.6500013029208,-4.682987314572745,1.0,5.0,29736.85716519293
29.0,20.0,1450.0774396108122,-4.16512167571347,1.0,5.0,24858.470393328207
29.0,21.0,2399.615399755984,-6.434301741309124,1.8531884247505497,5.0,41136.26399581686
29.0,22.0,1828.8727645166373,-3.409162521097077,1.575390890735984,5.0,31352.104534570924
29.0,23.0,1294.7033382084655,-3.15747725318307,1.0000000000000002,5.0,22194.91436928798
29.0,24.0,1475.7554638551535,-3.415349156779964,1.2030295099030728,5.0,25298.66509465978
29.0,25.0,1572.466450819488,-3.428031609178496,1.0,5.0,26956.56772833408
29.0,26.0,1324.2971781037286,-2.9433693515667487,1.0,5.0,22702.23733892106
29.0,27.0,1972.7981874876705,-3.070907058127037,1.533373118694367,5.0,33819.39749978863
29.0,28.0,1115.8055733590013,-2.8034781271220046,1.0,5.0,19128.095543297168
29.0,29.0,287.4572870224593,-0.0544426678834371,0.0,0.0,4927.839206099303
29.0,30.0,1683.4684679873403,-2.7983390706191678,1.6251441614186046,5.0,28859.459451211555
29.0,31.0,601.3718388655093,-4.305371371930463,1.0,5.0,10309.231523408733
29.0,32.0,1626.4646050872905,-2.9541781784920977,1.647079713844866,5.0,27882.25037292498
29.0,33.0,574.9145740449186,-4.305371371930463,1.0000000000000002,5.0,9855.678412198606
29.0,34.0,1886.4722706975024,-3.10598227473829,2.095145306345697,5.0,32339.524640528616
29.0,35.0,2849.592747003118,-4.757977606563764,1.3691408295655532,5.0,48850.1613771963
29.0,36.0,855.063403213357,-3.425984945714771,1.0000000000000002,5.0,14658.229769371834
29.0,37.0,2966.40698298842,-5.53088959406287,2.2793637126471213,5.0,50852.69113694433
29.0,38.0,1558.979308149645,-3.634590818321083,1.6273882859632791,5.0,26725.35956827963
29.0,39.0,1618.8306822634795,-3.428031609178496,1.0000000000000002,5.0,27751.383124516797
29.0,40.0,1298.5872391903183,-3.1598906181030983,1.0000000000000002,5.0,22261.495528976888
29.0,41.0,3019.9975524498795,-4.458622715477826,1.8945110613769,5.0,51771.38661342651
29.0,42.0,1969.533799147549,-2.914867874056426,1.534257625325232,5.0,33763.436556815126
29.0,43.0,2228.351097043111,-3.07540545490828,1.4721497885312125,5.0,38200.30452073905
29.0,44.0,1971.1493132966584,-2.914854249812169,1.5338193730946774,5.0,33791.13108508557
29.0,45.0,3015.765069490801,-3.671515777668034,1.3487856748708598,5.0,51698.829762699446
29.0,46.0,2245.1369016978942,-3.572769703379671,1.4686172779269842,5.0,38488.06117196391
29.0,47.0,2790.489672397813,-4.690983799364047,1.3769657073146673,5.0,47836.96581253394
29.0,48.0,2507.183425591834,-4.1616613595349,1.419598061618112,5.0,42980.28729586001
29.0,49.0,3541.4254067961247,-4.212009598934203,1.2969814529980597,5.0,60710.14983079071
29.0,50.0,2994.0313411080247,-4.874940791075338,1.3513196005741883,5.0,51326.25156185185
30.0,1.0,1556.6433166090471,-2.6885137964220585,1.0000000000000002,5.0,26685.31399901224
30.0,2.0,2382.951303268872,-4.324677751553502,1.4545977350532655,5.0,40850.59377032352
30.0,3.0,1217.1720333660696,-2.1023138760403794,1.0,5.0,20865.80628627548
30.0,4.0,2350.2806182749105,-4.324457992917601,1.4609168970585975,5.0,40290.52488471275
30.0,5.0,1903.176150081839,-3.833848878234379,1.0,5.0,32625.87685854581
30.0,6.0,2740.001052987486,-5.31935214947109,1.3953344533840797,5.0,46971.446622642616
30.0,7.0,2224.969655949311,-4.207620401552161,1.984805612524652,5.0,38142.33695913105
30.0,8.0,2351.302323336713,-4.499456695299623,1.931439885572506,5.0,40308.03982862937
30.0,9.0,2225.5951334917536,-4.20763522767295,1.9845277512822093,5.0,38153.059431287205
30.0,10.0,2305.7663550215875,-4.49849642675798,1.9498984022103336,5.0,39527.4232289415
30.0,11.0,2830.3246796897147,-3.89750513199056,1.999895202440457,5.0,48519.85165182368
30.0,12.0,1923.0835654059192,-3.4575325611869494,1.8222722917197105,5.0,32967.14683553004
30.0,13.0,2007.0493244673307,-3.5751414923894096,1.787875066160056,5.0,34406.559848011384
30.0,14.0,1842.9833609106704,-3.686367601118543,1.5913407929477494,5.0,31594.00047275435
30.0,15.0,830.0823288938699,-1.0768003808533078,1.0,5.0,14229.982781037768
30.0,16.0,1822.137611718843,-3.686903229005068,1.598087334775403,5.0,31236.64477232302
30.0,17.0,2833.800106628079,-3.897470805152788,1.998617118685922,5.0,48579.4303993385
30.0,18.0,1926.0680394187025,-3.4575422472293247,1.820997645981304,5.0,33018.30924717776
30.0,19.0,1414.250233979753,-2.8862891295252147,1.7617825548583368,5.0,24244.28972536719
30.0,20.0,1115.7494460528155,-2.229757219999433,1.0,5.0,19127.13336090541
30.0,21.0,1815.6668846158457,-6.588214022129715,1.0,5.0,31125.71802198593
30.0,22.0,1619.2522686167367,-2.669507169696101,1.6650598197688564,5.0,27758.610319144056
30.0,23.0,2160.521764864585,-2.648476053461507,1.0,5.0,37037.51596910717
30.0,24.0,2341.573863458,-2.9761677841414382,1.1279574635447158,5.0,40141.26623070857
30.0,25.0,1923.7976536824497,-2.7288925827907318,1.270618119753275,5.0,32979.388348842
30.0,26.0,2190.1156047598483,-2.504787737303258,1.0,5.0,37544.83893874026
30.0,27.0,620.6772279305701,-0.7199902323596645,1.0,5.0,10640.181050238343
30.0,28.0,890.1125744262071,-2.239428553464617,1.0,5.0,15259.072704449263
30.0,29.0,1160.1243409429148,-3.1295167978247376,1.0,5.0,19887.84584473568
30.0,30.0,308.70764878980697,-0.0584673576037301,0.0,0.0,5292.131122110977
30.0,31.0,1437.4787721077228,-4.413369272576694,1.0,5.0,24642.493236132388
30.0,32.0,1425.6474574488257,-1.8393578321283952,1.0,5.0,24439.67069912273
30.0,33.0,1411.0215072871322,-4.413369272576694,1.0000000000000002,5.0,24188.94012492227
30.0,34.0,1712.127240960015,-2.041265966352075,1.0,5.0,29350.75270217168
30.0,35.0,1497.256068112887,-3.526382820959367,1.0,5.0,25667.246881935207
30.0,36.0,1691.1703364555706,-4.346049717619325,1.0000000000000002,5.0,28991.4914820955
30.0,37.0,1726.5073165295544,-3.6210320089317127,1.0,5.0,29597.268283363792
30.0,38.0,2433.422586427747,-2.861371075829608,1.0,5.0,41715.8157673328
30.0,39.0,1970.2611706793512,-2.72846457352712,1.2640817033076803,5.0,33775.90578307459
30.0,40.0,2164.4056658464383,-2.6594013141354527,1.0,5.0,37104.097128796086
30.0,41.0,1936.865000629328,-1.988051154010252,1.0000000000000002,5.0,33203.40001078848
30.0,42.0,617.4152975796139,-0.0797822554532855,1.0,5.0,10584.262244221954
30.0,43.0,876.1599558982339,-0.3443927581231972,1.0,5.0,15019.884958255438
30.0,44.0,619.0301562455123,-0.0797822554532855,1.0,5.0,10611.945535637356
30.0,45.0,1663.39808704172,-1.3267984119755385,1.0,5.0,28515.39577785805
30.0,46.0,892.9379859067518,-1.7879598008291584,1.0000000000000002,5.0,15307.50832983003
30.0,47.0,1438.162609476151,-3.5303313664621188,1.0,5.0,24654.2161624483
30.0,48.0,1154.9192531930428,-2.79538222154029,1.0,5.0,19798.615769023592
30.0,49.0,2188.971084964536,-2.140740484879064,1.0,5.0,37525.21859939205
30.0,50.0,1641.6666387434566,-3.59698283785788,1.0,5.0,28142.85666417354
31.0,1.0,2584.260685457952,-4.080046116077543,1.3530593929777968,5.0,44301.61175070774
31.0,2.0,2253.6760252349795,-3.7834711675230777,1.408254974640201,5.0,38634.44614688536
31.0,3.0,2291.5847684967407,-2.9011321971935056,1.0,5.0,39284.31031708699
31.0,4.0,2220.816058297531,-3.785351207774128,1.4146008335222553,5.0,38071.13242795768
31.0,5.0,2958.220393431416,-4.659989045942842,1.7153726407743302,5.0,50712.34960168142
31.0,6.0,2609.3106813108043,-4.864763916600089,1.349734699671536,5.0,44731.04025104236
31.0,7.0,3292.880864035101,-4.80059269990505,1.6597888223017456,5.0,56449.386240601736
31.0,8.0,3420.004687761062,-5.055493296013615,1.635242720481593,5.0,58628.65179018964
31.0,9.0,3293.507243261702,-4.800591049522524,1.659663261336923,5.0,56460.12417020061
31.0,10.0,3374.405877425296,-5.055603720138056,1.643832058692254,5.0,57846.95789871936
31.0,11.0,3892.563065133142,-4.997734718337463,1.999726559269295,5.0,66729.65254513957
31.0,12.0,2990.9671185921543,-4.2539642522683545,1.7170401251781504,5.0,51273.72203300836
31.0,13.0,3074.624253905159,-4.395957288251397,1.697496572980005,5.0,52707.84435265987
31.0,14.0,1737.4053787432345,-3.636986410348492,1.5493478465845476,5.0,29784.09220702688
31.0,15.0,1897.5542320967984,-2.66012306558982,1.8190212108565489,5.0,32529.5011216594
31.0,16.0,1716.5047233670832,-3.637870700526985,1.5563800293337515,5.0,29425.795257721427
31.0,17.0,3896.026176905185,-4.997634226999924,1.9987776354164863,5.0,66789.02017551745
31.0,18.0,2993.9475610724776,-4.2539760949509215,1.7163263626523018,5.0,51324.815332671045
31.0,19.0,2483.336516869127,-3.8960620556284775,1.8582507342956411,5.0,42571.4831463279
31.0,20.0,2180.7135421264293,-3.347002359613577,1.7045778099824935,5.0,37383.66072216736
31.0,21.0,2115.0080743746166,-5.742870525712696,1.474659323031435,5.0,36257.281274993424
31.0,22.0,1551.2119907233466,-2.0380958185091167,1.0,5.0,26592.205555257373
31.0,23.0,1014.7145527658392,-1.4508071405737806,1.0,5.0,17395.106618842958
31.0,24.0,1195.766697166946,-1.913954896830775,1.2505689006289018,5.0,20498.85766571907
31.0,25.0,1292.4776653768615,-2.0074509340119246,1.0000000000000002,5.0,22156.75997788905
31.0,26.0,1044.308392661102,-1.1532778471110083,1.0,5.0,17902.429588476036
31.0,27.0,1695.0899630612412,-1.6893840807972824,1.0,5.0,29058.68508104985
31.0,28.0,1900.9230026796656,-3.036776629282819,2.076089446014993,5.0,32587.25147450856
31.0,29.0,1065.1375137906243,-0.8356513735570262,1.0,5.0,18259.500236410702
31.0,30.0,1405.8557279406116,-1.190556096474812,1.0,5.0,24100.38390755334
31.0,31.0,287.5373088853654,-0.054457823539259,0.0,0.0,4929.211009463406
31.0,32.0,1348.8700414599307,-1.334223410235799,1.0,5.0,23123.486425027382
31.0,33.0,1259.8052305899469,-3.061188595428231,1.7609382863828076,5.0,21596.661095827654
31.0,34.0,1600.2239049054976,-1.7278640094618525,1.6398723403814262,5.0,27432.40979837996
31.0,35.0,2571.668803243558,-3.877395597294486,0.9999999999999998,5.0,44085.75091274671
31.0,36.0,575.0746177707308,-0.6440200789487581,1.0,5.0,9858.422018926813
31.0,37.0,2706.329494895588,-4.689743555452822,1.9933044647409253,5.0,46394.21991249579
31.0,38.0,1282.423039222619,-2.130783863095428,1.766566375371306,5.0,21984.39495810204
31.0,39.0,1338.8418968208532,-2.0074509340119246,1.0000000000000002,5.0,22951.57537407177
31.0,40.0,1018.598453747692,-1.462284263600478,1.0,5.0,17461.68777853186
31.0,41.0,3011.27773576,-3.1877502676349545,0.9999999999999998,5.0,51621.904041599984
31.0,42.0,1691.8280327102848,-1.5065632629195045,1.0,5.0,29002.766275033453
31.0,43.0,1950.5726910289052,-1.8120747347171648,0.9999999999999998,5.0,33438.388989066945
31.0,44.0,1693.4428913761835,-1.5065632629195045,0.9999999999999998,5.0,29030.44956644886
31.0,45.0,2737.810822172391,-2.6913396844921964,1.0,5.0,46933.899808669565
31.0,46.0,1967.3507210374228,-2.3869698359434093,1.0,5.0,33726.01236064153
31.0,47.0,2512.575344606822,-3.786219757276221,1.0,5.0,43072.72019325981
31.0,48.0,2229.3319883237145,-3.136894044516876,1.0,5.0,38217.11979983511
31.0,49.0,3263.383820095207,-3.366874701783129,1.0,5.0,55943.72263020354
31.0,50.0,2716.0793738741286,-4.027195063133299,0.9999999999999996,5.0,46561.360694985065
32.0,1.0,2664.922986809784,-3.75996211413538,1.0,5.0,45684.3940595963
32.0,2.0,2331.071155174281,-3.397722659195982,1.0,5.0,39961.21980298768
32.0,3.0,2343.6061435033,-2.841088739685304,1.0,5.0,40176.10531719943
32.0,4.0,2298.391008510604,-3.397722659195982,1.0,5.0,39400.98871732464
32.0,5.0,2975.8106506268987,-5.014941869022992,1.0,5.0,51013.89686788969
32.0,6.0,2688.400638698954,-4.520015506335133,1.0,5.0,46086.86809198207
32.0,7.0,3344.899369442844,-4.756294573646942,1.6495186703356626,5.0,57341.1320475916
32.0,8.0,3472.023945142667,-5.013127249272347,1.6257170023946352,5.0,59520.41048816
32.0,9.0,3345.5257457156517,-4.756292987834169,1.649396987530495,5.0,57351.86992655403
32.0,10.0,3426.425338069768,-5.013233484521346,1.6340489799621976,5.0,58738.72008119601
32.0,11.0,3932.469955354878,-4.855875910084838,1.8617244675566116,5.0,67413.77066322649
32.0,12.0,3041.3717782253884,-4.213918077345668,1.7056359551962297,5.0,52137.80191243523
32.0,13.0,3124.9196069188674,-4.360528908515676,1.6867755649839584,5.0,53570.05040432345
32.0,14.0,1811.2949177525145,-3.017461055663092,1.0,5.0,31050.77001861453
32.0,15.0,1956.6740500874623,-2.3578895538093683,1.5500562063237582,5.0,33542.98371578507
32.0,16.0,1790.4439101929424,-3.017461055663092,1.0,5.0,30693.324174736157
32.0,17.0,3935.9304190511966,-4.855826131224933,1.860943941520261,5.0,67473.09289802052
32.0,18.0,3044.348055038104,-4.213952805548491,1.704947503005371,5.0,52188.823800653205
32.0,19.0,2545.117570263631,-3.636225009396533,1.6472274369639806,5.0,43630.58691880511
32.0,20.0,2242.354082784855,-3.060803417197081,1.4800017519865274,5.0,38440.35570488323
32.0,21.0,1133.3187796635812,-7.666540320729925,1.0,5.0,19428.32193708996
32.0,22.0,541.4461598918267,-1.7439911030499813,1.0,5.0,9281.934169574171
32.0,23.0,1073.9785180441704,-0.9534050343832448,1.0,5.0,18411.060309328637
32.0,24.0,1255.0306577274353,-1.481432328005809,1.2387367473439836,5.0,21514.81127532746
32.0,25.0,867.9612094967629,-1.4159285987942416,1.6624548956754226,5.0,14879.335019944509
32.0,26.0,1103.5723579394337,-0.6630735939767718,1.0,5.0,18918.38327896172
32.0,27.0,1747.1113380678005,-1.5962292105099136,1.0,5.0,29950.48008116229
32.0,28.0,1962.1881234008647,-2.6653022973948555,1.5517022484797027,5.0,33637.510686871974
32.0,29.0,1117.1588887971843,-0.646002547463124,1.0,5.0,19151.29523652316
32.0,30.0,1457.8771029471714,-1.0710166692028518,1.0,5.0,24992.178907665795
32.0,31.0,1394.513319961992,-2.5106104752207115,1.0,5.0,23905.942627919863
32.0,32.0,270.72307994591336,-0.0512733104891684,0.0,0.0,4640.967084787087
32.0,33.0,1368.0560551414014,-2.5106104752207115,1.0,5.0,23452.389516709736
32.0,34.0,625.5839941395994,-0.0913059012709925,1.0,5.0,10724.297042393133
32.0,35.0,2540.692261727685,-4.46385993539619,1.8224677550701016,5.0,43554.72448676032
32.0,36.0,1553.9784810420826,-1.3626142096351317,1.0,5.0,26639.63110357856
32.0,37.0,1808.4571042272564,-4.253935960595356,1.37802566260376,5.0,31002.121786752967
32.0,38.0,1346.8793396073318,-1.1997392673987513,1.0,5.0,23089.36010755426
32.0,39.0,914.1995515480684,-1.4190279255553202,1.626648588536178,5.0,15671.992312252598
32.0,40.0,1077.8624190260232,-0.9694312652249092,1.0,5.0,18477.64146901754
32.0,41.0,3063.299110766559,-3.1599028453362834,0.9999999999999998,5.0,52513.69904171244
32.0,42.0,1743.8494077168446,-1.4199581804180357,1.0,5.0,29894.561275145905
32.0,43.0,2002.5940660354647,-1.7465114429745263,0.9999999999999998,5.0,34330.18398917939
32.0,44.0,1745.464266382743,-1.4199581804180357,1.0,5.0,29922.244566561312
32.0,45.0,2789.83219717895,-2.659991169564039,1.0,5.0,47825.694808782006
32.0,46.0,2019.3720960439823,-2.30513712151558,1.0,5.0,34617.80736075398
32.0,47.0,2547.078144774865,-4.268730476861933,1.7138239645930224,5.0,43664.19676756913
32.0,48.0,2281.353363330273,-3.0618115975731257,1.0,5.0,39108.91479994754
32.0,49.0,3108.763813244749,-3.7561910310739615,1.8868488133421728,5.0,53293.09394133856
32.0,50.0,2586.0953485497967,-4.179644666346392,1.8851646085599287,5.0,44333.06311799651
33.0,1.0,2558.0189333182548,-4.056678950292564,1.3568826728562189,5.0,43851.75314259865
33.0,2.0,2227.5148965771104,-3.761106120954696,1.4133772904470012,5.0,38185.96965560761
33.0,3.0,2265.12750367615,-2.86676918328894,1.0,5.0,38830.75720587686
33.0,4.0,2194.653652907405,-3.763044830676254,1.4198848488160023,5.0,37622.63404984123
33.0,5.0,2931.9268264161265,-4.637024602840555,1.721809724850104,5.0,50261.60273856216
33.0,6.0,2583.092900096751,-4.849914582490621,1.3534858684303868,5.0,44281.59257308716
33.0,7.0,3266.424092649141,-4.777700710696859,1.6651376666300064,5.0,55995.841588271
33.0,8.0,3393.5476093953403,-5.033648283457932,1.6401994847652903,5.0,58175.101875348686
33.0,9.0,3267.0504734162737,-4.777699028486177,1.6650100617749322,5.0,56006.57954427898
33.0,10.0,3347.948693118616,-5.033760771826584,1.6489243116138144,5.0,57393.40616774769
33.0,11.0,3867.2964909477023,-4.972472858692941,2.007060910482475,5.0,66296.51127338917
33.0,12.0,2964.5575697444942,-4.228346446976085,1.7234346643797112,5.0,50820.986909905616
33.0,13.0,3048.211188523007,-4.370507520089109,1.7035457978518276,5.0,52255.04894610869
33.0,14.0,1711.6387710658846,-3.620757027557626,1.558301695033661,5.0,29342.378932558026
33.0,15.0,1871.396516584344,-2.624725487728624,1.8315332493656944,5.0,32081.08314144589
33.0,16.0,1690.7381647208824,-3.621677578589371,1.565567191806905,5.0,28984.082823786557
33.0,17.0,3870.759637223232,-4.9723707208055865,2.0060978913462204,5.0,66355.87949525542
33.0,18.0,2967.537993155018,-4.228358534623545,1.7227081202585564,5.0,50872.079882657454
33.0,19.0,2457.217850833757,-3.870404653684061,1.8680955807975343,5.0,42123.73458572156
33.0,20.0,2154.5549775850764,-3.318576153714351,1.7138139826280383,5.0,36935.22818717274
33.0,21.0,2088.543235872816,-5.749701573937906,1.4807916868346314,5.0,35803.59832924827
33.0,22.0,1524.7547259027556,-2.0008182289496466,1.0,5.0,26138.65244404724
33.0,23.0,988.2572879452488,-1.4124408125082906,1.0,5.0,16941.553507632834
33.0,24.0,1169.309434611908,-1.882118113474018,1.256238376708117,5.0,20045.304593346995
33.0,25.0,1266.020400556271,-1.9747975522798544,0.9999999999999998,5.0,21703.20686667893
33.0,26.0,1017.8511278405116,-1.1066026037205554,1.0,5.0,17448.87647726591
33.0,27.0,1668.63269824065,-1.6441125423643177,1.0,5.0,28605.13196983972
33.0,28.0,1875.2582689562296,-3.0084850384225734,2.0919229952761493,5.0,32147.28461067822
33.0,29.0,1038.6802489700335,-0.7795713838530381,1.0,5.0,17805.94712520058
33.0,30.0,1379.3984631200212,-1.138697640437923,1.0,5.0,23646.830796343223
33.0,31.0,1261.1522117896538,-3.0549262278902525,1.7609382863828076,5.0,21619.75220210835
33.0,32.0,1322.41277663934,-1.2864392720994864,1.0,5.0,22669.93331381725
33.0,33.0,274.30867647507006,-0.0519524007394901,0.0,0.0,4702.434453858344
33.0,34.0,1573.8295032498283,-1.6846536579426468,1.6507471126616369,5.0,26979.93434142563
33.0,35.0,2545.211538422968,-3.851592509609541,1.0000000000000002,5.0,43632.19780153658
33.0,36.0,548.6173529501401,-0.6020387912881227,1.0,5.0,9404.868907716687
33.0,37.0,2681.6178172919467,-4.670937591663903,2.0042949292411065,5.0,45970.59115357623
33.0,38.0,1256.2288351428076,-2.098166810776623,1.78363156340427,5.0,21535.351459590987
33.0,39.0,1312.384632000263,-1.9747975522798544,1.0,5.0,22498.02226286165
33.0,40.0,992.1411889271014,-1.423967043995776,1.0,5.0,17008.13466732174
33.0,41.0,2984.820470939409,-3.152012837919034,0.9999999999999996,5.0,51168.35093038986
33.0,42.0,1665.3707678896944,-1.4580092450177686,1.0,5.0,28549.213163823333
33.0,43.0,1924.1154262083144,-1.7662975560491552,0.9999999999999998,5.0,32984.83587785682
33.0,44.0,1666.9856265555927,-1.4580092450177686,0.9999999999999998,5.0,28576.89645523873
33.0,45.0,2711.3535573518,-2.6519622088749726,1.0,5.0,46480.34669745942
33.0,46.0,1940.893456216832,-2.349839600581893,1.0,5.0,33272.459249431406
33.0,47.0,2486.118079786231,-3.760622431869286,1.0,5.0,42619.16708204967
33.0,48.0,2202.874723503123,-3.1067875395272235,1.0,5.0,37763.56668862497
33.0,49.0,3236.9265552746165,-3.331661323358568,1.0,5.0,55490.16951899343
33.0,50.0,2689.622109053537,-4.001510247867927,0.9999999999999998,5.0,46107.80758377491
34.0,1.0,2394.0678309787254,-3.6001886323292043,1.0,5.0,41041.16281677815
34.0,2.0,2060.2159993432224,-3.2567805106477694,1.0,5.0,35317.98856016953
34.0,3.0,2072.750987672241,-2.613351795350344,1.0000000000000002,5.0,35532.87407438129
34.0,4.0,2027.5358526795455,-3.2567805106477694,1.0,5.0,34757.7574745065
34.0,5.0,2704.95549479584,-4.94967431681264,1.0,5.0,46370.665625071546
34.0,6.0,2417.545482867896,-4.451790007077802,1.0,5.0,41443.63684916394
34.0,7.0,3074.053235440092,-4.612788330355345,1.7068015570066963,5.0,52698.05546468729
34.0,8.0,3201.174143379964,-4.8765284341259845,1.67870725353246,5.0,54877.27102937081
34.0,9.0,3074.679628131836,-4.612786389618999,1.7066574668653889,5.0,52708.79362511719
34.0,10.0,3155.574408024888,-4.87665762789663,1.6885212897996866,5.0,54095.56128042665
34.0,11.0,3672.981590747097,-4.666456229709016,1.9277556257446424,5.0,62965.39869852167
34.0,12.0,2771.447336076705,-4.049813014954503,1.7743099529099429,5.0,47510.525761314944
34.0,13.0,2854.9424224981326,-4.193238554598427,1.7516586376780086,5.0,48941.87009996799
34.0,14.0,1540.4397619214558,-2.9733488968820163,1.0,5.0,26407.538775796387
34.0,15.0,1685.799147216986,-2.139906910401057,1.6383968426109463,5.0,28899.41395229119
34.0,16.0,1519.5887543618835,-2.9733488968820163,1.0,5.0,26050.092931918003
34.0,17.0,3676.4434287945614,-4.666396518891959,1.9268501109397165,5.0,63024.74449362105
34.0,18.0,2774.422979663015,-4.049856395309561,1.7734810498587903,5.0,47561.53679422312
34.0,19.0,2274.566807405998,-3.4857029831897908,1.72475707800227,5.0,38992.57384124568
34.0,20.0,1971.4839071100416,-2.8977643434304428,1.545924987261658,5.0,33796.866979029284
34.0,21.0,1380.0526783195303,-6.535662876478738,1.0,5.0,23658.045914049097
34.0,22.0,1332.3782098988472,-1.7262979122716322,1.0,5.0,22840.769312551667
34.0,23.0,803.1233622131118,-0.7374121721933228,1.0,5.0,13767.829066510489
34.0,24.0,984.1755280755806,-1.331596501039613,1.304439587883699,5.0,16871.580481295667
34.0,25.0,615.4586985177324,-0.7358160909224153,1.0000000000000002,5.0,10550.72054601827
34.0,26.0,832.7172021083747,-0.3466300762927222,1.0,5.0,14275.152036143569
34.0,27.0,1476.256182236742,-1.301048863398243,1.0000000000000002,5.0,25307.24883834415
34.0,28.0,1695.9510630647458,-2.5008645111054557,1.6383861649422131,5.0,29073.44679539564
34.0,29.0,846.3037329661255,-0.3313142974698577,1.0,5.0,14508.063993705007
34.0,30.0,1187.0219471161126,-0.736808046160837,1.0,5.0,20348.947664847645
34.0,31.0,1123.6581641309335,-2.6030288558018717,1.0,5.0,19262.71138510172
34.0,32.0,1130.0362606354315,-0.9201254377289534,1.0,5.0,19372.050182321687
34.0,33.0,1097.2008993103427,-2.6030288558018717,1.0,5.0,18809.15827389159
34.0,34.0,307.7293492588662,-0.0582820736020434,0.0,0.0,5275.360273009135
34.0,35.0,2307.208740238301,-4.225755181567518,1.7924482014366223,5.0,39552.149832656585
34.0,36.0,1283.1233252110242,-1.0751032677755028,1.0,5.0,21996.39986076041
34.0,37.0,2056.7493195483426,-3.904152709321973,1.641672544401864,5.0,35258.55976368587
34.0,38.0,1076.0241837762735,-0.927777264713293,1.0,5.0,18446.12886473612
34.0,39.0,661.8229299617242,-0.7358160909224153,1.0000000000000002,5.0,11345.535942200986
34.0,40.0,807.0072631949648,-0.7537108070854394,0.9999999999999998,5.0,13834.410226199396
34.0,41.0,2792.4439549355,-2.8867454589178374,0.9999999999999998,5.0,47870.46779889429
34.0,42.0,1472.994251885786,-1.087068777515568,1.0,5.0,25251.33003232776
34.0,43.0,1731.7389102044058,-1.4196697360219233,1.0,5.0,29686.95274636124
34.0,44.0,1474.6091105516846,-1.087068777515568,1.0,5.0,25279.01332374316
34.0,45.0,2518.977041347892,-2.35796274729612,1.0,5.0,43182.46356596385
34.0,46.0,1748.5169402129234,-2.074868831729839,1.0,5.0,29974.576117935827
34.0,47.0,2293.741563782323,-3.577163641417293,1.0,5.0,39321.283950554105
34.0,48.0,2010.4982074992151,-2.8883182776114227,1.0,5.0,34465.6835571294
34.0,49.0,2979.5078752793847,-3.5322839568867987,1.8850940230214197,5.0,51077.27786193232
34.0,50.0,2514.9903945216165,-4.075176400668208,1.8812408352130623,5.0,43114.121048942
35.0,1.0,1902.263642097163,-3.031768113789401,1.0000000000000002,5.0,32610.233864522797
35.0,2.0,2672.780137438008,-3.651897498085673,1.0,5.0,45819.08807036585
35.0,3.0,1562.7923588541855,-2.480489137492456,1.0,5.0,26790.726151786035
35.0,4.0,2640.0999907743308,-3.651897498085673,1.0000000000000002,5.0,45258.85698470281
35.0,5.0,2248.796475569955,-4.051430019641363,1.0,5.0,38550.79672405637
35.0,6.0,3030.109620962681,-4.688465870907891,1.0,5.0,51944.73635936025
35.0,7.0,2566.9089099763496,-4.4853585964780205,1.853914436545582,5.0,44004.15274245171
35.0,8.0,2693.3592906630474,-4.760469720899774,1.8135799148379967,5.0,46171.87355422368
35.0,9.0,2567.534375189397,-4.485370685028414,1.853705950899695,5.0,44014.8750032468
35.0,10.0,2647.8247267870506,-4.75967405697875,1.8275980589114251,5.0,45391.28103063515
35.0,11.0,3157.858842706223,-4.248829898776635,1.8864515218096505,5.0,54134.723017820965
35.0,12.0,2269.0063195605458,-3.742882387547531,1.6968914337196457,5.0,38897.251192466494
35.0,13.0,2352.9521890662745,-3.872018240608312,1.6720259568325724,5.0,40336.32324113614
35.0,14.0,2153.003900016241,-3.217819797190236,1.0,5.0,36908.63828599271
35.0,15.0,1175.7026543819857,-1.5836182472957392,1.0,5.0,20154.90264654833
35.0,16.0,2132.152892456669,-3.217819797190236,1.0,5.0,36551.192442114334
35.0,17.0,3161.327729609814,-4.248808069261576,1.8854494991960904,5.0,54194.18965045396
35.0,18.0,2271.990442277997,-3.742889401304924,1.695975664488219,5.0,38948.40758190852
35.0,19.0,1759.5130099665262,-3.1357155317053755,1.6117391756354815,5.0,30163.080170854737
35.0,20.0,1461.3697715409317,-2.505738916447564,1.0,5.0,25052.053226415974
35.0,21.0,1475.027761927308,-6.37137312783862,1.0,5.0,25286.190204468137
35.0,22.0,883.1551421555536,-1.3997987769247306,1.0,5.0,15139.802436952346
35.0,23.0,1415.6875003078972,-1.373518324355283,1.0,5.0,24268.92857670681
35.0,24.0,1596.7396200674343,-1.8266025539073816,1.187646058798267,5.0,27372.679201156017
35.0,25.0,1195.9563936326888,-1.587079654041352,1.4496957788797182,5.0,20502.109605131805
35.0,26.0,1445.28134020316,-1.153306079018605,1.0,5.0,24776.251546339885
35.0,27.0,966.297553418686,-1.2467602194174408,1.0,5.0,16565.100915748902
35.0,28.0,1235.7328999143224,-2.3879374017333763,1.0000000000000002,5.0,21183.99256995981
35.0,29.0,1458.867871060911,-1.136703403187748,1.0,5.0,25009.16350390133
35.0,30.0,677.0633182980566,-0.8300924783643399,1.0,5.0,11606.7997422524
35.0,31.0,1736.222302225719,-2.660033045066008,1.0,5.0,29763.81089529804
35.0,32.0,680.8131928921381,-0.2931187079490744,1.0,5.0,11671.083306722368
35.0,33.0,1709.7650374051282,-2.660033045066008,1.0,5.0,29310.25778408791
35.0,34.0,967.2929764033266,-0.5411778839326394,1.0,5.0,16582.165309771313
35.0,35.0,338.5316591490283,-0.0641158444024398,0.0,0.0,5803.3998711262
35.0,36.0,1895.6874633058096,-1.7940898018492668,1.0,5.0,32497.49937095673
35.0,37.0,2030.9828334274173,-4.473942880463385,1.7967085029720151,5.0,34816.84857304144
35.0,38.0,1688.588321871059,-1.6310375766928995,1.0,5.0,28947.22837493244
35.0,39.0,1242.5100532415104,-1.5851511163024368,1.4318685630099917,5.0,21300.172341283032
35.0,40.0,1419.57140128975,-1.3881021355372871,1.0,5.0,24335.509736395717
35.0,41.0,2282.485326117444,-2.5181156142392007,1.0,5.0,39128.31987629904
35.0,42.0,963.0356230677298,-0.8887991499790058,1.0,5.0,16509.182109732512
35.0,43.0,1221.7802813863498,-1.1064673869057255,1.0,5.0,20944.804823766
35.0,44.0,964.6504817336285,-0.8887991499790058,1.0,5.0,16536.865401147912
35.0,45.0,2009.018412529836,-1.9451356433804856,1.0,5.0,34440.31564336861
35.0,46.0,1238.5583113948676,-2.077834086446733,1.0,5.0,21232.428195340588
35.0,47.0,1783.7829349642673,-3.648597152824749,1.0,5.0,30579.13602795887
35.0,48.0,1500.539578681159,-2.951036069729251,1.0,5.0,25723.535634534142
35.0,49.0,2534.591410452651,-2.6707441159353804,1.0,5.0,43450.13846490259
35.0,50.0,1987.286964231573,-3.7958727428423193,1.0,5.0,34067.77652968411
36.0,1.0,2412.7404591842624,-3.399376124648757,1.6712397094553793,5.0,41361.26501458736
36.0,2.0,2068.9733035595204,-3.263576759526635,1.0,5.0,35468.11377530606
36.0,3.0,2081.508291888539,-2.623288025708719,1.0000000000000004,5.0,35682.999289517815
36.0,4.0,2036.293156895844,-3.263576759526635,1.0,5.0,34907.88268964303
36.0,5.0,2749.500258550165,-4.477904872025961,1.7698892387652183,5.0,47134.29014657426
36.0,6.0,2426.3027870841934,-4.45569349744585,1.0,5.0,41593.76206430046
36.0,7.0,3082.810164751938,-4.619051621941942,1.7047918732064806,5.0,52848.17425289036
36.0,8.0,3209.9312102590816,-4.882487045445447,1.6768539500206951,5.0,55027.392175869965
36.0,9.0,3083.436556871875,-4.619049694174448,1.7046486012206323,5.0,52858.91240351786
36.0,10.0,3164.331514142975,-4.882615403798985,1.6866140765503674,5.0,54245.68309959386
36.0,11.0,3649.9374108729353,-4.508148189607635,1.7577673120271229,5.0,62570.3556149646
36.0,12.0,2781.2914844675147,-4.049879165770936,1.771164235372288,5.0,47679.28259087168
36.0,13.0,2864.918022521828,-4.193014973772651,1.7486051761119468,5.0,49112.88038608847
36.0,14.0,1549.1970661377536,-2.977061812229296,1.0,5.0,26557.66399093292
36.0,15.0,1694.4185874163395,-1.7263329541077328,1.0000000000000002,5.0,29047.175784280105
36.0,16.0,1528.3460585781816,-2.977061812229296,1.0,5.0,26200.21814705454
36.0,17.0,3653.400058278988,-4.508136812774774,1.7570369291617325,5.0,62629.71528478264
36.0,18.0,2784.2717690551744,-4.049893152633235,1.7703387081405657,5.0,47730.373183802985
36.0,19.0,2279.446606677521,-3.1662637768264696,1.4711414006930448,5.0,39076.22754304321
36.0,20.0,1980.0857045752853,-2.539095403315561,1.0,5.0,33944.326364147746
36.0,21.0,1904.9487134738288,-5.826786733238687,1.5281492125168494,5.0,32656.26365955136
36.0,22.0,1341.1355141151453,-1.7360783089755585,1.0,5.0,22990.894527688204
36.0,23.0,804.6380761576381,-1.1415555666555277,1.0,5.0,13793.795591273796
36.0,24.0,985.6902418356792,-1.6640426981704293,1.3039717540577964,5.0,16897.54700289736
36.0,25.0,1082.4011887686602,-1.750098790736551,1.0000000000000002,5.0,18555.44895031989
36.0,26.0,834.2319160529009,-0.7609184897697855,1.0,5.0,14301.118560906874
36.0,27.0,1485.01348645304,-1.3146393303211623,1.0,5.0,25457.37405348069
36.0,28.0,1704.5446428867092,-2.5090614151024546,1.6351592546523832,5.0,29220.7653066293
36.0,29.0,855.0610371824232,-0.3487474918766834,1.0,5.0,14658.18920884154
36.0,30.0,1195.7792513324105,-0.7528930487176774,1.0,5.0,20499.07287998418
36.0,31.0,1132.4154683472311,-2.6018759271981464,1.0,5.0,19412.83660023825
36.0,32.0,1138.7935648517296,-0.9341154424587615,1.0,5.0,19522.17539745822
36.0,33.0,1105.9582035266403,-2.6018759271981464,1.0,5.0,18959.283489028123
36.0,34.0,1425.273348362918,-1.2252418187798153,1.0,5.0,24433.25740050717
36.0,35.0,2361.5923266353566,-3.6728070004470217,1.0000000000000004,5.0,40484.43988517754
36.0,36.0,402.3190380788191,-0.0761967873564385,0.0,0.0,6896.897795636898
36.0,37.0,2510.80659200954,-4.542705295950089,2.087893196800444,5.0,43042.39872016354
36.0,38.0,1077.5388977207997,-1.231499500310299,1.0,5.0,18472.095389499424
36.0,39.0,1128.765420212652,-1.750098790736551,1.0000000000000002,5.0,19350.264346502605
36.0,40.0,808.5219771394909,-1.1534345553796104,1.0,5.0,13860.3767509627
36.0,41.0,2801.2012591517982,-2.8977438944378733,1.0,5.0,48020.59301403083
36.0,42.0,1481.7515561020834,-1.1021130737071367,1.0000000000000002,5.0,25401.455247464288
36.0,43.0,1740.4962144207036,-1.4338578081564874,1.0,5.0,29837.077961497776
36.0,44.0,1483.366414767982,-1.1021130737071367,1.0,5.0,25429.138538879688
36.0,45.0,2527.7343455641894,-2.370209714627866,1.0000000000000002,5.0,43332.58878110039
36.0,46.0,1757.2742444292214,-2.0854148276793256,1.0000000000000002,5.0,30124.701333072368
36.0,47.0,2302.4988679986204,-3.5837871167892543,1.0000000000000002,5.0,39471.40916569063
36.0,48.0,2019.2555117155125,-2.896383952320716,1.0000000000000002,5.0,34615.808772265926
36.0,49.0,3053.307343487005,-3.0813222699281217,1.0,5.0,52342.41160263437
36.0,50.0,2506.0028972659265,-3.823183946825913,1.0,5.0,42960.04966741588
37.0,1.0,2246.35232365132,-3.387400720246302,1.0000000000000004,5.0,38508.89697687977
37.0,2.0,3016.868818992166,-4.022318102217423,1.0,5.0,51717.751182722845
37.0,3.0,1906.8810404083429,-2.869971387655513,1.0000000000000002,5.0,32689.38926414302
37.0,4.0,2984.188672328489,-4.022318102217423,1.0,5.0,51157.52009705981
37.0,5.0,2592.8851571241125,-4.309224993634442,1.0,5.0,44449.45983641336
37.0,6.0,3374.1983025168392,-4.974771520266875,1.0,5.0,57843.39947171724
37.0,7.0,2911.037707108996,-4.872613633477823,2.114653584372532,5.0,49903.50355043993
37.0,8.0,3037.6799154025066,-5.12849829228224,2.067926321689125,5.0,52074.51283547154
37.0,9.0,2911.663567175722,-4.872615763991812,2.1144133883773346,5.0,49914.23258015524
37.0,10.0,2992.117351309612,-5.1283614380411136,2.0842252449706504,5.0,51293.440308164776
37.0,11.0,3476.8178629932204,-4.720079264812083,2.080912843858812,5.0,59602.59193702664
37.0,12.0,2615.0242634470446,-4.223372712831667,2.0054828149623014,5.0,44828.98737337791
37.0,13.0,2699.065542656381,-4.349753575839924,1.9742198401738456,5.0,46269.695016966536
37.0,14.0,2497.0925815703995,-3.5848434029553866,0.9999999999999998,5.0,42807.3013983497
37.0,15.0,1519.7913359361426,-2.061283315974017,1.0000000000000002,5.0,26053.5657589053
37.0,16.0,2476.241574010827,-3.5848434029553866,1.0,5.0,42449.85555447132
37.0,17.0,3480.270690830208,-4.720062266769211,2.0798390833836127,5.0,59661.78327137499
37.0,18.0,2618.009580405632,-4.223357130248912,2.0043366852661952,5.0,44880.16423552512
37.0,19.0,2105.080746337428,-3.638299038039751,2.0092409518962544,5.0,36087.098508641626
37.0,20.0,1805.4584530950888,-2.845020854606866,1.0000000000000002,5.0,30950.71633877295
37.0,21.0,1443.4223778323376,-6.893778728496863,1.0,5.0,24744.383619982927
37.0,22.0,1227.2438237097108,-1.8299221704770603,0.9999999999999998,5.0,21038.46554930933
37.0,23.0,1759.776181862055,-1.9611366786811104,1.0,5.0,30167.5916890638
37.0,24.0,1940.8282894250096,-2.346615084969344,1.1543783513289194,5.0,33271.34210442873
37.0,25.0,1530.1415385816242,-2.0942400341797045,1.344330975962487,5.0,26230.99780425641
37.0,26.0,1789.3700217573178,-1.7845078025084942,1.0,5.0,30674.91465869688
37.0,27.0,1310.386234972843,-1.742189101551375,1.0,5.0,22463.76402810589
37.0,28.0,1579.8215814684795,-2.682001277459904,1.0,5.0,27082.655682316792
37.0,29.0,1802.956552615068,-1.769855303255521,1.0,5.0,30907.826616258317
37.0,30.0,1021.1519998522136,-1.3483842642505703,1.0,5.0,17505.46285460938
37.0,31.0,2080.310983779877,-3.0433263191070914,0.9999999999999998,5.0,35662.47400765502
37.0,32.0,1024.901874446295,-1.0273800693893689,1.0,5.0,17569.74641907935
37.0,33.0,2053.8537189592857,-3.0433263191070914,0.9999999999999998,5.0,35208.9208964449
37.0,34.0,1311.381657957484,-1.2520060370641315,0.9999999999999998,5.0,22480.828422128296
37.0,35.0,592.0639793695088,-0.7627535660329842,1.0,5.0,10149.66821776301
37.0,36.0,2239.7761448599667,-2.3474028725248823,1.0,5.0,38396.16248331371
37.0,37.0,296.0319896847544,-0.056066664596403,0.0,0.0,5074.834108881505
37.0,38.0,2032.677003425216,-2.197734393601221,1.0,5.0,34845.89148728942
37.0,39.0,1576.646581018032,-2.0933579145230485,1.3338047417737735,5.0,27028.227103166264
37.0,40.0,1763.6600828439075,-1.9737850553191325,1.0000000000000002,5.0,30234.172848752703
37.0,41.0,2626.571854239007,-3.237681016989808,1.401016696210449,5.0,45026.94607266869
37.0,42.0,1307.1243046218867,-1.4941738114272145,1.0,5.0,22407.845222089487
37.0,43.0,1565.8671359749144,-2.1788222337463594,1.6726635962584688,5.0,26843.436616712817
37.0,44.0,1308.7391632877852,-1.4941738114272145,1.0,5.0,22435.528513504887
37.0,45.0,1324.3405636650082,-3.108451175193472,1.0000000000000002,5.0,22702.981091400143
37.0,46.0,1603.3473271847452,-2.6860428480249703,1.6729964495897975,5.0,27485.95418030992
37.0,47.0,1065.918102692643,-3.124979420741318,1.0000000000000002,5.0,18272.881760445307
37.0,48.0,782.6747464095354,-2.2118652848200653,1.0,5.0,13417.281367020603
37.0,49.0,1392.036434148454,-3.131542815454156,1.0,5.0,23863.48172825921
37.0,50.0,1269.422131959949,-3.096231825356396,1.0,5.0,21761.522262170554
38.0,1.0,2500.364613261943,-3.4348082261350004,1.6477158319152572,5.0,42863.393370204736
38.0,2.0,2156.766696774911,-3.2760135038658804,1.0,5.0,36973.14337328418
38.0,3.0,2169.30168510393,-2.666900193478372,1.0000000000000002,5.0,37188.02888749594
38.0,4.0,2124.086550111234,-3.2760135038658804,1.0,5.0,36412.91228762115
38.0,5.0,2836.6967179899725,-4.496886024354611,1.7461266124903498,5.0,48629.08659411382
38.0,6.0,2514.096180299585,-4.448137724864109,1.0,5.0,43098.79166227859
38.0,7.0,3170.599357846976,-4.644173760136906,1.6852585561772129,5.0,54353.1318488053
38.0,8.0,3297.721777676456,-4.906355736415112,1.6588187356673938,5.0,56532.373331596384
38.0,9.0,3171.225744396407,-4.644171958206911,1.6851231150042143,5.0,54363.86990393841
38.0,10.0,3252.1224640495134,-4.906475977009634,1.668062106883552,5.0,55750.67081227737
38.0,11.0,3734.2898463250494,-4.555687811252139,1.7396206452516674,5.0,64016.39736557227
38.0,12.0,2868.901261074453,-4.078949670325692,1.7475816526666483,5.0,49181.16447556205
38.0,13.0,2952.54233584677,-4.224587761473742,1.7263623187235262,5.0,50615.01147165892
38.0,14.0,1636.9904593531442,-2.941977701049841,1.0,5.0,28062.693588911043
38.0,15.0,1782.2119806317305,-1.7784642229999872,1.0,5.0,30552.20538225823
38.0,16.0,1616.139451793572,-2.941977701049841,1.0,5.0,27705.247745032662
38.0,17.0,3737.751719904683,-4.5556775049702365,1.738925051194737,5.0,64075.74376979456
38.0,18.0,2871.8816132666625,-4.078962658673349,1.7468058208327966,5.0,49232.2562274285
38.0,19.0,2367.2823070574445,-3.1963763102229525,1.4535914423304153,5.0,40581.98240669905
38.0,20.0,2067.879097790676,-2.573093395650984,1.0000000000000002,5.0,35449.35596212587
38.0,21.0,1992.6383011964265,-5.700982907403676,1.5043943553844277,5.0,34159.51373479587
38.0,22.0,1428.9289073305358,-1.7461980498377694,1.0,5.0,24495.924125666326
38.0,23.0,892.4314693730288,-1.083089252813646,1.0,5.0,15298.825189251922
38.0,24.0,1073.4836251817082,-1.608910598236326,1.279111822011305,5.0,18402.57643168643
38.0,25.0,1170.1945819840512,-1.7147403165001256,0.9999999999999998,5.0,20060.478548298022
38.0,26.0,922.0253092682918,-0.738626871674768,0.9999999999999998,5.0,15806.148158885004
38.0,27.0,1572.8068796684306,-1.366699620945912,1.0000000000000002,5.0,26962.403651458808
38.0,28.0,1790.6479381617798,-2.521454705466661,1.6045258913948728,5.0,30696.821797059085
38.0,29.0,942.854430397814,-0.3705950766113647,1.0000000000000002,5.0,16163.218806819668
38.0,30.0,1283.572644547801,-0.8076757808297912,1.0,5.0,22004.102477962304
38.0,31.0,1220.208861562622,-2.493872403282221,1.0,5.0,20917.86619821638
38.0,32.0,1226.58695806712,-0.9638353378982664,1.0000000000000002,5.0,21027.204995436343
38.0,33.0,1193.7515967420316,-2.493872403282221,1.0,5.0,20464.313087006256
38.0,34.0,1513.0667415783082,-1.2762006700059514,1.0,5.0,25938.286998485284
38.0,35.0,2449.385719850748,-3.692885729673921,1.0000000000000002,5.0,41989.46948315568
38.0,36.0,452.7915343779204,0.1135493531163469,1.0,5.0,7762.140589335778
38.0,37.0,2591.266718850967,-4.540662038507684,2.0462392455348035,5.0,44421.71518030229
38.0,38.0,226.3957671889602,-0.0428779861208441,0.0,0.0,3881.070294667889
38.0,39.0,1216.558813428043,-1.7147403165001256,0.9999999999999998,5.0,20855.293944480745
38.0,40.0,896.3153703548818,-1.0966454879182834,0.9999999999999998,5.0,15365.406348940827
38.0,41.0,2888.994652367189,-2.9651187306802056,0.9999999999999998,5.0,49525.62261200896
38.0,42.0,1569.544949317475,-1.1679532559190469,1.0,5.0,26906.48484544242
38.0,43.0,1828.2896076360948,-1.504886301508033,1.0,5.0,31342.107559475917
38.0,44.0,1571.1598079833732,-1.1679532559190469,1.0,5.0,26934.16813685783
38.0,45.0,2615.5277387795804,-2.444853377501963,1.0000000000000002,5.0,44837.61837907852
38.0,46.0,1845.067637644612,-2.122053803547105,1.0,5.0,31629.730931050493
38.0,47.0,2390.292261214011,-3.5996111030187565,1.0,5.0,40976.43876366876
38.0,48.0,2107.0489049309035,-2.9189255793756086,1.0,5.0,36120.838370244055
38.0,49.0,3141.1007367023963,-3.151786565771242,1.0,5.0,53847.441200612506
38.0,50.0,2593.796290481318,-3.8469391247645066,1.0,5.0,44465.07926539402
39.0,1.0,2701.161922631909,-3.890677179300172,1.0,5.0,46305.63295940415
39.0,2.0,2367.310090996406,-3.543389414938209,1.0,5.0,40582.458702795535
39.0,3.0,2379.8450793254246,-2.994241251476846,1.0000000000000002,5.0,40797.34421700728
39.0,4.0,2334.629944332729,-3.543389414938209,1.0,5.0,40022.2276171325
39.0,5.0,3012.0495864490226,-5.123503097609316,1.0,5.0,51635.13576769753
39.0,6.0,2724.63957452108,-4.639997887594965,1.0,5.0,46708.10699178994
39.0,7.0,3381.1396220922684,-4.862636964475189,1.6425512307662222,5.0,57962.39352158175
39.0,8.0,3508.264421243034,-5.114731726111288,1.6192483114676053,5.0,60141.67579273773
39.0,9.0,3381.765996342171,-4.862635415238332,1.6424321443386551,5.0,57973.13136586579
39.0,10.0,3462.665953358328,-5.114835579471743,1.6274077825192528,5.0,59359.98777185705
39.0,11.0,3969.314389722259,-4.953775292346196,1.8536001596208709,5.0,68045.38953809587
39.0,12.0,3077.5111343365584,-4.332056263128837,1.6973608820261017,5.0,52757.33373148386
39.0,13.0,3161.063676412718,-4.474328678121086,1.678934491448533,5.0,54189.66302421802
39.0,14.0,1847.533853574639,-3.191748559096782,1.0,5.0,31672.008918422383
39.0,15.0,1992.9152209769811,-2.53891899831408,1.5400574026426417,5.0,34164.26093103396
39.0,16.0,1826.6828460150664,-3.191748559096782,1.0000000000000002,5.0,31314.563074544
39.0,17.0,3972.7746822684576,-4.953726499085007,1.852834360719004,5.0,68104.70883888785
39.0,18.0,3080.487490315472,-4.33209021343558,1.696688475090366,5.0,52808.356976836665
39.0,19.0,2581.3244935853336,-3.77263064304541,1.6380947583515904,5.0,44251.27703289144
39.0,20.0,2278.5947282792818,-3.216818416287533,1.4723699666860184,5.0,39061.62391335912
39.0,21.0,1504.3528780195506,-3.674824424141842,1.79001052633302,5.0,25788.906480335158
39.0,22.0,1639.4723015520303,-2.1303481463830662,1.0,5.0,28105.239455177663
39.0,23.0,1110.217453866295,-1.2582445038651535,1.0,5.0,19032.299209136487
39.0,24.0,718.6350572312678,-9.087363221714783,0.9999999999999998,5.0,12319.45812396459
39.0,25.0,725.7921892475326,-1.0147247973441875,1.0,5.0,12442.151815671989
39.0,26.0,1139.811293761558,-0.9817695637323546,1.0,5.0,19539.622178769565
39.0,27.0,1783.3502738899256,-1.8083127786394064,0.9999999999999998,5.0,30571.718980970152
39.0,28.0,1998.136751175885,-2.8412373130705717,1.5418589043447049,5.0,34253.772877300886
39.0,29.0,1153.3978246193087,-0.9683928007207518,1.0,5.0,19772.534136331007
39.0,30.0,1494.1160387692958,-1.323460668620319,1.0,5.0,25613.41780747364
39.0,31.0,1430.7522557841166,-2.729461518256348,1.0,5.0,24527.18152772772
39.0,32.0,1437.1303522886149,-1.4529776539519723,1.0,5.0,24636.520324947684
39.0,33.0,1404.294990963526,-2.729461518256348,1.0000000000000002,5.0,24073.62841651759
39.0,34.0,661.8229299617241,-0.6857083957242011,1.0,5.0,11345.535942200984
39.0,35.0,1976.8860307170855,-3.774317130434608,1.6400305627436764,5.0,33889.474812292894
39.0,36.0,1590.217416864207,-1.5982952784009776,1.0,5.0,27260.870003386404
39.0,37.0,1709.8270154631543,-3.5234098931563347,1.7555002325047977,5.0,29311.32026508265
39.0,38.0,1383.1182754294568,-1.4572835333203822,1.0,5.0,23710.59900736212
39.0,39.0,252.55227139945887,-0.0478318694837405,0.0,0.0,4329.467509705009
39.0,40.0,1113.7000630462103,-1.9166629900697656,1.7478490841398973,5.0,19092.001080792183
39.0,41.0,3099.538046588684,-3.289814955808737,0.9999999999999998,5.0,53134.93794152029
39.0,42.0,1780.088343538969,-1.6357272880586615,1.0,5.0,30515.800174953754
39.0,43.0,2038.833001857589,-1.936872078977217,1.0,5.0,34951.42288898724
39.0,44.0,1781.7032022048677,-1.6357272880586615,1.0,5.0,30543.483466369154
39.0,45.0,2813.256064133941,-3.4273948433587305,1.8652376751917883,5.0,48227.24681372471
39.0,46.0,2055.6110318661067,-2.4846885436362647,1.0,5.0,35239.04626056183
39.0,47.0,2588.396403668502,-4.43771555132256,2.588892663505528,5.0,44372.50977717432
39.0,48.0,2299.264336169992,-3.813703695099508,1.8223410163097111,5.0,39415.960048628425
39.0,49.0,2307.755638264,-4.306089447796444,1.3043869053246009,5.0,39561.52522738286
39.0,50.0,2185.1076445742538,-4.237750182852614,1.321487954052374,5.0,37458.98819270149
40.0,1.0,2739.737545955852,-3.846311803170577,1.0,5.0,46966.92935924317
40.0,2.0,2405.8857143203486,-3.486776932207162,1.0,5.0,41243.75510263455
40.0,3.0,2418.420702649368,-2.9494451387438474,1.0000000000000002,5.0,41458.6406168463
40.0,4.0,2373.2055676566715,-3.486776932207162,1.0,5.0,40683.52401697151
40.0,5.0,3050.6252097729657,-5.073827510276906,1.0,5.0,52296.43216753655
40.0,6.0,2763.215197845022,-4.58446099966012,1.0,5.0,47369.40339162895
40.0,7.0,3419.71339381362,-4.829396593146883,1.6352969262614048,5.0,58623.65817966206
40.0,8.0,3546.838700142973,-5.082903863474968,1.6125078816836962,5.0,60802.94914530811
40.0,9.0,3420.339765969476,-4.829395088278282,1.6351805133627266,5.0,58634.39598804815
40.0,10.0,3501.24037647579,-5.08300483145949,1.620489544307634,5.0,60021.26359672783
40.0,11.0,4005.2044310365263,-4.9346068461907215,1.8451196065371085,5.0,68660.64738919759
40.0,12.0,3115.9565266064646,-4.295822550785109,1.6887628700192958,5.0,53416.39759896796
40.0,13.0,3199.516385007654,-4.441289301824546,1.6707822050131722,5.0,54848.85231441693
40.0,14.0,1886.1094768985815,-3.101637736134104,1.0,5.0,32333.3053182614
40.0,15.0,2031.4931091791088,-2.475061440090599,1.5298057205249025,5.0,34825.59615735615
40.0,16.0,1865.2584693390097,-3.101637736134104,1.0,5.0,31975.859474383025
40.0,17.0,4008.664561247489,-4.934559343435652,1.8443690286298504,5.0,68719.9639070998
40.0,18.0,3118.932965213091,-4.295855368186949,1.6881069342769388,5.0,53467.42226079584
40.0,19.0,2619.8620038632544,-3.7229064621381833,1.6286522128734746,5.0,44911.92006622721
40.0,20.0,2317.172085738889,-3.1579776738060823,1.4645083055320465,5.0,39722.950041238095
40.0,21.0,1208.1774241777905,-7.291937258694983,1.0,5.0,20711.612985904976
40.0,22.0,1678.047924875973,-2.0431915208230285,1.0,5.0,28766.53585501668
40.0,23.0,473.3784484136055,-3.7829607713561657,1.0,5.0,8115.059115661808
40.0,24.0,346.8726201533292,-0.3840268153467168,1.0,5.0,5946.387774057072
40.0,25.0,443.583444375992,-1.1978222355109769,0.9999999999999998,5.0,7604.287617874149
40.0,26.0,1178.3869170855005,-0.8504999681771418,1.0000000000000002,5.0,20200.91857860858
40.0,27.0,1821.9258972138675,-1.7399109089058034,1.0000000000000002,5.0,31233.01538080916
40.0,28.0,2036.0124004988847,-2.7708637377213385,1.531759785654001,5.0,34903.06972283803
40.0,29.0,1191.9734479432514,-0.8345425390840495,1.0,5.0,20433.830536170022
40.0,30.0,1532.6916620932386,-1.236629478999235,1.0,5.0,26274.71420731266
40.0,31.0,1469.3278791080593,-2.593101258775099,1.0,5.0,25188.477927566728
40.0,32.0,1475.705975612557,-1.353876761999681,1.0,5.0,25297.81672478669
40.0,33.0,1442.8706142874685,-2.593101258775099,1.0,5.0,24734.924816356604
40.0,34.0,700.3985532856668,-0.3386090384140893,1.0,5.0,12006.832342040005
40.0,35.0,2406.56491717729,-4.160605066806493,2.31806698962372,5.0,41255.39858018212
40.0,36.0,1628.7930401881497,-1.5140024398355154,1.0000000000000002,5.0,27922.166403225423
40.0,37.0,1894.113183919636,-3.904158756540793,1.7030198415809772,5.0,32470.51172433661
40.0,38.0,1421.693898753399,-1.356961556369524,1.0000000000000002,5.0,24371.89540720113
40.0,39.0,489.9476758199839,-1.1978222355109769,0.9999999999999998,5.0,8399.103014056867
40.0,40.0,173.4363100766646,-0.0328477859310449,0.0,0.0,2973.193887028536
40.0,41.0,3138.1136699126264,-3.267995883360247,1.0,5.0,53796.2343413593
40.0,42.0,1818.663966862912,-1.5717167350630157,1.0000000000000002,5.0,31177.096574792773
40.0,43.0,2077.408625181532,-1.8877112619824308,0.9999999999999998,5.0,35612.71928882626
40.0,44.0,1820.27882552881,-1.5717167350630157,1.0,5.0,31204.779866208173
40.0,45.0,2864.646756325017,-2.778880979111446,1.0,5.0,49108.23010842887
40.0,46.0,2094.1866551900494,-2.4244816466824237,1.0,5.0,35900.34266040084
40.0,47.0,2619.392927312369,-4.334581184278779,1.6812731053878498,5.0,44903.87875392632
40.0,48.0,2342.0725343260915,-3.743612508540982,1.779300841030984,5.0,40149.81487416157
40.0,49.0,3162.8593055524266,-3.85323463502546,1.8646491168371468,5.0,54220.4452380416
40.0,50.0,2377.5147183286813,-4.457052410706603,1.295447974709896,5.0,40757.39517134882
41.0,1.0,3090.009212280229,-4.090797959228263,1.5180781792582692,5.0,52971.5864962325
41.0,2.0,3872.972872027199,-4.534800662843556,1.0000000000000004,5.0,66393.82066332341
41.0,3.0,2750.9618421934483,-3.62671400143449,1.582812367305217,5.0,47159.34586617341
41.0,4.0,3840.292725363522,-4.534800662843556,1.0000000000000004,5.0,65833.58957766037
41.0,5.0,3436.31033486564,-4.855479222550751,1.4653197076607685,5.0,58908.17716912526
41.0,6.0,4230.302355551874,-5.361902668446302,1.0000000000000002,5.0,72519.46895231784
41.0,7.0,2603.301110623259,-4.637991726549598,1.0,5.0,44628.019039255865
41.0,8.0,2730.42860673584,-4.898609736878356,1.0,5.0,46807.34754404297
41.0,9.0,2603.9273334568143,-4.637991726549598,1.0,5.0,44638.75428783111
41.0,10.0,2684.840759070866,-4.898609736878356,1.0,5.0,46025.84158407199
41.0,11.0,2500.8468005229306,-3.0300814561015343,1.0,5.0,42871.65943753595
41.0,12.0,2330.8780291132434,-3.761056482189624,1.0,5.0,39957.909070512746
41.0,13.0,2414.7462110092824,-3.8933948182957714,1.0,5.0,41395.649331587694
41.0,14.0,3353.196634605433,-4.052693100786223,1.0000000000000002,5.0,57483.370878950285
41.0,15.0,2375.895388971178,-2.552205589136824,1.0,5.0,40729.63523950591
41.0,16.0,3332.345627045861,-4.052693100786223,1.0000000000000002,5.0,57125.9250350719
41.0,17.0,2504.2985081693337,-3.0300814561015343,1.0,5.0,42930.83156861715
41.0,18.0,2333.8605124915557,-3.761056482189624,1.0,5.0,40009.037356998095
41.0,19.0,1817.043871309936,-2.923780240255674,1.0,5.0,31149.32350817033
41.0,20.0,2661.5625061301234,-3.205581532339932,1.0000000000000002,5.0,45626.785819373545
41.0,21.0,2255.4996059535342,-5.078774544437231,1.4809693482748207,5.0,38665.70753063201
41.0,22.0,2083.347876744746,-2.2149865426160424,1.0,5.0,35714.53502990993
41.0,23.0,2615.8802348970894,-2.6514597076268114,1.0000000000000002,5.0,44843.66116966439
41.0,24.0,2796.9323270096875,-2.9745351434742817,1.1071251651626124,5.0,47947.41132016607
41.0,25.0,2371.5869786087223,-2.611509436806278,1.217713414363969,5.0,40655.77677614953
41.0,26.0,2645.4740747923524,-2.5279085010316487,1.0,5.0,45350.98413929747
41.0,27.0,2166.4902880078785,-2.200350799381998,1.0,5.0,37139.83350870649
41.0,28.0,2435.925634503515,-2.967331136256889,1.0,5.0,41758.725162917406
41.0,29.0,2659.060605650103,-2.512505600179374,1.0,5.0,45583.8960968589
41.0,30.0,1877.2560528872489,-1.7465803390982348,1.0,5.0,32181.532335209984
41.0,31.0,2936.4150368149108,-3.494779676709107,1.0000000000000002,5.0,50338.543488255615
41.0,32.0,1881.0059274813304,-1.586067791432135,1.0,5.0,32245.815899679958
41.0,33.0,2909.95777199432,-3.494779676709107,1.0000000000000004,5.0,49884.99037704549
41.0,34.0,2167.4857109925183,-1.923768816029676,1.0000000000000002,5.0,37156.89790272888
41.0,35.0,1946.0945638408043,-3.165501215199985,1.415949484320073,5.0,33361.62109441379
41.0,36.0,3095.880197895001,-3.061751915588673,1.0000000000000002,5.0,53072.2319639143
41.0,37.0,2161.407014877472,-2.3843766047876223,1.0,5.0,37052.69168361381
41.0,38.0,2888.7810564602505,-2.906457559671882,1.0,5.0,49521.96096789001
41.0,39.0,2418.022669194628,-2.611315436697148,1.213465907876658,5.0,41451.81718619361
41.0,40.0,2619.7641358789424,-2.6632784097242164,1.0000000000000002,5.0,44910.2423293533
41.0,41.0,395.3403103527026,-0.0748750586231808,0.0,0.0,6777.262463189188
41.0,42.0,2163.228357656922,-2.0618231166708068,1.0,5.0,37083.9147026901
41.0,43.0,1270.7787888527116,-1.0490162630059914,1.0,5.0,21784.779237475057
41.0,44.0,2164.8432163228204,-2.0618231166708068,1.0,5.0,37111.59799410549
41.0,45.0,1029.2610583752703,-0.518616411866074,1.0,5.0,17644.475286433208
41.0,46.0,1348.2964559392558,-0.9013843042771064,1.0000000000000002,5.0,23113.653530387244
41.0,47.0,1315.7319713957013,-1.8099957576874044,1.0,5.0,22555.405223926307
41.0,48.0,1605.372987839702,-2.22192370429621,1.5037930265613828,5.0,27520.67979153775
41.0,49.0,1554.834056298086,-1.4222418461176725,1.0,5.0,26654.298107967188
41.0,50.0,1733.8900150867107,-1.6421554095568476,1.0,5.0,29723.8288300579
42.0,1.0,2376.625723437335,-3.968997655177404,1.671196677083707,5.0,40742.15525892574
42.0,2.0,3146.241834732087,-4.3133153267244335,1.0000000000000002,5.0,53935.57430969293
42.0,3.0,2037.143856326795,-3.543315862034986,1.782957913368283,5.0,34922.466108459346
42.0,4.0,3113.56168806841,-4.3133153267244335,1.0000000000000002,5.0,53375.34322402989
42.0,5.0,2723.160121656553,-4.799099461483517,1.5858338904477445,5.0,46682.74494268377
42.0,6.0,3503.571318256761,-5.222235459965387,1.0,5.0,60061.22259868733
42.0,7.0,1937.3097104061728,-4.550829833178454,1.0,5.0,33211.02360696296
42.0,8.0,2064.4372065187526,-4.803045811566953,1.0,5.0,35390.35211175005
42.0,9.0,1937.935933239728,-4.550829833178454,1.0,5.0,33221.758855538195
42.0,10.0,2018.8493588537797,-4.803045811566953,1.0,5.0,34608.84615177907
42.0,11.0,2631.5833778056704,-3.616095552973276,1.632145210065632,5.0,45112.85790524007
42.0,12.0,1664.8866288961574,-3.529927685073801,0.9999999999999998,5.0,28540.91363821984
42.0,13.0,1748.7548107921953,-3.606423858353243,1.0,5.0,29978.65389929477
42.0,14.0,2626.465597310321,-3.908620384764018,0.9999999999999998,5.0,45025.124525319785
42.0,15.0,1649.1643516760644,-2.5459940154858347,1.0000000000000002,5.0,28271.38888587539
42.0,16.0,2605.614589750749,-3.908620384764018,0.9999999999999998,5.0,44667.67868144141
42.0,17.0,2635.0093392294066,-3.616121039426737,1.6313044240160308,5.0,45171.58867250411
42.0,18.0,1667.8691122744683,-3.529927685073801,1.0,5.0,28592.04192470517
42.0,19.0,1151.0524710928498,-2.807444561127276,1.0,5.0,19732.328075877424
42.0,20.0,1934.83146883501,-3.244902535462294,1.0000000000000002,5.0,33168.53946574303
42.0,21.0,1544.2943173532365,-7.229940219390298,1.0,5.0,26473.616868912624
42.0,22.0,1356.616839449633,-2.3766914374127825,1.0,5.0,23256.288676279422
42.0,23.0,1889.1491976019768,-2.42134439824087,1.0,5.0,32385.414816033885
42.0,24.0,2070.201301804017,-2.767452339691668,1.1447307873739412,5.0,35489.16517378314
42.0,25.0,1657.9359976934409,-2.5721327790754787,1.3164876335108855,5.0,28421.75996045899
42.0,26.0,1918.7430374972396,-2.259069807480998,1.0,5.0,32892.73778566696
42.0,27.0,1439.731449817321,-2.6860609150793224,1.7548493990801934,5.0,24681.11056829693
42.0,28.0,1709.1638784204658,-3.4341241315410858,1.63584792538632,5.0,29299.9522014937
42.0,29.0,1932.32956835499,-2.2468994733245093,1.0,5.0,33125.6497432284
42.0,30.0,1150.5250155921358,-2.0075991788285696,1.0,5.0,19723.285981579476
42.0,31.0,2209.6839995197984,-3.4137050204913475,0.9999999999999998,5.0,37880.29713462512
42.0,32.0,1154.2748901862171,-1.7287941588916331,1.0,5.0,19787.56954604944
42.0,33.0,2183.226734699208,-3.4137050204913475,1.0,5.0,37426.74402341499
42.0,34.0,1440.754673697406,-1.8498239961623528,1.0,5.0,24698.651549098387
42.0,35.0,1225.8835008502783,-3.770111688366032,1.0,5.0,21015.14572886192
42.0,36.0,2369.1491605998885,-2.7527956530876048,1.0,5.0,40613.9856102838
42.0,37.0,1455.1347492669452,-3.748077377883889,1.0,5.0,24945.16713029049
42.0,38.0,2162.050019165138,-2.6222107861294672,1.0,5.0,37063.71461425952
42.0,39.0,1704.4235751733513,-2.57142359814442,1.3075773898831409,5.0,29218.68986011459
42.0,40.0,1893.033098583829,-2.432340766807572,1.0000000000000002,5.0,32451.99597572279
42.0,41.0,1665.492433366719,-1.7148168967860429,1.0,5.0,28551.298857715185
42.0,42.0,302.39369431781256,-0.0572715328956124,0.0,0.0,5183.891902591072
42.0,43.0,604.7873886356251,-0.0934879387238842,1.0,5.0,10367.783805182144
42.0,44.0,1433.2356410926404,-2.4922569137357065,1.754322570443713,5.0,24569.753847302407
42.0,45.0,1392.025519779111,-0.99120758548988,1.0,5.0,23863.29462478476
42.0,46.0,621.5654186441428,-2.4281456122686995,1.0,5.0,10655.407176756731
42.0,47.0,1166.7900422135422,-3.8767138702914257,1.0,5.0,20002.11500937501
42.0,48.0,883.546685930434,-3.2771296198759368,1.0,5.0,15146.514615950297
42.0,49.0,1917.598517701927,-1.840277363131572,1.0,5.0,32873.11744631875
42.0,50.0,1370.294071480848,-3.7508534128431696,1.0,5.0,23490.75551110025
43.0,1.0,2103.35527706482,-4.384790430528511,1.500824315246173,5.0,36057.51903539692
43.0,2.0,2929.4770419141214,-5.539112342117451,1.5564946240518878,5.0,50219.60643281351
43.0,3.0,1763.8146286327858,-4.073599088408909,1.5972845616711522,5.0,30236.82220513347
43.0,4.0,2896.8067055495744,-5.5389411525533205,1.5627708432157243,5.0,49659.54352370699
43.0,5.0,2449.9465200210084,-5.186062181959876,1.4299447535135053,5.0,41999.08320036014
43.0,6.0,3286.5389322983883,-6.338958755051876,1.4960104630531066,5.0,56340.66741082952
43.0,7.0,1663.0929145516714,-4.739526120718727,1.0,5.0,28510.164249457222
43.0,8.0,1790.2204106642512,-4.961181356696724,1.0000000000000002,5.0,30689.492754244304
43.0,9.0,1663.7191373852263,-4.739526120718727,1.0,5.0,28520.899498032457
43.0,10.0,1744.6325629992782,-4.961181356696724,1.0,5.0,29907.98679427334
43.0,11.0,2387.907051333663,-3.4365635810939525,1.7071026131695315,5.0,40935.54945143422
43.0,12.0,1390.669833041656,-3.677622466166234,1.0,5.0,23840.054280714103
43.0,13.0,1474.5380149376938,-3.682471348780984,1.0,5.0,25277.79454178904
43.0,14.0,2390.7851154796112,-5.104835171455582,1.684713447901674,5.0,40984.887693936194
43.0,15.0,1374.8050537501208,-3.7630740833325778,1.0,5.0,23568.086635716358
43.0,16.0,2369.93782369226,-5.105190978675061,1.690728259104795,5.0,40627.505549010166
43.0,17.0,2391.3362575442743,-3.4365946618874483,1.7060465819916208,5.0,40994.335843616136
43.0,18.0,1393.652316419967,-3.677622466166234,1.0,5.0,23891.18256719944
43.0,19.0,876.8356752383484,-3.288926599190968,1.0,5.0,15031.468718371683
43.0,20.0,1662.6177641893248,-4.554390303792355,1.6233231912889536,5.0,28502.018814674146
43.0,21.0,2344.070105801482,-5.064416111133897,1.4628886919871704,5.0,40184.05895659683
43.0,22.0,2171.8955422940853,-2.3095464268092467,1.0,5.0,37232.49501075575
43.0,23.0,2704.4279004464283,-2.750045758132382,1.0000000000000002,5.0,46361.6211505102
43.0,24.0,2885.479991591905,-3.066482546649454,1.1038377795198728,5.0,49465.371284432666
43.0,25.0,2459.339680671528,-2.703431347601642,1.2097430776739917,5.0,42160.10881151191
43.0,26.0,2734.0217403416914,-2.6302588805355755,1.0,5.0,46868.944120143286
43.0,27.0,1165.3999527868214,-3.8837891113681775,1.0,5.0,19978.284904916934
43.0,28.0,1434.835299282458,-4.378831876119983,1.0,5.0,24597.17655912785
43.0,29.0,2638.218834576708,-3.2283113414298925,1.8663086173217212,5.0,45226.60859274356
43.0,30.0,1965.8037184365885,-1.8514656678356067,1.0,5.0,33699.4923160558
43.0,31.0,2898.14590029644,-4.193797249565253,1.7790832385727875,5.0,49682.50114793897
43.0,32.0,1969.5535930306696,-1.6988450620797473,1.0,5.0,33763.77588052577
43.0,33.0,2872.21124906102,-4.191889806957049,1.7866113551967877,5.0,49237.90712676034
43.0,34.0,2256.033376541858,-2.032838092386685,1.0000000000000002,5.0,38674.85788357471
43.0,35.0,2034.5457438636545,-3.2105977776723047,1.3977962403304964,5.0,34877.92703766265
43.0,36.0,3109.161626602384,-3.7688689813851752,1.872253124664614,5.0,53299.913598898005
43.0,37.0,2249.954680426812,-2.4744483919279734,1.0,5.0,38570.65166445963
43.0,38.0,2977.3287220095904,-3.0027658884905764,1.0000000000000002,5.0,51039.92094873583
43.0,39.0,2505.770970862107,-2.703259845673335,1.2057984412086242,5.0,42956.07378620755
43.0,40.0,2708.3118014282813,-2.761679390748176,1.0,5.0,46428.20231019911
43.0,41.0,1391.275637512218,-1.4467125850181966,1.0,5.0,23850.43950020945
43.0,42.0,1133.627181395977,-3.835798113348444,1.0,5.0,19433.608823931037
43.0,43.0,438.4178376191742,-0.0830336811945577,0.0,0.0,7515.734359185843
43.0,44.0,1135.2420400618753,-3.835798113348444,1.0,5.0,19461.292115346438
43.0,45.0,1117.8087239246092,-0.6380101810154001,1.0000000000000002,5.0,19162.435267279016
43.0,46.0,1436.8441214885954,-1.020422018490284,1.0000000000000002,5.0,24631.613511233067
43.0,47.0,1404.279636945041,-1.861634958826774,1.0,5.0,24073.36520477213
43.0,48.0,1693.8612913302836,-2.279905997846156,1.477278523276261,5.0,29037.622137090577
43.0,49.0,1643.3817218474255,-1.5268376398962604,1.0,5.0,28172.258088813007
43.0,50.0,1822.4376806360497,-1.746780024720378,1.0,5.0,31241.78881090371
44.0,1.0,2378.2406306156363,-3.970326560437332,1.6707412286237586,5.0,40769.83938198233
44.0,2.0,3147.856693397985,-4.314919245946655,1.0000000000000002,5.0,53963.25760110832
44.0,3.0,2038.758822659197,-3.544667197314322,1.7823382334051483,5.0,34950.15124558624
44.0,4.0,3115.1765467343084,-4.314919245946655,1.0000000000000002,5.0,53403.026515445286
44.0,5.0,2724.7749955048234,-4.800132337850427,1.5854868931608612,5.0,46710.4284943684
44.0,6.0,3505.186176922659,-5.223520672253881,1.0,5.0,60088.90589010272
44.0,7.0,1938.9245690720709,-4.551094087220439,1.0,5.0,33238.706898378354
44.0,8.0,2066.052065184651,-4.803350274431384,1.0,5.0,35418.03540316545
44.0,9.0,1939.550791905626,-4.551094087220439,1.0,5.0,33249.44214695359
44.0,10.0,2020.4642175196775,-4.803350274431384,1.0,5.0,34636.52944319447
44.0,11.0,2633.0659249475007,-3.617853919043013,1.6317515708557442,5.0,45138.272999100016
44.0,12.0,1666.5014875620557,-3.530662832033461,1.0,5.0,28568.59692963524
44.0,13.0,1750.3696694580938,-3.607355313961559,1.0,5.0,30006.33719071018
44.0,14.0,2628.080455976219,-3.91019686453014,0.9999999999999998,5.0,45052.80781673519
44.0,15.0,1650.7792103419629,-2.5477983908509367,1.0,5.0,28299.072177290796
44.0,16.0,2607.229448416647,-3.91019686453014,0.9999999999999998,5.0,44695.36197285681
44.0,17.0,2636.4918759575603,-3.61787937715015,1.6309118473310054,5.0,45197.00358784389
44.0,18.0,1669.4839709403666,-3.530662832033461,1.0000000000000002,5.0,28619.72521612057
44.0,19.0,1152.667329758748,-2.807661982775836,1.0,5.0,19760.011367292827
44.0,20.0,1936.4463275009089,-3.2463397730538404,1.0,5.0,33196.22275715844
44.0,21.0,1545.909176019135,-7.226238265911237,1.0,5.0,26501.300160328028
44.0,22.0,1358.2316981155311,-2.3782410964183542,1.0,5.0,23283.971967694823
44.0,23.0,1890.7640562678748,-2.4235834182964533,1.0,5.0,32413.09810744928
44.0,24.0,2071.8161604311645,-2.7695045048955755,1.144617978212761,5.0,35516.84846453425
44.0,25.0,1659.5167654341503,-2.574019545774432,1.3161685970350618,5.0,28448.85883601401
44.0,26.0,1920.3578961631372,-2.2614433625766663,1.0,5.0,32920.42107708236
44.0,27.0,1441.3462875447003,-2.687319129789708,1.754003628710009,5.0,24708.793500766293
44.0,28.0,1710.7787244441106,-3.4350478003211755,1.6352476990102816,5.0,29327.63527618476
44.0,29.0,1933.9444270208885,-2.2492747309276275,1.0,5.0,33153.333034643794
44.0,30.0,1152.139874258034,-2.0091411981528884,1.0,5.0,19750.96927299487
44.0,31.0,2211.2988581856966,-3.415314059043121,0.9999999999999998,5.0,37907.980426040514
44.0,32.0,1155.8897488521152,-1.730792422463172,1.0,5.0,19815.252837464832
44.0,33.0,2184.841593365106,-3.415314059043121,1.0,5.0,37454.42731483039
44.0,34.0,1442.3695323633035,-1.8521377657162008,1.0,5.0,24726.33484051378
44.0,35.0,1227.4983595161766,-3.769357327623167,1.0,5.0,21042.829020277317
44.0,36.0,2370.764019265787,-2.75500250040458,1.0,5.0,40641.6689016992
44.0,37.0,1456.749607932844,-3.748074683145061,0.9999999999999998,5.0,24972.850421705894
44.0,38.0,2163.6648778310364,-2.6244374952694027,1.0,5.0,37091.39790567491
44.0,39.0,1706.0041751906117,-2.5733125485369195,1.3072761055059854,5.0,29245.78586041048
44.0,40.0,1894.6479572497276,-2.4345758209445787,1.0000000000000002,5.0,32479.679267138185
44.0,41.0,1667.1072920326178,-1.717531893854612,1.0,5.0,28578.98214913059
44.0,42.0,1433.227977402075,-2.493970982346233,1.7543225704437142,5.0,24569.622469749866
44.0,43.0,606.4022473015236,-0.0983092621899249,1.0,5.0,10395.46709659755
44.0,44.0,303.2011236507618,-0.0574244551174438,0.0,0.0,5197.733548298775
44.0,45.0,1393.6403784450092,-0.994599184457041,1.0,5.0,23890.97791620016
44.0,46.0,623.1802773100412,-2.4244216013544557,1.0,5.0,10683.090468172137
44.0,47.0,1168.4049008794404,-3.8752452776374975,1.0000000000000002,5.0,20029.798300790408
44.0,48.0,885.1615445963328,-3.274729678559408,1.0,5.0,15174.197907365706
44.0,49.0,1919.213376367825,-1.843027819877446,1.0,5.0,32900.80073773414
44.0,50.0,1371.9089301467463,-3.750682806275104,1.0,5.0,23518.43880251565
45.0,1.0,2392.933291146652,-3.65543603295456,1.6715694995953063,5.0,41021.71356251404
45.0,2.0,3174.4400910074555,-3.9900993990624,1.0,5.0,54418.97298869924
45.0,3.0,2054.417445454942,-3.17188176602335,1.7845311690120482,5.0,35218.58477922758
45.0,4.0,3141.7599443437784,-3.9900993990624,1.0,5.0,53858.74190303621
45.0,5.0,2738.893762883491,-4.524578414045714,1.5855124672887482,5.0,46952.46450657413
45.0,6.0,3531.769574532129,-4.928956273142216,1.0,5.0,60544.62127769364
45.0,7.0,1904.7683296035136,-4.704611033725237,1.0,5.0,32653.171364631668
45.0,8.0,2031.8958257160932,-4.943498312150732,1.0000000000000002,5.0,34832.499869418745
45.0,9.0,1905.394552437069,-4.704611033725237,1.0,5.0,32663.90661320689
45.0,10.0,1986.3079780511205,-4.943498312150732,1.0,5.0,34050.99390944778
45.0,11.0,2606.377536646055,-3.693394753569315,1.6401851062879795,5.0,44680.75777107522
45.0,12.0,1632.3452480934986,-3.704097804296233,0.9999999999999998,5.0,27983.061395888548
45.0,13.0,1716.2134299895365,-3.7591570827760528,1.0,5.0,29420.80165696349
45.0,14.0,2654.6638535856887,-3.5126138294973783,0.9999999999999998,5.0,45508.52320432609
45.0,15.0,1677.362607951433,-1.878044689375723,1.0,5.0,28754.787564881703
45.0,16.0,2633.8128460261164,-3.5126138294973783,1.0,5.0,45151.077360447714
45.0,17.0,2609.8039565907147,-3.693422060263404,1.6393224646672742,5.0,44739.49639869797
45.0,18.0,1635.327731471809,-3.704097804296233,1.0,5.0,28034.18968237387
45.0,19.0,1118.5110902901909,-3.093816407129461,1.0,5.0,19174.475833546127
45.0,20.0,1963.0297251103784,-2.6712035754871764,1.0,5.0,33651.93814474934
45.0,21.0,1572.4925736286048,-6.425013363964866,1.0,5.0,26957.015547918934
45.0,22.0,1384.8150957250004,-1.5498378644532371,0.9999999999999998,5.0,23739.68735528572
45.0,23.0,1917.3474538773444,-1.87886239488335,1.0,5.0,32868.813495040195
45.0,24.0,2098.3995574131254,-2.266856279417285,1.1427858969718367,5.0,35972.56384136787
45.0,25.0,1682.8491504411695,-1.9312109559993569,1.3110078961086826,5.0,28848.84257899148
45.0,26.0,1946.941293772607,-1.713683884789232,1.0,5.0,33376.13646467326
45.0,27.0,1467.957506988133,-1.4955837907231853,1.0000000000000002,5.0,25164.98583408228
45.0,28.0,1737.39285348377,-2.4529785821227508,1.0,5.0,29783.8774882932
45.0,29.0,1960.527824630358,-1.6970877949513905,1.0,5.0,33609.04842223471
45.0,30.0,1178.7232718675036,-0.985266604474164,1.0,5.0,20206.68466058578
45.0,31.0,2237.8822557951657,-2.929989495476801,1.0,5.0,38363.69581363141
45.0,32.0,1182.473146461585,-0.7141357109910272,1.0000000000000002,5.0,20270.96822505574
45.0,33.0,2211.424990974575,-2.929989495476801,1.0,5.0,37910.14270242129
45.0,34.0,1468.9529299727735,-1.066961346529049,1.0,5.0,25182.050228104687
45.0,35.0,1254.0817571256462,-2.8173171241485075,1.0,5.0,21498.54440786822
45.0,36.0,2397.3474168752564,-2.311194609582163,1.0,5.0,41097.38428929011
45.0,37.0,1483.3330055423137,-2.9465899588547506,1.0,5.0,25428.565809296804
45.0,38.0,2190.248275440505,-2.1467196002988977,1.0,5.0,37547.11329326581
45.0,39.0,1729.338615320957,-1.930594055584718,1.3024001504967186,5.0,29645.804834073548
45.0,40.0,1921.2313548591972,-1.8923032966859104,1.0000000000000002,5.0,32935.3946547291
45.0,41.0,1632.9510525640603,-1.8457626312031772,1.0000000000000002,5.0,27993.44661538389
45.0,42.0,1464.695576637177,-1.2796255839485424,1.0,5.0,25109.06702806589
45.0,43.0,572.2460078329663,-0.6667637616313371,1.0,5.0,9809.93156285085
45.0,44.0,1466.3104353030756,-1.2796255839485424,1.0,5.0,25136.750319481296
45.0,45.0,286.1230039164831,-0.0541899627502551,0.0,0.0,4904.965781425425
45.0,46.0,649.7636749195108,-0.0964010611176952,1.0000000000000002,5.0,11138.805855763045
45.0,47.0,1194.98829848891,-2.811896321801452,1.0,5.0,20485.513688381317
45.0,48.0,911.7449422058024,-1.806879006104919,1.0,5.0,15629.913294956612
45.0,49.0,1794.520683680938,-2.318716892627494,1.816234814264882,5.0,30763.21172024465
45.0,50.0,1398.492327756216,-2.914261335959801,1.0,5.0,23974.154190106565
46.0,1.0,2118.1353162613,-3.1092108868383592,1.0,5.0,36310.891135908
46.0,2.0,2888.651811602145,-3.781039373218388,1.0,5.0,49519.74534175106
46.0,3.0,1778.6640330183227,-2.5520985612333984,1.0,5.0,30491.383423171246
46.0,4.0,2855.971664938468,-3.781039373218388,1.0,5.0,48959.51425608803
46.0,5.0,2464.6681497340924,-4.084729151079104,1.0000000000000002,5.0,42251.45399544159
46.0,6.0,3245.981295126819,-4.774507089772325,1.0,5.0,55645.39363074547
46.0,7.0,2780.642495756808,-4.679890261475892,2.1748181460826146,5.0,47668.15707011671
46.0,8.0,2907.0798280046465,-4.94622063349704,2.1232428932170757,5.0,49835.654194365365
46.0,9.0,2781.268393034028,-4.679892065612076,2.17455248291082,5.0,47678.88673772619
46.0,10.0,2861.514353614893,-4.946106867471787,2.141208595579079,5.0,49054.53177625531
46.0,11.0,3361.862769282838,-4.373725479594446,1.827895353285612,5.0,57631.93318770579
46.0,12.0,2485.028182084196,-3.808758522791632,1.6362924574608724,5.0,42600.483121443365
46.0,13.0,2567.08533764934,-4.138699906062355,2.0322755776934915,5.0,44007.17721684583
46.0,14.0,2368.875574180379,-3.319564222059853,0.9999999999999998,5.0,40609.29555737792
46.0,15.0,1391.5743285461226,-1.653674628574498,1.0,5.0,23855.559917933533
46.0,16.0,2348.0245666208066,-3.319564222059853,1.0,5.0,40251.84971349954
46.0,17.0,3365.3286588121973,-4.373708980277924,1.8270223737472784,5.0,57691.34843678052
46.0,18.0,2488.0121311298662,-3.808764443115913,1.635528943773933,5.0,42651.636533654855
46.0,19.0,1973.2158818529813,-3.3992363216899872,2.08841708006502,5.0,33826.55797462254
46.0,20.0,1677.2414457050686,-2.522128627380521,1.0,5.0,28752.71049780117
46.0,21.0,1286.7042942232947,-7.369788450318665,1.0,5.0,22057.78790097077
46.0,22.0,1099.0268163196906,-1.3678066199048975,1.0,5.0,18840.45970833756
46.0,23.0,1631.5591744720346,-1.5656727099722405,1.0,5.0,27969.58584809202
46.0,24.0,1812.6112859432087,-1.9898427158017589,1.1652984740804389,5.0,31073.33633045501
46.0,25.0,1404.139761924189,-1.690547296737021,1.3772430947777543,5.0,24070.967347271813
46.0,26.0,1661.1530143672974,-1.373145835621359,1.0,5.0,28476.908817725096
46.0,27.0,1182.1692275828232,-1.2743759336583873,1.0000000000000004,5.0,20265.758187134117
46.0,28.0,1451.60457407846,-2.3399463612319806,1.0,5.0,24884.649841345028
46.0,29.0,1674.7395452250485,-1.3562172061381723,1.0,5.0,28709.820775286546
46.0,30.0,892.9349924621938,-0.7640355106632987,1.0000000000000002,5.0,15307.457013637608
46.0,31.0,1952.093976389856,-2.740245002177735,1.0,5.0,33464.46816668325
46.0,32.0,896.6848670562753,-0.3864023917655206,1.0,5.0,15371.740578107578
46.0,33.0,1925.6367115692656,-2.740245002177735,1.0,5.0,33010.91505547313
46.0,34.0,1183.164650567464,-0.7221825615417286,1.0,5.0,20282.822581156524
46.0,35.0,968.2934777203366,-3.1407768452701905,1.0000000000000002,5.0,16599.316760920054
46.0,36.0,2111.559137469946,-1.9999290271131096,1.0,5.0,36198.15664234193
46.0,37.0,1197.5447261370036,-3.1061444613261706,1.0,5.0,20529.33816234863
46.0,38.0,1904.459996035196,-1.8336775009682704,1.0,5.0,32647.88564631764
46.0,39.0,1450.66467549483,-1.6894188718867864,1.3646371328360032,5.0,24868.537294197085
46.0,40.0,1635.443075453887,-1.5798804574735243,1.0000000000000002,5.0,28036.167007780925
46.0,41.0,2498.357000281581,-2.7014128135295774,1.0,5.0,42828.97714768424
46.0,42.0,1178.907297231867,-0.9952355189614528,1.0,5.0,20209.83938111772
46.0,43.0,1434.4092256506974,-1.762870408116291,1.7545343204478758,5.0,24589.87243972624
46.0,44.0,1180.5221558977653,-0.9952355189614528,1.0000000000000002,5.0,20237.52267253312
46.0,45.0,1167.6224800559653,-3.118711028284725,1.0000000000000002,5.0,20016.385372387977
46.0,46.0,312.97833140024613,-0.05927619900554,0.0,0.0,5365.342824004219
46.0,47.0,909.2000190836002,-3.293841656662389,1.0,5.0,15586.286041433146
46.0,48.0,625.9566628004923,-2.4425828895681,1.0,5.0,10730.68564800844
46.0,49.0,1235.3183505394113,-3.1093551003370674,1.0000000000000002,5.0,21176.886009247053
46.0,50.0,1112.704048350906,-3.110393693072605,1.0000000000000002,5.0,19074.92654315839
47.0,1.0,2666.945794682609,-3.9252069814110815,1.6014918706277386,5.0,45719.070765987584
47.0,2.0,3449.130084414762,-4.288859889105928,1.0000000000000002,5.0,59127.94430425306
47.0,3.0,2328.1741788191957,-3.46239871690902,1.6905432267152751,5.0,39911.55735118621
47.0,4.0,3416.449937751085,-4.288859889105928,1.0000000000000002,5.0,58567.71321859003
47.0,5.0,3013.0695623752044,-4.738114344034311,1.5315230620266889,5.0,51652.62106928922
47.0,6.0,3806.459567939436,-5.172149002662925,1.0,5.0,65253.59259324748
47.0,7.0,2179.458323010821,-4.754349860380761,1.0,5.0,37362.14268018551
47.0,8.0,2306.585819123401,-4.999849219504247,1.0,5.0,39541.4711849726
47.0,9.0,2180.0845458443764,-4.754349860380761,1.0,5.0,37372.87792876074
47.0,10.0,2260.9979714584283,-4.999849219504247,1.0,5.0,38759.96522500163
47.0,11.0,2859.452112935837,-3.978232990672671,1.5781946569435128,5.0,49019.17907890007
47.0,12.0,1907.035241500806,-3.822430982682184,1.0,5.0,32692.03271144239
47.0,13.0,1990.903423396844,-3.909208738780492,1.0,5.0,34129.77297251733
47.0,14.0,2929.3538469929954,-3.821840634812731,1.0,5.0,50217.494519879925
47.0,15.0,1952.0526013587405,-2.2939376708912294,1.0,5.0,33463.75888043555
47.0,16.0,2908.502839433423,-3.821840634812731,1.0,5.0,49860.048676001534
47.0,17.0,2862.8773057767703,-3.978255251643393,1.5774929734650611,5.0,49077.89667045892
47.0,18.0,1910.017724879117,-3.822430982682184,1.0000000000000002,5.0,32743.16099792772
47.0,19.0,1393.2010836974985,-3.1197969531191934,1.0,5.0,23883.44714909997
47.0,20.0,2237.719718517686,-3.005031748147424,1.0,5.0,38360.909460303184
47.0,21.0,1281.8358519819876,-7.395819770917201,0.9999999999999998,5.0,21974.328891119785
47.0,22.0,1659.5050891323085,-1.98361819761322,1.0,5.0,28448.65867083957
47.0,23.0,2192.037447284652,-2.3227029302005477,1.0,5.0,37577.78481059404
47.0,24.0,2373.08954532809,-2.6723996196034343,1.1262581311527853,5.0,40681.53506276725
47.0,25.0,1953.3344873227625,-2.347761436161544,1.266140337579038,5.0,33485.734068390215
47.0,26.0,2221.6312871799155,-2.1781305766448598,1.0,5.0,38085.10778022712
47.0,27.0,1742.6475003954408,-1.9451823800042911,1.0,5.0,29873.957149636128
47.0,28.0,2012.0828468910777,-2.788377994451781,1.0,5.0,34492.848803847046
47.0,29.0,2235.217818037665,-2.1628975942827005,1.0000000000000002,5.0,38318.01973778854
47.0,30.0,1453.4132652748112,-1.4949664979332289,1.0,5.0,24915.655976139624
47.0,31.0,2512.5722492024734,-3.264901457864088,1.0,5.0,43072.66712918526
47.0,32.0,1457.1631398688928,-1.2816649293695523,1.0,5.0,24979.939540609597
47.0,33.0,2486.114984381882,-3.264901457864088,1.0,5.0,42619.11401797512
47.0,34.0,1743.6429233800811,-1.5922004067699869,1.0,5.0,29891.02154365853
47.0,35.0,963.4250354790294,-3.156290770386563,1.0,5.0,16515.857751069074
47.0,36.0,2672.037410282564,-2.7264950144702693,1.0000000000000002,5.0,45806.35560484395
47.0,37.0,1192.676283895696,-3.116113124151445,1.0,5.0,20445.879152497644
47.0,38.0,2464.938268847813,-2.5725489764332323,1.0,5.0,42256.08460881965
47.0,39.0,1999.797268431926,-2.3473782411464263,1.259816339906464,5.0,34282.23888740445
47.0,40.0,2195.921348266505,-2.3349375642201142,1.0,5.0,37644.36597028295
47.0,41.0,1907.641045971368,-2.261292735728008,1.0000000000000002,5.0,32702.41793093773
47.0,42.0,1730.827203700439,-2.230005271233159,1.63225659850034,5.0,29671.323492007523
47.0,43.0,846.9360012402741,-1.0903633540353808,1.0,5.0,14518.9028784047
47.0,44.0,1732.446476359699,-2.229814297326861,1.631644911470076,5.0,29699.08245188056
47.0,45.0,605.4182707628324,-0.7188684980943326,1.0,5.0,10378.598927362842
47.0,46.0,924.4536683268188,-0.7619783935889755,1.0,5.0,15847.777171316891
47.0,47.0,302.7091353814162,-0.0573312755211706,0.0,0.0,5189.299463681421
47.0,48.0,621.088220559185,-2.4758168705832944,1.0,5.0,10647.226638157455
47.0,49.0,1143.4361449191156,-2.065541259239936,1.0,5.0,19601.762484327694
47.0,50.0,1259.6805752147222,-2.5166942663617604,1.7660752674412277,5.0,21594.524146538093
48.0,1.0,2334.470023477733,-3.821346555359166,1.0000000000000002,5.0,40019.48611676113
48.0,2.0,3104.9865188185777,-4.369239680675789,1.0000000000000002,5.0,53228.340322604185
48.0,3.0,1994.9987402347556,-3.369334135930816,1.0000000000000002,5.0,34199.978404024376
48.0,4.0,3072.3063721549006,-4.369239680675789,1.0000000000000002,5.0,52668.10923694115
48.0,5.0,2681.0028569505257,-4.678675983956991,1.0,5.0,45960.048976294725
48.0,6.0,3462.3160023432506,-5.276390176508015,1.0,5.0,59353.98861159859
48.0,7.0,2453.5507337795398,-5.206749987907012,0.9999999999999998,5.0,42060.86972193496
48.0,8.0,2580.678229892119,-5.431049296828531,0.9999999999999998,5.0,44240.19822672204
48.0,9.0,2454.176956613095,-5.206749987907012,0.9999999999999998,5.0,42071.6049705102
48.0,10.0,2535.0903822271457,-5.431049296828531,0.9999999999999998,5.0,43458.69226675107
48.0,11.0,3125.1238053484176,-4.52136757852692,1.5273688606582674,5.0,53573.550948830016
48.0,12.0,2181.127652269524,-4.384299722222279,0.9999999999999998,5.0,37390.75975319184
48.0,13.0,2264.995834165562,-4.46196550228455,0.9999999999999996,5.0,38828.50001426678
48.0,14.0,2585.2102813968118,-3.9858454651476247,0.9999999999999996,5.0,44317.890538231055
48.0,15.0,1607.909035762555,-2.697702973159825,1.0,5.0,27564.15489878665
48.0,16.0,2564.359273837239,-3.9858454651476247,1.0,5.0,43960.44469435266
48.0,17.0,3128.5493184883426,-4.521387651162876,1.5267863183552983,5.0,53632.274031228735
48.0,18.0,2184.1101356478352,-4.384299722222279,0.9999999999999996,5.0,37441.88803967717
48.0,19.0,1667.2934944662163,-3.7867877732882897,0.9999999999999998,5.0,28582.174190849422
48.0,20.0,1893.5761529215013,-3.3765577720469846,1.0,5.0,32461.30547865431
48.0,21.0,998.5924956988796,-7.935112985659026,1.0,5.0,17118.728497695076
48.0,22.0,1315.3615235361235,-2.581558023963006,0.9999999999999998,5.0,22549.05468919069
48.0,23.0,1847.8938816884668,-2.5269118114953315,1.0,5.0,31678.180828945147
48.0,24.0,2028.9459869059865,-2.8647809463715688,1.1476736534753251,5.0,34781.93120410262
48.0,25.0,1618.3342189994175,-2.713620803966593,1.3248629764769495,5.0,27742.8723257043
48.0,26.0,1877.4877215837296,-2.3626385867245627,1.0,5.0,32185.503798578226
48.0,27.0,1398.503934799256,-2.4814440548851997,1.0,5.0,23974.353167987247
48.0,28.0,1667.9392812948925,-3.2685878237626813,1.0,5.0,28593.244822198158
48.0,29.0,1891.074252441481,-2.3517238902799877,1.0,5.0,32418.41575613967
48.0,30.0,1109.2696996786262,-2.2728537488553435,1.0000000000000002,5.0,19016.051994490736
48.0,31.0,2168.428683606289,-3.5154973011133865,0.9999999999999998,5.0,37173.063147536384
48.0,32.0,1113.0195742727078,-1.981889397707876,1.0,5.0,19080.335558960705
48.0,33.0,2141.971418785698,-3.5154973011133865,0.9999999999999998,5.0,36719.510036326246
48.0,34.0,1399.499357783896,-2.025108147923194,1.0,5.0,23991.417562009647
48.0,35.0,680.1816791959211,-2.250440201876745,1.0000000000000002,5.0,11660.257357644365
48.0,36.0,2327.8938446863785,-2.829818632467416,1.0,5.0,39906.751623195065
48.0,37.0,909.432927612588,-2.227077707087933,1.0,5.0,15590.278759072937
48.0,38.0,2120.794703251629,-2.7085865385869177,1.0,5.0,36356.48062717077
48.0,39.0,1664.8245955948073,-2.712835862592567,1.315480503504655,5.0,28539.8502101967
48.0,40.0,1851.77778267032,-2.5372790651181845,1.0000000000000002,5.0,31744.76198863405
48.0,41.0,2181.7334567400853,-3.034885512707441,1.0,5.0,37401.14497268717
48.0,42.0,1395.2420044482994,-2.249777906320295,1.0000000000000002,5.0,23918.434361970845
48.0,43.0,1121.0284120089916,-2.316250394344202,1.0,5.0,19217.629920154144
48.0,44.0,1396.856863114198,-2.249777906320295,1.0,5.0,23946.117653386253
48.0,45.0,879.51068153155,-2.2395739309965785,1.0,5.0,15077.325969112284
48.0,46.0,1198.546079095536,-2.0478048957035826,1.0,5.0,20546.50421306633
48.0,47.0,621.0882205591848,-2.486412243496982,1.0,5.0,10647.226638157455
48.0,48.0,289.50644705117384,-0.0548307663729167,0.0,0.0,4962.967663734409
48.0,49.0,947.206552014996,-2.239109227042194,1.0,5.0,16237.82660597136
48.0,50.0,824.5922498264907,-2.225981628006081,1.0,5.0,14135.8671398827
49.0,1.0,2882.5191790531226,-3.900551666456242,1.3663192674815154,5.0,49414.614498053525
49.0,2.0,3654.7337516604953,-4.561364315823903,1.288010843254354,5.0,62652.5785998942
49.0,3.0,2541.935945738279,-3.420276471975305,1.4161769769945023,5.0,43576.04478408479
49.0,4.0,3621.9563391661823,-4.561424075447726,1.2906459571359998,5.0,62090.680099991696
49.0,5.0,3230.3222365352435,-4.701261987715951,1.3264049320190898,5.0,55376.95262631846
49.0,6.0,4013.099006975225,-5.402197762220318,1.2620348017674765,5.0,68795.98297671814
49.0,7.0,2418.5631232268115,-4.846036593548969,1.0,5.0,41461.082112459626
49.0,8.0,2545.690619339392,-5.091538136324719,1.0,5.0,43640.41061724671
49.0,9.0,2419.189346060367,-4.846036593548969,1.0,5.0,41471.81736103486
49.0,10.0,2500.102771674419,-5.091538136324719,1.0,5.0,42858.90465727575
49.0,11.0,3083.023337662489,-4.220518781156894,1.5333480417047023,5.0,52851.82864564267
49.0,12.0,2146.140041716797,-3.96876864693686,1.0,5.0,36790.97214371652
49.0,13.0,2230.0082236128355,-4.071524925001392,0.9999999999999998,5.0,38228.71240479146
49.0,14.0,3133.848763888885,-4.1135170732576265,1.3365414358290113,5.0,53723.12166666661
49.0,15.0,2153.500987791031,-2.69323924702969,1.4926392576117848,5.0,36917.15979070339
49.0,16.0,3112.9194852769724,-4.113585508239031,1.3388318493326328,5.0,53364.33403331952
49.0,17.0,3086.4485015927,-4.220536963885411,1.532752077702404,5.0,52910.545741589136
49.0,18.0,2149.1225250951084,-3.96876864693686,0.9999999999999998,5.0,36842.10043020186
49.0,19.0,1632.3058839134897,-3.239889781716617,1.0,5.0,27982.38658137411
49.0,20.0,2440.5275921071816,-3.3415251785481987,1.4338183342341504,5.0,41837.61586469454
49.0,21.0,970.84535569752,-7.180819189911445,1.0,5.0,16643.063240528918
49.0,22.0,1860.020494039602,-2.4153498082915057,1.5720844600304371,5.0,31886.065612107464
49.0,23.0,2393.700003337291,-2.7208478591410565,1.4422624660731098,5.0,41034.85720006785
49.0,24.0,2574.855383616284,-3.0162013422551937,1.525531031544359,5.0,44140.37800485059
49.0,25.0,2147.6427097128712,-2.8058431567523208,1.757123007173366,5.0,36816.732166506365
49.0,26.0,2423.3654062991204,-2.588685147158486,1.4367551539844514,5.0,41543.40696512778
49.0,27.0,1943.4714681136436,-2.3806455165102287,1.5470127568637824,5.0,33316.65373909103
49.0,28.0,2214.255195386844,-3.139310566338817,1.4789910144644898,5.0,37958.66049234589
49.0,29.0,2437.0577707887437,-2.574707323385477,1.4342724400802145,5.0,41778.13321352131
49.0,30.0,1653.2017968540729,-1.990249058191201,1.645418294678218,5.0,28340.60223178411
49.0,31.0,2715.9727010841675,-3.5874332894833225,1.3891197310242118,5.0,46559.53201858573
49.0,32.0,1656.656693450709,-1.805277613834522,1.6439163246595114,5.0,28399.82903058359
49.0,33.0,2689.3924493829363,-3.5875733130319536,1.393017643299778,5.0,46103.87056085034
49.0,34.0,1943.987996507704,-2.067497051074968,1.546725897641342,5.0,33325.508511560634
49.0,35.0,1165.6915672236787,-2.0737123373133883,1.6771545993903028,5.0,19983.284009548777
49.0,36.0,2875.2926358392765,-3.092309960047046,1.3671713484540575,5.0,49290.73090010189
49.0,37.0,881.6857876112289,-1.153600193411162,0.9999999999999998,5.0,15114.61350190678
49.0,38.0,2667.508711114997,-2.949999486021908,1.3961943175408122,5.0,45728.72076197138
49.0,39.0,2194.586153713628,-2.804229820348336,1.7402647674945286,5.0,37621.47692080505
49.0,40.0,2397.590724578914,-2.7320382032599397,1.4415317781466903,5.0,41101.55527849567
49.0,41.0,2146.7458461873584,-2.598833134934845,1.0000000000000002,5.0,36801.35736321186
49.0,42.0,1932.1479097005224,-2.5156016792883,2.1023505459614915,5.0,33122.5355948661
49.0,43.0,1086.040801456265,-1.4434904822322354,1.0,5.0,18617.842310678825
49.0,44.0,1933.772720326904,-2.515536695215114,2.101413441395969,5.0,33150.389491318354
49.0,45.0,844.5230709788232,-1.086609226842033,1.0000000000000004,5.0,14477.538359636968
49.0,46.0,1163.558468542809,-1.2138023154677384,1.0000000000000002,5.0,19946.71660359101
49.0,47.0,586.1006100064582,-0.6756683400308511,1.0,5.0,10047.43902868214
49.0,48.0,860.1930207751757,-2.2416522153539544,1.0,5.0,14746.166070431582
49.0,49.0,275.63287705049413,-0.0522031963024957,0.0,0.0,4725.135035151327
49.0,50.0,796.8451098251314,-1.0766003905955144,1.0,5.0,13660.201882716538
50.0,1.0,3001.596955253275,-4.251880921130283,1.5335429214190153,5.0,51455.94780434186
50.0,2.0,3784.385109145172,-4.6397199516893775,1.0000000000000002,5.0,64875.17329963151
50.0,3.0,2662.605514613861,-3.811628835093057,1.602456798792098,5.0,45644.66596480905
50.0,4.0,3751.7049624814954,-4.6397199516893775,1.0000000000000002,5.0,64314.94221396848
50.0,5.0,3347.8609227960646,-5.006688421689142,1.4777571692561515,5.0,57391.90153364682
50.0,6.0,4141.714592669845,-5.46451601979507,1.0,5.0,71000.82158862591
50.0,7.0,2514.7133477412303,-4.891731233058514,1.0,5.0,43109.37167556395
50.0,8.0,2641.840843853811,-5.1363499581574725,1.0,5.0,45288.70018035104
50.0,9.0,2515.339570574786,-4.891731233058514,1.0,5.0,43120.1069241392
50.0,10.0,2596.252996188837,-5.1363499581574725,1.0,5.0,44507.19422038007
50.0,11.0,3173.6399483435484,-4.316520327585472,1.5172355933473531,5.0,54405.256257317975
50.0,12.0,2242.290266231216,-4.0349224465832005,1.0,5.0,38439.26170682084
50.0,13.0,2326.158448127254,-4.142197962280157,1.0,5.0,39877.001967895776
50.0,14.0,3264.6088717234056,-4.185659393763751,1.0,5.0,55964.72351525838
50.0,15.0,2249.9702932399905,-2.818778769019544,1.471137472733794,5.0,38570.919312685546
50.0,16.0,3243.7578641638333,-4.185659393763751,1.0,5.0,55607.277671380005
50.0,17.0,3177.065277649601,-4.316537024465792,1.516675437673903,5.0,54463.97618827887
50.0,18.0,2245.2727496095267,-4.0349224465832005,1.0,5.0,38490.38999330618
50.0,19.0,1728.456108427908,-3.3026112333531854,1.0,5.0,29630.67614447842
50.0,20.0,2536.9378325516805,-3.448545950382237,1.4170586080094183,5.0,43490.36284374309
50.0,21.0,1066.9955802119384,-6.712429671370185,0.9999999999999998,5.0,18291.352803633228
50.0,22.0,1994.7601138627167,-2.467804773721701,1.0,5.0,34195.88766621801
50.0,23.0,2527.292472015061,-2.8160807589406742,1.0,5.0,43325.01380597247
50.0,24.0,2708.344565176045,-3.1304768815103508,1.1106291436460718,5.0,46428.76397444648
50.0,25.0,2284.806799472838,-2.8149892711506226,1.226318447310274,5.0,39168.11656239152
50.0,26.0,2556.8863119103235,-2.690274292051857,1.0,5.0,43832.336775605545
50.0,27.0,2039.94223018004,-2.511886239740418,1.5206276322606322,5.0,34970.438231657834
50.0,28.0,2310.671894638908,-3.2464535142377837,1.4586398924589592,5.0,39611.51819380984
50.0,29.0,2570.4728427680743,-2.676206096303119,0.9999999999999998,5.0,44065.24873316698
50.0,30.0,1749.672903748457,-2.129562537136384,1.6089962220880318,5.0,29994.39263568784
50.0,31.0,2847.8272739328827,-3.6563735772927375,1.0,5.0,48819.8961245637
50.0,32.0,1792.4181645993017,-1.8688080894375003,1.0,5.0,30727.16853598803
50.0,33.0,2821.370009112292,-3.6563735772927375,1.0,5.0,48366.34301335358
50.0,34.0,2078.89794811049,-2.152090092671391,1.0,5.0,35638.25053903696
50.0,35.0,1262.5265175164684,-2.1838386592604486,1.6263148863013954,5.0,21643.311728853743
50.0,36.0,3007.292435012973,-3.193957626991856,1.0000000000000002,5.0,51553.58460022239
50.0,37.0,977.8360121256468,-1.2962749728488072,1.0,5.0,16762.903065011087
50.0,38.0,2800.1932935782224,-3.049778762445541,1.0,5.0,48003.3136041981
50.0,39.0,2331.246605975056,-2.8147582657026207,1.221731581278745,5.0,39964.22753100096
50.0,40.0,2531.1763729969143,-2.827235145214016,1.0,5.0,43391.59496566139
50.0,41.0,2242.896070701777,-2.7293861389833745,1.0,5.0,38449.64692631618
50.0,42.0,2028.2290450361008,-2.6446735347738874,2.0492004481910127,5.0,34769.64077204744
50.0,43.0,1182.191025970683,-1.5816677036790991,1.0,5.0,20266.13187378314
50.0,44.0,2029.8532948216816,-2.6446145773301346,2.04835152628514,5.0,34797.48505408597
50.0,45.0,940.6732954932417,-1.2303438380591454,1.0,5.0,16125.827922741284
50.0,46.0,1259.7086930572275,-1.3789588745977592,1.0,5.0,21595.00616669533
50.0,47.0,682.2508345208763,-0.8260772689126342,1.0,5.0,11695.72859178645
50.0,48.0,956.3432452895938,-2.246284212581904,1.0,5.0,16394.455633535894
50.0,49.0,371.2630535462606,-0.3889328746100008,1.0,5.0,6364.509489364468
50.0,50.0,185.6315267731303,-0.0351574860581471,0.0,0.0,3182.254744682234
2100.0,2100.0,383.8870000645766,-0.0727058710731234,0.0,0.0,6580.920001107028
2100.0,2101.0,1189.2107973558875,-1.6243824273370109,1.561819481290239,5.0,20386.47081181521
2100.0,2102.0,1438.1224098240702,-2.1830607153891672,2.014737891255652,5.0,24653.52702555549
2100.0,2103.0,1189.486613415653,-2.185638468251801,1.6400577428166168,5.0,20391.19908712548
2100.0,2104.0,1569.1686594212592,-3.6980042802256943,1.0,5.0,26900.0341615073
2100.0,2105.0,1368.2919539818351,-3.6980042802256943,1.0,5.0,23456.433496831454
2101.0,2100.0,1188.4184876304284,-1.6537975416089838,1.562889256110231,5.0,20372.888359378776
2101.0,2101.0,297.1373768731973,-0.0562760182301423,0.0,0.0,5093.783603540526
2101.0,2102.0,773.2533001319066,-0.837973465647553,1.0,5.0,13255.770859404114
2101.0,2103.0,1691.0725659569264,-2.288985774590236,1.7608356900352875,5.0,28989.81541640445
2101.0,2104.0,1450.1224109362906,-1.8198999090039776,1.0,5.0,24859.24133033641
2101.0,2105.0,1249.2457054968663,-1.8198999090039776,1.0,5.0,21415.64066566057
2102.0,2100.0,1437.3703946266542,-1.925680947057448,1.4637828204211794,5.0,24640.63533645693
2102.0,2101.0,773.2533001319065,-0.8284809689520537,1.0,5.0,13255.770859404112
2102.0,2102.0,386.6266500659533,-0.0732247441783655,0.0,0.0,6627.885429702056
2102.0,2103.0,1934.4125811159447,-2.603320893529776,1.669843636262521,5.0,33161.35853341619
2102.0,2104.0,1190.5224626157426,-1.4519407850992396,1.0,5.0,20408.95650198416
2102.0,2105.0,989.6457571763189,-1.4519407850992396,1.0,5.0,16965.35583730832
2103.0,2100.0,1188.0687325978226,-2.090009344601617,1.6417396750260873,5.0,20366.89255881981
2103.0,2101.0,1577.9904851361948,-1.9970776925053944,1.0,5.0,27051.265459477625
2103.0,2102.0,1830.5017807202892,-2.545543238850608,1.4303673323626205,5.0,31380.03052663353
2103.0,2103.0,457.073087521003,-0.0865668724564945,0.0,0.0,7835.538643217194
2103.0,2104.0,2131.8335750627803,-3.2760596325189275,1.6167118059424053,5.0,36545.71842964766
2103.0,2105.0,1931.919032342826,-3.2737998759939444,1.681235184027071,5.0,33118.61198301988
2104.0,2100.0,1569.1686594212592,-3.698414802186682,0.9999999999999998,5.0,26900.0341615073
2104.0,2101.0,1450.1224109362906,-1.8212587690197035,1.0000000000000002,5.0,24859.24133033641
2104.0,2102.0,1190.5224626157426,-1.4622112083474117,1.0,5.0,20408.95650198416
2104.0,2103.0,2116.9570675416767,-3.3912528070631245,1.6264293676742825,5.0,36290.69258642875
2104.0,2104.0,420.6102508844699,-0.0796610321987879,0.0,0.0,7210.46144373377
2104.0,2105.0,1629.3109416918496,-2.5502472345838147,1.7993128768619862,5.0,27931.04471471742
2105.0,2100.0,1368.2919539818354,-3.7286142996824743,0.9999999999999998,5.0,23456.43349683146
2105.0,2101.0,1249.2457054968663,-1.5379074224397755,1.0,5.0,21415.64066566057
2105.0,2102.0,989.6457571763186,-1.1671091014809996,1.0,5.0,16965.355837308318
2105.0,2103.0,1926.0798311540725,-3.1942404740013424,1.690184463435739,5.0,33018.51139121267
2105.0,2104.0,1629.3109416918496,-2.314814022498019,1.799312876861986,5.0,27931.04471471742
2105.0,2105.0,320.1718981647579,-0.0606386169505303,0.0,0.0,5488.661111395851
