origin_zone,destination_zone,distance,logsum,path_size_sum,iterations,time
1.0,1.0,317.0318611007392,-0.0600439129623698,0.0,0.0,5434.831904584101
1.0,2.0,2156.0542841000806,-2.9662269265984027,1.5082010319924133,5.0,36960.930584572816
1.0,3.0,1008.5379477764563,-1.593101767638747,1.0000000000000002,5.0,17289.22196188211
1.0,4.0,2123.230482341247,-2.9666474593149976,1.516143468284616,5.0,36398.23684013567
1.0,5.0,1694.5420644922262,-2.953966367445981,1.0000000000000002,5.0,29049.29253415245
1.0,6.0,2538.7887423895872,-3.557437772075517,1.0,5.0,43522.09272667864
1.0,7.0,967.2477105511516,-1.0951063019593332,1.0,5.0,16581.38932373403
1.0,8.0,1094.3752066637317,-1.327787261051257,1.0,5.0,18760.717828521112
1.0,9.0,967.8739333847068,-1.0951063019593332,1.0,5.0,16592.12457230926
1.0,10.0,1048.7873589987585,-1.327787261051257,1.0,5.0,17979.211868550145
1.0,11.0,2268.918588507354,-2.7353451158238684,1.0000000000000002,5.0,38895.74723155463
1.0,12.0,634.0637222014784,-0.987995434775738,1.0,5.0,10869.663809168202
1.0,13.0,717.9319040975165,-0.9857321378079044,1.0,5.0,12307.40407024314
1.0,14.0,1631.151121135838,-2.1656022017564798,1.0000000000000002,5.0,27962.590648042933
1.0,15.0,1730.8059534111464,-2.4418749419033228,1.6382694958466584,5.0,29670.95920133394
1.0,16.0,1610.3001135762656,-2.1656022017564798,1.0000000000000002,5.0,27605.14480416456
1.0,17.0,2272.3702961537574,-2.7353451158238684,1.0,5.0,38954.91936263585
1.0,18.0,637.0462055797893,-0.9879954347757384,1.0000000000000002,5.0,10920.792095653533
1.0,19.0,1197.295025638987,-2.6542434644526054,1.0,5.0,20525.05758238264
1.0,20.0,912.7224639468778,-2.6798446596748207,1.0000000000000002,5.0,15646.670810517904
1.0,21.0,2853.2580108729053,-3.972957910025629,1.79626245201763,5.0,48912.99447210695
1.0,22.0,2433.2880628134885,-2.5469002541405183,1.658011809599312,5.0,41713.50964823124
1.0,23.0,2964.511420791607,-2.77844111798418,2.258451904108395,5.0,50820.195784998985
1.0,24.0,3145.582246612249,-2.8860709337974018,2.2810795384008715,5.0,53924.26708478141
1.0,25.0,2688.100424381656,-2.629517665633456,1.7988118682390395,5.0,46081.72156082839
1.0,26.0,2994.052196283616,-2.604846113459743,2.0603114576565376,5.0,51326.609079147696
1.0,27.0,1446.3666845699174,-2.7208085481284714,1.0000000000000002,5.0,24794.857449770014
1.0,28.0,1728.803257838808,-2.0658048379652887,1.0,5.0,29636.627277236705
1.0,29.0,1995.3443392505728,-2.5455820554447515,1.547851399109495,5.0,34205.90295858125
1.0,30.0,2266.843511496758,-2.3697372377319086,1.7223786169022268,5.0,38860.17448280156
1.0,31.0,2270.3599878901714,-2.9688240671903348,1.471385809463928,5.0,38920.45693526008
1.0,32.0,2230.47008911565,-2.392381379818807,1.7181689865125578,5.0,38236.63009912543
1.0,33.0,2243.9178192634554,-2.968745806882748,1.4769342540891943,5.0,38467.162615944944
1.0,34.0,2516.910112646763,-2.383660705329474,1.6363472470756817,5.0,43147.03050251594
1.0,35.0,2294.4346837123467,-3.109118933855922,1.0000000000000002,5.0,39333.16600649738
1.0,36.0,2523.9039949388643,-3.010506955551917,1.4240793147978823,5.0,43266.92562752339
1.0,37.0,2523.685932129014,-3.139720967718214,1.0,5.0,43263.18740792596
1.0,38.0,3237.374032393828,-2.7372821748935303,1.9805349621112096,5.0,55497.84055532277
1.0,39.0,2734.432746057778,-2.629430073021319,1.7852303899392852,5.0,46875.98993241905
1.0,40.0,2968.3948762715518,-2.782209426611252,2.256804326181745,5.0,50886.76930751231
1.0,41.0,1760.572019887036,-2.615156328719527,1.0000000000000002,5.0,30181.2346266349
1.0,42.0,1414.5939131790728,-2.7119218070081272,1.0000000000000004,5.0,24250.181368784102
1.0,43.0,1673.338571497693,-2.454560377501177,1.0,5.0,28685.804082817594
1.0,44.0,1416.2087718449716,-2.7119218070081272,1.0,5.0,24277.864660199517
1.0,45.0,2466.569712750568,-2.3490079113227096,1.4334744099468453,5.0,42284.05221858116
1.0,46.0,1690.1166015062108,-2.822142074145456,1.0000000000000002,5.0,28973.427454392186
1.0,47.0,2235.34122507561,-3.107765115661456,1.0000000000000002,5.0,38320.13528701045
1.0,48.0,1952.097868792502,-2.958428641686738,1.0000000000000002,5.0,33464.53489358575
1.0,49.0,2904.077007361743,-2.697693685963403,1.8379543390190447,5.0,49784.177269058455
1.0,50.0,2438.8452543429166,-3.1313409356356985,1.0,5.0,41808.77578873572
2.0,1.0,628.1600738008701,-0.4617009767754621,1.0,5.0,10768.458408014916
2.0,2.0,314.08003690043506,-0.0594848553498387,0.0,0.0,5384.229204007458
2.0,3.0,1356.9450059739388,-1.661758896469783,1.0,5.0,23261.914388124667
2.0,4.0,1356.8091504431752,-2.549227371488194,0.9999999999999998,5.0,23259.58543616872
2.0,5.0,974.692907273662,-2.540234460909778,1.0,5.0,16709.021267548495
2.0,6.0,1800.846790384938,-3.733880469221508,1.6116662031813551,5.0,30871.659263741796
2.0,7.0,1315.6547687486338,-1.2753732943255802,1.0,5.0,22554.08174997658
2.0,8.0,1442.782264861214,-1.484985851458194,1.0,5.0,24733.410254763665
2.0,9.0,1316.2809915821888,-1.2753732943255802,1.0,5.0,22564.816998551807
2.0,10.0,1397.1944171962405,-1.484985851458194,1.0,5.0,23951.904294792694
2.0,11.0,2638.0540089012115,-3.0328991103985308,1.7895575389682012,5.0,45223.78300973506
2.0,12.0,982.4707803989604,-1.0566800132666596,1.0,5.0,16842.356235410753
2.0,13.0,1066.3389622949985,-1.1330394021309165,1.0,5.0,18280.096496485687
2.0,14.0,1966.259630616752,-2.4393029496653837,1.5505069090451924,5.0,33707.307953430034
2.0,15.0,2071.508275069192,-2.609198894740248,2.0458708070518843,5.0,35511.57042975758
2.0,16.0,1945.423110032379,-2.4391263077545147,1.5564039660451108,5.0,33350.11045769793
2.0,17.0,2641.502541592313,-3.0328722974448303,1.7885303864133146,5.0,45282.90071301108
2.0,18.0,985.4532637772712,-1.0566800132666596,1.0,5.0,16893.48452189608
2.0,19.0,1545.702083836469,-2.497753209282844,1.0,5.0,26497.750008625186
2.0,20.0,1261.1295221443595,-2.322360817683581,1.0,5.0,21619.36323676045
2.0,21.0,3184.984079655512,-3.992783555228706,1.7119065427759117,5.0,54599.72707980879
2.0,22.0,2770.345596621543,-2.7807485906688214,1.9666744077523264,5.0,47491.63879922645
2.0,23.0,3301.8089545074317,-3.0107727373595567,2.4542720630153134,5.0,56602.4392201274
2.0,24.0,3482.994519378646,-3.1165785993148982,2.465000319151681,5.0,59708.4774750625
2.0,25.0,3016.704855428496,-2.8709749912746703,2.0695798956726685,5.0,51714.94037877421
2.0,26.0,3332.8149717267606,-2.838133126664929,2.274232700541749,5.0,57133.970943887325
2.0,27.0,1794.7737427673997,-2.6465998703581386,1.0,5.0,30767.549876012567
2.0,28.0,2063.7220797472924,-2.3647813689727366,1.524474021630851,5.0,35378.092795667864
2.0,29.0,2333.2196091792653,-2.603434495656929,1.4638265931778087,5.0,39998.05044307312
2.0,30.0,2605.1595370261903,-2.597530615208625,2.03881026990919,5.0,44659.87777759183
2.0,31.0,2609.55513169272,-3.2936661825777334,2.2367386517913,5.0,44735.23082901805
2.0,32.0,2568.247662799636,-2.621670647904357,2.042764010850864,5.0,44027.1027908509
2.0,33.0,2583.095472771292,-3.293932290637666,2.2494310734542617,5.0,44281.636676079295
2.0,34.0,2855.10127002962,-2.6312752619762687,1.9377008927070705,5.0,48944.59320050778
2.0,35.0,2642.8417419098287,-3.166264212647562,1.0,5.0,45305.85843273992
2.0,36.0,2862.938222351195,-3.3385984663752613,2.126964097504779,5.0,49078.94095459191
2.0,37.0,2872.0929903264955,-3.2173747215441875,1.0000000000000002,5.0,49235.879834168496
2.0,38.0,3576.0827157480767,-2.9661847825258425,2.1875584755701407,5.0,61304.27512710988
2.0,39.0,3063.0767521296893,-2.8709945637829297,2.053348182627221,5.0,52509.8871793661
2.0,40.0,3305.695516652367,-3.014392471346525,2.452564728710003,5.0,56669.06599975487
2.0,41.0,2108.979078084518,-2.6531006902869043,1.0,5.0,36153.92705287744
2.0,42.0,1763.000971376555,-2.630912517242237,1.0000000000000002,5.0,30222.87379502666
2.0,43.0,2021.7456296951752,-2.5013072245530434,1.0,5.0,34658.49650906015
2.0,44.0,1764.6158300424536,-2.630912517242237,1.0,5.0,30250.55708644206
2.0,45.0,2814.966036747164,-2.522611532032895,1.3798713405138423,5.0,48256.560629951375
2.0,46.0,2038.523659703693,-2.799923469230549,1.0,5.0,34946.11988063474
2.0,47.0,2583.748283273092,-3.149299699756632,1.0000000000000004,5.0,44292.827713253006
2.0,48.0,2300.504926989984,-2.974469686018552,1.0000000000000002,5.0,39437.2273198283
2.0,49.0,3248.147174743077,-2.8589658464525245,1.7444711463034568,5.0,55682.52299559561
2.0,50.0,2787.252312540398,-3.2040494024141517,0.9999999999999998,5.0,47781.46821497827
3.0,1.0,569.2326718232907,-1.2099463879663883,1.0,5.0,9758.274374113556
3.0,2.0,1330.561895129273,-2.864785738730808,0.9999999999999996,5.0,22809.63248793039
3.0,3.0,284.61633591164536,-0.0539046089620536,0.0,0.0,4879.137187056778
3.0,4.0,1297.8817484655965,-2.864785738730808,0.9999999999999996,5.0,22249.401402267365
3.0,5.0,915.7655052960828,-3.0960394746409454,1.0,5.0,15698.837233647137
3.0,6.0,1742.0545787155784,-3.995495223289728,1.6326176972257955,5.0,29863.792777981344
3.0,7.0,1256.727366771054,-1.5586808099944898,1.0,5.0,21543.89771607521
3.0,8.0,1383.8548628836345,-1.7340460351210225,1.0,5.0,23723.2262208623
3.0,9.0,1257.3535896046092,-1.5586808099944898,1.0,5.0,21554.63296465045
3.0,10.0,1338.267015218661,-1.7340460351210225,1.0,5.0,22941.72026089133
3.0,11.0,2579.099503840247,-3.157824745959151,1.8075152765634344,5.0,44213.13435154709
3.0,12.0,923.5433784213808,-1.491029853939649,1.0,5.0,15832.172201509386
3.0,13.0,1007.4115603174192,-1.4854990627325952,1.0,5.0,17269.91246258433
3.0,14.0,1905.808969070667,-2.641223317830516,1.5688903335432365,5.0,32671.01089835429
3.0,15.0,2051.534504066916,-2.7375822192394264,1.5285153131202072,5.0,35169.162926861405
3.0,16.0,1885.0053334724207,-2.6406307151808197,1.5751543336862022,5.0,32314.377145241506
3.0,17.0,2582.5479649521194,-3.1577969189167825,1.8064408962007652,5.0,44272.25082775061
3.0,18.0,926.525861799692,-1.491029853939649,1.0,5.0,15883.300487994718
3.0,19.0,1486.7746818588898,-2.7704594972871144,0.9999999999999996,5.0,25487.565974723828
3.0,20.0,1202.2021201667806,-2.6918996824908508,1.0,5.0,20609.179202859093
3.0,21.0,3130.307138833784,-4.102714508336767,1.7248913177281222,5.0,53662.40809429344
3.0,22.0,2711.49103790497,-2.8907498215252416,1.9876627913484808,5.0,46482.70350694235
3.0,23.0,3239.6412430739188,-3.1388971522040605,2.484898744198097,5.0,55536.70702412432
3.0,24.0,3420.639841789196,-3.233242121638761,2.4941192891429957,5.0,58639.540144957646
3.0,25.0,2938.501666853396,-2.992609804263489,2.104203659516463,5.0,50374.31428891535
3.0,26.0,3270.806127192754,-2.9368295400347133,2.302006757516304,5.0,56070.96218044721
3.0,27.0,1735.8463407898207,-2.87054048327843,0.9999999999999996,5.0,29757.36584211121
3.0,28.0,2003.1102214718017,-2.555174968711923,1.5412817338877614,5.0,34339.03236808803
3.0,29.0,2272.2069680835,-2.769518914901676,1.4772415865913868,5.0,38952.11945286
3.0,30.0,2547.555359813527,-2.711469862302914,2.061801798264651,5.0,43672.37759680332
3.0,31.0,2547.7388543056377,-3.452292428445733,2.2681503673094263,5.0,43675.52321666808
3.0,32.0,2509.403217277823,-2.745106241186976,2.067228408491517,5.0,43018.34086761982
3.0,33.0,2521.3241387128974,-3.452094052305855,2.2814484763708918,5.0,43222.69952079252
3.0,34.0,2795.5434758448678,-2.735730408418016,1.9579651166791616,5.0,47923.602443054864
3.0,35.0,2583.9143399322493,-3.2937008584321044,1.0,5.0,44295.67439883856
3.0,36.0,2800.6366976004315,-3.481732710084334,2.1533823044922986,5.0,48010.9148160074
3.0,37.0,2813.165588348916,-3.3317634461108963,1.0,5.0,48225.69580026713
3.0,38.0,3513.8214400711427,-3.056625688437463,2.2117660929191603,5.0,60236.93897264816
3.0,39.0,2984.985797050909,-2.99246499008576,2.086935442928512,5.0,51171.1850923013
3.0,40.0,3243.522570543082,-3.142134120256181,2.483121011826338,5.0,55603.24406645284
3.0,41.0,2050.051676106939,-2.8237979515192446,1.0,5.0,35143.7430189761
3.0,42.0,1704.073569398976,-2.8591809681742357,1.0,5.0,29212.6897611253
3.0,43.0,1962.818227717596,-2.6799940255976704,0.9999999999999998,5.0,33648.31247515879
3.0,44.0,1705.6884280648746,-2.8591809681742357,0.9999999999999998,5.0,29240.373052540708
3.0,45.0,2756.043190963904,-2.625720299850659,1.387986037868358,5.0,47246.45470223835
3.0,46.0,1979.596257726114,-2.988388517253015,1.0,5.0,33935.93584673338
3.0,47.0,2524.820881295513,-3.285299226464588,1.0,5.0,43282.643679351655
3.0,48.0,2241.577525012405,-3.1331442214336027,1.0,5.0,38427.04328592694
3.0,49.0,3191.10955044855,-2.944543732737906,1.7587810807704365,5.0,54704.73515054657
3.0,50.0,2728.3249105628192,-3.321658288660627,0.9999999999999998,5.0,46771.2841810769
4.0,1.0,595.4799271371933,-0.4320430316482695,1.0,5.0,10208.227322351886
4.0,2.0,1356.8091504431754,-2.562077714277759,0.9999999999999998,5.0,23259.58543616872
4.0,3.0,1324.2648593102615,-1.650641459974753,0.9999999999999998,5.0,22701.68330246163
4.0,4.0,297.73996356859664,-0.056390144497973,0.0,0.0,5104.113661175943
4.0,5.0,942.0127606099852,-2.58872200348525,1.0,5.0,16148.79018188546
4.0,6.0,1768.2169029212484,-3.75718045330528,1.623110924002284,5.0,30312.289764364257
4.0,7.0,1282.9746220849563,-1.256186169420516,1.0,5.0,21993.85066431354
4.0,8.0,1410.1021181975366,-1.4678934848430387,1.0,5.0,24173.17916910063
4.0,9.0,1283.600844918512,-1.256186169420516,1.0,5.0,22004.58591288878
4.0,10.0,1364.5142705325636,-1.4678934848430387,1.0,5.0,23391.67320912966
4.0,11.0,2605.337183962337,-3.0241170415423704,1.799416708686366,5.0,44662.92315364006
4.0,12.0,949.7906337352834,-1.041852594160533,1.0,5.0,16282.125149747715
4.0,13.0,1033.6588156313217,-1.115031394440629,0.9999999999999998,5.0,17719.865410822655
4.0,14.0,1933.656895031162,-2.430954619051075,1.55980598406531,5.0,33148.40391481992
4.0,15.0,2038.9640317668109,-2.602513462082988,2.0626528396908617,5.0,34953.66911600247
4.0,16.0,1912.8206537966196,-2.430770810451105,1.5659050639265095,5.0,32791.21120794205
4.0,17.0,2608.785678534178,-3.0240895721459498,1.7983637583657774,5.0,44722.04020344304
4.0,18.0,952.7731171135944,-1.041852594160533,1.0,5.0,16333.253436233048
4.0,19.0,1513.0219371727924,-2.50342468852437,0.9999999999999998,5.0,25937.51892296216
4.0,20.0,1228.4493754806836,-2.338036007760726,1.0,5.0,21059.13215109743
4.0,21.0,3153.7107972837184,-3.9894618193194216,1.7190494763638895,5.0,54063.61366772089
4.0,22.0,2737.7012078112075,-2.7674547103135567,1.978202722103181,5.0,46932.02070533498
4.0,23.0,3269.12106832838,-2.9959044670458868,2.468798570318964,5.0,56042.07545705793
4.0,24.0,3450.310384099927,-3.101951784164722,2.4788695687083364,5.0,59148.1780131416
4.0,25.0,2984.147743740429,-2.856621783620134,2.081325036805741,5.0,51156.81846412164
4.0,26.0,3300.1403325804586,-2.8217086296761105,2.286847833706782,5.0,56573.83427280786
4.0,27.0,1762.0935961037228,-2.6476933867155443,0.9999999999999998,5.0,30207.31879034953
4.0,28.0,2031.1135665803488,-2.353888277413931,1.532907621269753,5.0,34819.08971280598
4.0,29.0,2300.5961992723683,-2.592448236802888,1.4704102074782817,5.0,39438.79198752632
4.0,30.0,2572.561227014418,-2.5835229075200896,2.052032462781201,5.0,44101.049605961445
4.0,31.0,2576.923465669262,-3.288543655494617,2.2524543319626598,5.0,44175.830840044495
4.0,32.0,2535.6079273554774,-2.6084624442423623,2.0561912380497254,5.0,43467.56446895104
4.0,33.0,2550.463812590461,-3.288815806652832,2.265473088515472,5.0,43722.23678726505
4.0,34.0,2822.439478477273,-2.61575601260844,1.948558959439792,5.0,48384.67677389611
4.0,35.0,2610.161595246152,-3.159200676330669,1.0000000000000002,5.0,44745.62734707688
4.0,36.0,2830.298550934747,-3.331400969499172,2.139998915011309,5.0,48519.40373030995
4.0,37.0,2839.412843662818,-3.2088148187145817,1.0,5.0,48675.648748505446
4.0,38.0,3543.407506187332,-2.949836740429729,2.198508410842443,5.0,60744.12867749712
4.0,39.0,3030.520153357145,-2.8566413267708293,2.064737379083624,5.0,51951.774057551054
4.0,40.0,3273.007685352894,-2.999518093438232,2.4670569771388084,5.0,56108.70317747818
4.0,41.0,2076.2989314208417,-2.6466826063726083,1.0,5.0,35593.69596721443
4.0,42.0,1730.3208247128784,-2.6323966527856357,1.0,5.0,29662.64270936363
4.0,43.0,1989.0654830314984,-2.4939872113341512,1.0,5.0,34098.26542339712
4.0,44.0,1731.935683378777,-2.6323966527856357,1.0,5.0,29690.326000779038
4.0,45.0,2782.28703734287,-2.506079177834104,1.38432919910653,5.0,47696.34921159205
4.0,46.0,2005.843513040016,-2.7979526840226745,1.0,5.0,34385.8887949717
4.0,47.0,2551.0681366094154,-3.1433775569367404,1.0,5.0,43732.59662758998
4.0,48.0,2267.8247803263075,-2.970152753494233,1.0,5.0,38876.99623416527
4.0,49.0,3215.8095936261343,-2.8436436851938987,1.7523394954690192,5.0,55128.1644621623
4.0,50.0,2754.5721658767216,-3.1958527724589234,1.0,5.0,47221.23712931523
5.0,1.0,2140.4082063088467,-2.6377821256520027,1.7628889230557792,5.0,36692.71210815166
5.0,2.0,1836.323469793679,-2.782886981520154,1.5993005608903432,5.0,31479.830910748777
5.0,3.0,1785.212168747206,-2.366080628248934,1.0,5.0,30603.63717852353
5.0,4.0,1803.744793911484,-2.7840689150469182,1.6100234600940753,5.0,30921.33932419687
5.0,5.0,302.59307085059453,-0.0573092936025001,0.0,0.0,5187.3097860101925
5.0,6.0,1182.6450622714997,-2.828908092591373,1.0,5.0,20273.91535322571
5.0,7.0,1727.0453191652596,-2.186821470397348,1.6403504446321755,5.0,29606.491185690164
5.0,8.0,1853.71313515206,-2.318251020076365,1.596690370068937,5.0,31777.9394597496
5.0,9.0,1727.6698610670178,-2.186830506823221,1.6401197233175409,5.0,29617.19761829173
5.0,10.0,1808.239512342044,-2.3176952216387887,1.6116449679162947,5.0,30998.39164014933
5.0,11.0,2043.432625505393,-2.4962981200354912,1.0000000000000002,5.0,35030.27358009245
5.0,12.0,1410.7379431722277,-1.999973494806443,1.0,5.0,24184.079025809617
5.0,13.0,1494.6061250682658,-2.020509889489941,1.0,5.0,25621.81928688456
5.0,14.0,2399.2292296849387,-2.882465633763976,1.9139128476574665,5.0,41129.64393745609
5.0,15.0,2545.42815126816,-2.975430339084145,1.8615712441396672,5.0,43635.91116459703
5.0,16.0,2378.402913141942,-2.8825470297184426,1.9218973996914697,5.0,40772.62136814758
5.0,17.0,2046.884333151796,-2.4962981200354912,1.0,5.0,35089.44571117365
5.0,18.0,1413.7204265505386,-1.999973494806443,1.0,5.0,24235.207312294948
5.0,19.0,1973.9692466097367,-2.99470055687514,1.0,5.0,33839.47279902406
5.0,20.0,1689.3966849176277,-2.849625281406277,1.0,5.0,28961.08602715933
5.0,21.0,3652.629220329489,-4.258753320328686,2.0519650602474364,5.0,62616.50091993409
5.0,22.0,3205.9498696562923,-3.139837813459996,1.6844683049735112,5.0,54959.1406226793
5.0,23.0,3734.5142250451,-3.4297092666196005,2.1592053864950373,5.0,64020.24385791599
5.0,24.0,3915.171561530256,-3.5265729207005,2.1816738405268232,5.0,67117.22676909009
5.0,25.0,3449.0646470609604,-3.228563883916271,1.794146554106263,5.0,59126.82252104504
5.0,26.0,3764.7384454484936,-3.2260755560413026,2.0027923662397087,5.0,64538.3733505456
5.0,27.0,2223.040905540667,-3.1199481378643767,1.0,5.0,38109.27266641144
5.0,28.0,2496.813233457932,-2.823374596865252,1.87828756001142,5.0,42802.51257356454
5.0,29.0,2766.745038081628,-3.0256236620742825,1.7928333043067122,5.0,47429.91493854219
5.0,30.0,3060.61575266972,-2.912281147828986,1.716884606791493,5.0,52467.6986171952
5.0,31.0,3036.256090556604,-3.711279447403911,2.595545089966972,5.0,52050.104409541775
5.0,32.0,3003.6612723968237,-2.9967150181631115,1.7304468530876735,5.0,51491.33609823125
5.0,33.0,3009.8021770770665,-3.7112971498521903,2.6095782504008644,5.0,51596.60874989257
5.0,34.0,3290.023550414333,-3.013298310415618,1.6670099534634302,5.0,56400.40372138856
5.0,35.0,3071.108904683096,-3.573339598997163,1.0,5.0,52647.58122313878
5.0,36.0,3289.77050324572,-3.754701008544463,2.4724490663699945,5.0,56396.06576992662
5.0,37.0,3300.360153099763,-3.620481897726015,1.0000000000000002,5.0,56577.60262456737
5.0,38.0,4007.915596436853,-3.3411540883801343,1.9418923669777028,5.0,68707.12451034604
5.0,39.0,3495.4067320124814,-3.228476425010829,1.783622806914189,5.0,59921.258263071104
5.0,40.0,3738.398068796936,-3.432880498962573,2.1580016335677947,5.0,64086.82403651889
5.0,41.0,2527.309377534388,-2.8881045032778543,1.6375317603392494,5.0,43325.303614875214
5.0,42.0,2191.268134149823,-3.106648018133122,1.0,5.0,37564.596585425534
5.0,43.0,2450.012792468443,-3.0084536768356025,1.0,5.0,42000.21929945902
5.0,44.0,2192.882992815721,-3.106648018133122,1.0,5.0,37592.27987684093
5.0,45.0,3241.2817757383264,-2.886988100018061,1.4973718350346608,5.0,55564.830441228456
5.0,46.0,2466.790822476961,-3.251097333778137,1.0,5.0,42287.84267103361
5.0,47.0,3323.330388626442,-3.25571496370992,1.816468755837811,5.0,56971.378090739
5.0,48.0,2728.772089763252,-3.4026988079783047,1.0,5.0,46778.950110227175
5.0,49.0,3766.7370967144216,-3.065433607572142,1.4281063831142096,5.0,64572.6359436758
5.0,50.0,3215.5194753136657,-3.6082304156131633,1.0,5.0,55123.19100537712
6.0,1.0,1301.9316613272224,-1.0383703067724093,1.0,5.0,22318.82847989524
6.0,2.0,968.0798296917192,-0.7543652591259101,1.0,5.0,16595.654223286612
6.0,3.0,2058.8378693371105,-2.275068529086455,1.789234766987198,5.0,35294.363474350466
6.0,4.0,935.3996830280424,-0.7543652591259101,1.0,5.0,16035.423137623586
6.0,5.0,616.2676934109456,-1.0810391053726185,1.0,5.0,10564.589029901928
6.0,6.0,308.1338467054728,-0.0583586829667716,0.0,0.0,5282.294514950963
6.0,7.0,1991.8330944703112,-2.0886188302468804,2.095827111050602,5.0,34145.71019091962
6.0,8.0,2118.9713835475022,-2.238345551727657,2.030116396633057,5.0,36325.22371795718
6.0,9.0,1992.4592148017343,-2.088617287334008,2.095482883220383,5.0,34156.443682315454
6.0,10.0,2073.3908622232966,-2.238444146064668,2.052753974571504,5.0,35543.843352399366
6.0,11.0,2313.3981119049563,-2.7135875474028754,1.0,5.0,39658.2533469421
6.0,12.0,1664.385129132468,-1.7947405439634343,1.6508159987913231,5.0,28532.316499413733
6.0,13.0,1748.6816345924544,-1.870232800579196,1.6196233422457174,5.0,29977.39945015636
6.0,14.0,1527.686161824436,-1.3438071176965078,1.0,5.0,26188.905631276048
6.0,15.0,1673.9430476202708,-1.5280617963868626,1.0,5.0,28696.16653063321
6.0,16.0,1506.8351542648645,-1.3438071176965078,1.0000000000000002,5.0,25831.45978739767
6.0,17.0,2316.84981955136,-2.7135875474028754,1.0,5.0,39717.4254780233
6.0,18.0,1667.3695085039665,-1.7948065119066745,1.6496529769726886,5.0,28583.477288639428
6.0,19.0,2244.1827264713256,-2.1655801390871474,1.0,5.0,38471.70388236558
6.0,20.0,1959.610164779217,-1.8415727933010348,1.0,5.0,33593.31711050086
6.0,21.0,2926.587578333453,-3.3549540085708385,1.0000000000000004,5.0,50170.07277143063
6.0,22.0,2334.7149585616994,-1.8884234409737573,1.0000000000000004,5.0,40023.68500391485
6.0,23.0,2864.725568250071,-2.336767922406799,1.7446373314412194,5.0,49109.58117000122
6.0,24.0,3045.7799160647555,-2.465653897372165,1.7986406494700873,5.0,52213.36998968152
6.0,25.0,2592.5580066238176,-2.0251732759197383,1.2074318038430865,5.0,44443.85154212259
6.0,26.0,2894.101392897282,-2.1409946995136737,1.5447771786104567,5.0,49613.16673538198
6.0,27.0,2478.592930899595,-1.751072972568405,1.0,5.0,42490.16452970734
6.0,28.0,1625.338298527406,-1.270247808881165,1.0,5.0,27862.94226046982
6.0,29.0,1895.350065044114,-1.650706778916347,1.0,5.0,32491.71540075624
6.0,30.0,2189.3586957789653,-1.5396868880614458,1.0,5.0,37531.86335621083
6.0,31.0,2168.1302874306925,-2.6079377478867443,1.987628476504576,5.0,37167.94778452616
6.0,32.0,2132.373009298284,-1.6499619273737858,1.0000000000000002,5.0,36554.96587368487
6.0,33.0,2141.6863148335133,-2.608372334425776,1.9998130555199616,5.0,36714.62254000309
6.0,34.0,2418.852792809472,-1.7189818714324538,1.0000000000000002,5.0,41466.047876733806
6.0,35.0,3355.171771081912,-2.56967463388954,0.9999999999999996,5.0,57517.2303614042
6.0,36.0,2421.7566244705995,-2.6786407588286543,1.884293127615773,5.0,41515.82784806742
6.0,37.0,3426.835871321918,-3.0000441272266243,1.4457413876039753,5.0,58745.75779409003
6.0,38.0,3137.371499355172,-2.306371952235076,1.5024480997752268,5.0,53783.51141751723
6.0,39.0,2638.8131764482537,-2.0253301059019204,1.203821075494696,5.0,45236.79731054149
6.0,40.0,2868.607027192541,-2.3416258832489416,1.7436280819851435,5.0,49176.120466157845
6.0,41.0,2801.892244289837,-2.706481203571926,1.7741982045132376,5.0,48032.43847354007
6.0,42.0,2475.331000548639,-1.62911111961229,1.0,5.0,42434.24572369096
6.0,43.0,2734.075658867259,-1.72953624687616,1.0,5.0,46869.86843772444
6.0,44.0,2476.945859214537,-1.62911111961229,1.0,5.0,42461.92901510636
6.0,45.0,3521.3137900107445,-2.066553801391727,1.0,5.0,60365.37925732705
6.0,46.0,2750.8536888757767,-1.945395787856705,0.9999999999999998,5.0,47157.49180929904
6.0,47.0,3296.0783124451755,-2.509429172820616,1.0,5.0,56504.199641917294
6.0,48.0,3012.834956162068,-2.23873319934044,1.0,5.0,51648.5992484926
6.0,49.0,4046.8867879335608,-2.389406369675114,1.0,5.0,69375.20207886104
6.0,50.0,3499.582341712482,-2.656661736402598,0.9999999999999996,5.0,59992.84014364255
7.0,1.0,1875.1267393432504,-2.59748205875952,1.5885078541263362,5.0,32145.029817312858
7.0,2.0,1595.3844578184032,-3.003525419568727,1.0,5.0,27349.44784831548
7.0,3.0,1512.024365108258,-2.1336671608884847,1.0,5.0,25920.417687570138
7.0,4.0,1562.7043111547266,-3.003525419568727,0.9999999999999998,5.0,26789.216762652457
7.0,5.0,1180.5880679852132,-3.061073172138973,1.0,5.0,20238.652594032224
7.0,6.0,1982.9204099673188,-4.202435178929549,2.090975837016872,5.0,33992.92131372547
7.0,7.0,213.76865062099392,-0.0404864867758248,0.0,0.0,3664.605439217039
7.0,8.0,473.1251489069609,-0.7907231145137926,1.0,5.0,8110.716838405045
7.0,9.0,1440.3671902112974,-1.9092317663453364,1.762315310065817,5.0,24692.00897505081
7.0,10.0,427.5373012419879,-0.7907231145137926,1.0,5.0,7329.210878434078
7.0,11.0,1739.692703430133,-2.239485813357487,1.0000000000000002,5.0,29823.303487373705
7.0,12.0,1137.5501395332797,-1.7347237645070344,1.0,5.0,19500.859534856223
7.0,13.0,1221.4183214293175,-1.7421366028616694,1.0,5.0,20938.59979593116
7.0,14.0,2143.3753711979607,-2.809055396515574,1.5130684576136786,5.0,36743.57779196504
7.0,15.0,2248.7908578127945,-2.9515302493310296,1.9708773238736808,5.0,38550.70041964791
7.0,16.0,2122.5155129804525,-2.8088714923664595,1.5181101035819986,5.0,36385.98022252205
7.0,17.0,1743.1444110765367,-2.2394858133574864,1.0,5.0,29882.475618454915
7.0,18.0,1140.5326229115908,-1.7347237645070344,1.0,5.0,19551.987821341558
7.0,19.0,1700.7814429707887,-2.862766213290573,1.0,5.0,29156.253308070663
7.0,20.0,1416.2088812786794,-2.744788472439524,1.0,5.0,24277.866536205933
7.0,21.0,3336.2373433200446,-4.192582835050977,1.67986304567858,5.0,57192.640171200765
7.0,22.0,2944.7219289517934,-3.077860564072416,1.9175597824742443,5.0,50480.94735345932
7.0,23.0,3477.4182390093038,-3.324369922053036,2.389007234626217,5.0,59612.88409730235
7.0,24.0,3658.55243563109,-3.41439233304195,2.4018254555913874,5.0,62718.04175367583
7.0,25.0,3173.572913315953,-3.181718340990527,2.0288669612033488,5.0,54404.10708541634
7.0,26.0,3506.66959488265,-3.1328203672233563,2.2182051724524268,5.0,60114.335912274
7.0,27.0,1949.8531019017196,-2.977521792947737,1.0,5.0,33426.053175458044
7.0,28.0,2241.131244418683,-2.7361706714231264,1.4907056884922243,5.0,38419.39276146314
7.0,29.0,2511.47736534225,-2.9392534095958966,1.437927757380051,5.0,43053.89769158143
7.0,30.0,2781.204622744325,-2.910370985080601,1.9810968479490096,5.0,47677.79353275986
7.0,31.0,2782.9145842346943,-3.576565302892179,2.163997034045418,5.0,47707.107158309045
7.0,32.0,2742.118126734392,-2.9382644515132075,1.985397811745412,5.0,47007.73931544672
7.0,33.0,2756.456768592981,-3.5765632591068885,2.1751548761423907,5.0,47253.54460445111
7.0,34.0,3028.939028649998,-2.93681144473261,1.8920243710744769,5.0,51924.6690625714
7.0,35.0,2797.921101044148,-3.4183950663182108,1.0,5.0,47964.3617321854
7.0,36.0,3036.830145111709,-3.6131994816337114,2.066866516851684,5.0,52059.94534477217
7.0,37.0,3027.172349460815,-3.461067644268403,1.0000000000000002,5.0,51894.38313361397
7.0,38.0,3750.168513173802,-3.2475559366224207,2.1391373127973763,5.0,64288.60308297947
7.0,39.0,3220.105454622212,-3.181668928924052,2.013930049581927,5.0,55201.80779352363
7.0,40.0,3481.3053676227564,-3.327493135626201,2.387456838860851,5.0,59679.52058781868
7.0,41.0,2233.8647628280314,-2.6732718984083665,1.7162777198687915,5.0,38294.8245056234
7.0,42.0,1918.0803305108748,-2.9650305068368947,1.0,5.0,32881.37709447214
7.0,43.0,2176.824988829495,-2.827601381363001,0.9999999999999998,5.0,37316.99980850563
7.0,44.0,1919.695189176773,-2.9650305068368947,1.0,5.0,32909.06038588753
7.0,45.0,2947.4946276426863,-2.643234772755924,1.543989551537844,5.0,50528.47933101748
7.0,46.0,2193.6030188380123,-3.1031917554603066,1.0,5.0,37604.62318008021
7.0,47.0,3047.664204064969,-3.0370428672250647,1.888586798948856,5.0,52245.67206968519
7.0,48.0,2455.584286124304,-3.2521862552898835,1.0,5.0,42095.73061927378
7.0,49.0,3472.7246591650483,-2.8288137492868954,1.46217728484646,5.0,59532.42272854368
7.0,50.0,2942.3316716747177,-3.449877209034613,1.0,5.0,50439.97151442373
8.0,1.0,1707.393041805839,-2.494452598374298,1.6450704920487629,5.0,29269.595002385813
8.0,2.0,1427.601079544605,-2.9785594843955723,0.9999999999999998,5.0,24473.161363621803
8.0,3.0,1344.2409868344594,-1.998831758426588,1.0,5.0,23044.131202876444
8.0,4.0,1394.920932880928,-2.9785594843955723,0.9999999999999998,5.0,23912.930277958767
8.0,5.0,1012.8046897114148,-3.165013602554862,1.0,5.0,17362.366109338538
8.0,6.0,1835.6525518584117,-4.117469251264829,1.6022927767706985,5.0,31468.329460429908
8.0,7.0,1302.9507496091542,-1.639395384770614,1.0,5.0,22336.29856472836
8.0,8.0,484.8833806297407,-0.0918339734131028,0.0,0.0,8312.286525081268
8.0,9.0,1303.5769724427096,-1.639395384770614,1.0,5.0,22347.033813303595
8.0,10.0,1384.4903980567617,-1.8069330193664213,1.0,5.0,23734.121109544485
8.0,11.0,2641.0223340405146,-3.210196336380533,1.795799209718665,5.0,45274.66858355168
8.0,12.0,969.7667612594812,-1.5794640715646768,1.0,5.0,16624.573050162537
8.0,13.0,1053.634943155519,-1.5718449033828217,1.0,5.0,18062.313311237467
8.0,14.0,1975.3341825438372,-2.7026704825392085,1.5566557157712746,5.0,33862.87170075149
8.0,15.0,2080.4999133456904,-2.853965646207004,2.0500021614141435,5.0,35665.71280021184
8.0,16.0,1954.4733871872131,-2.7024477859809823,1.562595346758953,5.0,33505.25806606651
8.0,17.0,2644.4561598062187,-3.2101055117565007,1.7947787628240215,5.0,45333.534168106606
8.0,18.0,972.749244637792,-1.5794640715646768,1.0,5.0,16675.701336647864
8.0,19.0,1532.9980646969898,-2.8077759410297194,1.0,5.0,26279.96682337697
8.0,20.0,1248.425503004881,-2.7239564622452352,1.0,5.0,21401.580051512243
8.0,21.0,3174.8267479212477,-4.130486047233145,1.7146662975468974,5.0,54425.60139293566
8.0,22.0,2776.728279881305,-2.962830817263893,1.973110093483077,5.0,47601.05622653665
8.0,23.0,3309.518665728357,-3.2112482831070803,2.459459710853958,5.0,56734.605698200416
8.0,24.0,3490.648064491957,-3.303434361260988,2.469220972612423,5.0,59839.68110557642
8.0,25.0,3005.5613263468917,-3.0680955643665118,2.0868088991857263,5.0,51523.908451661
8.0,26.0,3338.742857362739,-3.009626373969448,2.279445965605824,5.0,57235.5918405041
8.0,27.0,1782.069723627921,-2.908931447934666,1.0,5.0,30549.766690764354
8.0,28.0,2073.105467150145,-2.619701652650158,1.5304289570976437,5.0,35538.950865431056
8.0,29.0,2343.4998852423714,-2.8279702810970333,1.4692924276216326,5.0,40174.28374701209
8.0,30.0,2613.240436911399,-2.789921790258045,2.0445829101174877,5.0,44798.40748990969
8.0,31.0,2614.946759037532,-3.497022330344097,2.238575219964684,5.0,44827.65872635768
8.0,32.0,2574.106524690391,-2.820148576767189,2.0497540686345976,5.0,44127.54042326384
8.0,33.0,2588.48882603721,-3.497014895807855,2.251216436799756,5.0,44374.09416063789
8.0,34.0,2860.949581310133,-2.811831059284627,1.9444374335923735,5.0,49044.84996531658
8.0,35.0,2630.13772277035,-3.330989203058115,1.0,5.0,45088.07524749172
8.0,36.0,2868.886161999767,-3.5276083142633743,2.129184209351971,5.0,49180.90563428172
8.0,37.0,2859.388971187016,-3.369414961463129,1.0,5.0,49018.09664892028
8.0,38.0,3582.255169144976,-3.127324706204312,2.1925121571132213,5.0,61410.08861391388
8.0,39.0,3052.1054535258704,-3.0680357361899238,2.0701545729482467,5.0,52321.80777472921
8.0,40.0,3313.4060643954435,-3.2144146018967983,2.457748144494973,5.0,56801.246818207605
8.0,41.0,2096.2750589450384,-2.867081584203566,1.0,5.0,35936.14386762923
8.0,42.0,1750.2969522370763,-2.8975257105066308,1.0,5.0,30005.090609778454
8.0,43.0,2009.0416105556965,-2.7260893174879337,1.0,5.0,34440.713323811935
8.0,44.0,1751.9118109029748,-2.8975257105066308,1.0,5.0,30032.773901193854
8.0,45.0,2802.265412203843,-2.67538186791413,1.3815919377508477,5.0,48038.83563778016
8.0,46.0,2025.8196405642136,-3.0267531469603908,1.0,5.0,34728.33669538652
8.0,47.0,2571.044264133613,-3.3220495791195104,1.0000000000000002,5.0,44075.0445280048
8.0,48.0,2287.800907850505,-3.1708562684900228,1.0,5.0,39219.44413458009
8.0,49.0,3237.07230262774,-2.988960799134381,1.7475101444308572,5.0,55492.66804504697
8.0,50.0,2774.54829340092,-3.359234403670251,0.9999999999999996,5.0,47563.685029730055
9.0,1.0,1875.7524187465992,-2.597536203236724,1.5883153229083875,5.0,32155.7557499417
9.0,2.0,1596.0106806519589,-3.003259930068122,0.9999999999999998,5.0,27360.183096890723
9.0,3.0,1512.6505879418137,-2.133749814084335,1.0,5.0,25931.15293614538
9.0,4.0,1563.3305339882818,-3.003259930068122,0.9999999999999998,5.0,26799.952011227688
9.0,5.0,1181.2142908187686,-3.0602577429159776,1.0,5.0,20249.387842607463
9.0,6.0,1983.54369091438,-4.201995819457587,2.090630680607628,5.0,34003.606129960805
9.0,7.0,1440.3651156519304,-1.9093427816150768,1.762315310065817,5.0,24691.97341117595
9.0,8.0,473.75137174051616,-0.7903644423453279,1.0,5.0,8121.452086980276
9.0,9.0,214.08176203777148,-0.0405457881803942,0.0,0.0,3669.973063504654
9.0,10.0,428.16352407554297,-0.7903644423453279,1.0,5.0,7339.946127009308
9.0,11.0,1740.3189262636884,-2.2396296308306463,1.0000000000000002,5.0,29834.038735948943
9.0,12.0,1138.176362366835,-1.734687151260686,1.0,5.0,19511.594783431457
9.0,13.0,1222.044544262873,-1.7422269194660975,1.0,5.0,20949.335044506395
9.0,14.0,2144.002473506191,-2.8091621264643765,1.5129185580201976,5.0,36754.328117249
9.0,15.0,2249.4184702127773,-2.9516192694280567,1.970604354555838,5.0,38561.45948936189
9.0,16.0,2123.142618554777,-2.808978348057217,1.517957243923673,5.0,36396.73060379618
9.0,17.0,1743.7706339100916,-2.2396296308306463,1.0,5.0,29893.210867030142
9.0,18.0,1141.1588457451462,-1.734687151260686,1.0,5.0,19562.723069916792
9.0,19.0,1701.407665804344,-2.8626189601574508,0.9999999999999998,5.0,29166.98855664589
9.0,20.0,1416.835104112235,-2.7444485034334014,1.0,5.0,24288.60178478117
9.0,21.0,3336.838399610778,-4.1926367053868105,1.679739513469821,5.0,57202.94399332763
9.0,22.0,2945.3488966084237,-3.0780782284527017,1.917364327917776,5.0,50491.69537043011
9.0,23.0,3478.044870843157,-3.32461558087091,2.3887570214856715,5.0,59623.62635731126
9.0,24.0,3659.179084517219,-3.414637640643358,2.4015854931877088,5.0,62728.78430600947
9.0,25.0,3174.199458401477,-3.1819485705222648,2.028662281042808,5.0,54414.84785831103
9.0,26.0,3507.2963257647093,-3.133100834444296,2.21798758120388,5.0,60125.07987025216
9.0,27.0,1950.4793247352743,-2.977466078851754,1.0,5.0,33436.78842403327
9.0,28.0,2241.75829595884,-2.7363216298035304,1.4905685697758742,5.0,38430.142216437256
9.0,29.0,2512.104257266601,-2.939418845433661,1.437818545268122,5.0,43064.644410284585
9.0,30.0,2781.8314084393523,-2.910592950425539,1.980874351907159,5.0,47688.53843038889
9.0,31.0,2783.541453100892,-3.5766441612349302,2.163735502980328,5.0,47717.85348172958
9.0,32.0,2742.745155370992,-2.938474672211466,1.985172390551055,5.0,47018.48837778843
9.0,33.0,2757.083637870048,-3.576642134346913,2.174888307578885,5.0,47264.2909349151
9.0,34.0,3029.565981568025,-2.937067374367276,1.8918396431314133,5.0,51935.41682688044
9.0,35.0,2798.547323877703,-3.4185064326129524,1.0,5.0,47975.09698076062
9.0,36.0,3037.45693194271,-3.6133166697971415,2.06664680834696,5.0,52070.69026187503
9.0,37.0,3027.798572294369,-3.461207874796353,1.0,5.0,51905.11838218919
9.0,38.0,3750.795197873785,-3.2478379862190363,2.1389470485910627,5.0,64299.34624926488
9.0,39.0,3220.731958391275,-3.1818992035585976,2.0137312726743297,5.0,55212.54785813615
9.0,40.0,3481.931998563004,-3.327739036813381,2.387207183935896,5.0,59690.26283250864
9.0,41.0,2234.4906511817358,-2.673422401648572,1.7160788485736298,5.0,38305.55402025832
9.0,42.0,1918.70655334443,-2.9649668906049733,1.0,5.0,32892.11234304737
9.0,43.0,2177.4512116630503,-2.8276940619646584,0.9999999999999998,5.0,37327.73505708086
9.0,44.0,1920.3214120103285,-2.9649668906049733,1.0,5.0,32919.795634462775
9.0,45.0,2948.120429313051,-2.6435361695009734,1.543874839991167,5.0,50539.2073596523
9.0,46.0,2194.229241671568,-3.103198696086113,1.0,5.0,37615.358428655454
9.0,47.0,3048.253334796965,-3.037295464455473,1.8884080150665843,5.0,52255.77145366226
9.0,48.0,2456.210508957859,-3.2522420982290523,1.0,5.0,42106.465867849016
9.0,49.0,3473.350458070326,-2.829137147689568,1.4620944806417993,5.0,59543.15070977702
9.0,50.0,2942.957894508273,-3.4500104023464737,1.0,5.0,50450.70676299896
10.0,1.0,1661.8283277860332,-2.494446471152979,1.6623683978677444,5.0,28488.48561918914
10.0,2.0,1382.0132318796318,-3.010277029175892,0.9999999999999998,5.0,23691.65540365083
10.0,3.0,1298.653139169486,-1.9970438603568548,0.9999999999999998,5.0,22262.625242905477
10.0,4.0,1349.3330852159547,-3.010277029175892,0.9999999999999996,5.0,23131.4243179878
10.0,5.0,967.2168420464416,-3.2634605048027483,1.0,5.0,16580.860149367567
10.0,6.0,1790.3164466187372,-4.155627721266087,1.6176523139175405,5.0,30691.13908489264
10.0,7.0,1257.362901944181,-1.6285019884452638,1.0,5.0,21554.792604757386
10.0,8.0,1384.4903980567608,-1.7955310535775455,1.0,5.0,23734.12110954447
10.0,9.0,1257.9891247777364,-1.6285019884452638,1.0,5.0,21565.527853332624
10.0,10.0,462.089456797254,-0.0875169423932022,0.0,0.0,7921.533545095783
10.0,11.0,2595.495689306358,-3.2019666390990054,1.8095267427836637,5.0,44494.21181668042
10.0,12.0,924.178913594508,-1.5917950273920607,1.0,5.0,15843.067090191566
10.0,13.0,1008.047095490546,-1.569851286560649,1.0,5.0,17280.807351266507
10.0,14.0,1929.6707017947288,-2.6972319409173813,1.5698083990038223,5.0,33080.06917362392
10.0,15.0,2034.8257028568917,-2.8500718789579813,2.0737819613161586,5.0,34882.72633468956
10.0,16.0,1908.8096282537872,-2.696996951266553,1.5760336069121776,5.0,32722.450770064923
10.0,17.0,2598.929182367207,-3.201872737227057,1.8084708008144104,5.0,44553.07169772355
10.0,18.0,927.161396972819,-1.5917950273920607,1.0,5.0,15894.195376676897
10.0,19.0,1487.4102170320168,-2.8275069983086425,0.9999999999999998,5.0,25498.460863406
10.0,20.0,1202.8376553399075,-2.765714015261877,1.0,5.0,20620.07409154127
10.0,21.0,3131.2845563450987,-4.128118693196498,1.724748742363377,5.0,53679.16382305884
10.0,22.0,2731.082189887294,-2.9472709728725324,1.989384993272657,5.0,46818.55182663933
10.0,23.0,3263.8985916512424,-3.193183348518632,2.4798541224003863,5.0,55952.547285449866
10.0,24.0,3445.0264378604293,-3.2853767785932453,2.4886671914015537,5.0,59057.59607760736
10.0,25.0,2959.957954560574,-3.051432256952628,2.1036980214155934,5.0,50742.13636389555
10.0,26.0,3293.115010333568,-2.9887023840612312,2.2971640089510745,5.0,56453.40017714688
10.0,27.0,1736.4818759629472,-2.918919454116668,0.9999999999999998,5.0,29768.26073079338
10.0,28.0,2027.446682812252,-2.610265890828438,1.5423581534879458,5.0,34756.228848210034
10.0,29.0,2297.8557673719924,-2.8170549632959103,1.4786060203924691,5.0,39391.813154948446
10.0,30.0,2567.618588169438,-2.7740737299589,2.063277776370898,5.0,44016.31865433323
10.0,31.0,2569.306007351307,-3.493128601265335,2.260518927549241,5.0,44045.245840308125
10.0,32.0,2528.455477322438,-2.805310352607203,2.0687186665336466,5.0,43344.951039813226
10.0,33.0,2542.8480394703693,-3.493119369561303,2.2736144141889483,5.0,43591.6806766349
10.0,34.0,2815.3046351058247,-2.7930538428405245,1.9597598124209796,5.0,48262.36517324271
10.0,35.0,2584.5498751053765,-3.3244855881019086,1.0,5.0,44306.56928752074
10.0,36.0,2823.252381534614,-3.520316991821621,2.14739440328983,5.0,48398.612254879095
10.0,37.0,2813.801123522044,-3.3603270421906064,1.0,5.0,48236.59068894931
10.0,38.0,3536.631116401477,-3.1062674989242613,2.2078897470227257,5.0,60627.96199545389
10.0,39.0,3006.5055083100733,-3.051368263846771,2.08652574762176,5.0,51540.09442817269
10.0,40.0,3267.7860660945253,-3.196328819007364,2.478094415322009,5.0,56019.189704477576
10.0,41.0,2050.6872112800656,-2.863739588765428,1.0,5.0,35154.63790765827
10.0,42.0,1704.709104572103,-2.9083366635321024,1.0,5.0,29223.58464980747
10.0,43.0,1963.4537628907228,-2.722053039758196,1.0,5.0,33659.207363840964
10.0,44.0,1706.3239632380012,-2.9083366635321024,1.0,5.0,29251.267941222875
10.0,45.0,2756.6792520135805,-2.6551510284694677,1.3878966714804768,5.0,47257.3586059471
10.0,46.0,1980.2317928992409,-3.030336804220559,1.0,5.0,33946.830735415555
10.0,47.0,2525.45641646864,-3.3174741139543213,1.0,5.0,43293.53856803382
10.0,48.0,2242.213060185532,-3.1695888513053827,1.0,5.0,38437.93817460912
10.0,49.0,3192.0130040229296,-2.969632467284029,1.7586237987609254,5.0,54720.222926107366
10.0,50.0,2728.960445735947,-3.350772725057896,0.9999999999999996,5.0,46782.17906975909
11.0,1.0,1433.3488895137634,-1.7505707369004202,1.0,5.0,24571.695248807373
11.0,2.0,2241.4922691393613,-2.852630975572825,1.488568713065243,5.0,38425.581756674765
11.0,3.0,1093.877606270786,-1.337923569257273,1.0,5.0,18752.18753607062
11.0,4.0,2208.6756431789013,-2.8529987655514013,1.495904820052313,5.0,37863.01102592402
11.0,5.0,1779.8817229865554,-2.7744760392324634,1.0,5.0,30512.25810834095
11.0,6.0,2624.1284008839166,-3.4560092562074547,1.0,5.0,44985.058300867146
11.0,7.0,991.8264622058232,-1.4470832014977106,1.0,5.0,17002.739352099827
11.0,8.0,1118.9539583184032,-1.6260365824295802,1.0,5.0,19182.067856886915
11.0,9.0,992.4526850393784,-1.4470832014977106,1.0,5.0,17013.474600675057
11.0,10.0,1073.36611065343,-1.6260365824295802,1.0,5.0,18400.561896915944
11.0,11.0,359.701690347904,-0.0681253199999478,0.0,0.0,6166.3146916783535
11.0,12.0,719.403380695808,-0.5116201454611154,1.0,5.0,12332.629383356709
11.0,13.0,803.2715625918462,-0.6421414581733803,1.0,5.0,13770.36964443165
11.0,14.0,1716.4907796301677,-2.022400319834841,1.0,5.0,29425.556222231444
11.0,15.0,1862.747665426002,-2.153252488542094,1.0,5.0,31932.817121588603
11.0,16.0,1695.6397720705957,-2.022400319834841,1.0,5.0,29068.11037835307
11.0,17.0,2371.5870701818512,-2.6766366881987618,1.7718147943960183,5.0,40655.77834597459
11.0,18.0,722.3858640741189,-0.5116201454611154,1.0000000000000002,5.0,12383.757669842038
11.0,19.0,1282.6346841333168,-2.3640181630511785,1.0,5.0,21988.023156571147
11.0,20.0,998.0621224412076,-2.2289109981434017,1.0,5.0,17109.636384706417
11.0,21.0,2932.716365064465,-3.8830318314277497,1.7737973361330757,5.0,50275.1376868194
11.0,22.0,2518.658097327445,-2.473979274482923,1.635667139797902,5.0,43176.99595418477
11.0,23.0,3049.8579848123613,-2.733071701356945,2.223217676426457,5.0,52283.27973964048
11.0,24.0,3230.931996427364,-2.844317708398211,2.24722808101353,5.0,55387.405653040514
11.0,25.0,2760.8243386176464,-2.578114529503066,1.7857995779313467,5.0,47328.41723344536
11.0,26.0,3079.396845691775,-2.5629481854254195,2.030892872068802,5.0,52789.660211859
11.0,27.0,1531.7063430642474,-2.499841644869891,1.0,5.0,26257.82302395853
11.0,28.0,1814.1429163331368,-1.939014314439434,1.0,5.0,31099.59285142521
11.0,29.0,2084.1546828498454,-2.221199180260821,1.0,5.0,35728.36599171163
11.0,30.0,2378.163313584697,-2.075618842821785,1.0,5.0,40768.51394716623
11.0,31.0,2355.645761658284,-2.8662271457204924,1.454336898427074,5.0,40382.49877128487
11.0,32.0,2316.249569897307,-2.2978183528833758,1.691329339837378,5.0,39707.13548395384
11.0,33.0,2329.202849234337,-2.8661569642687503,1.4594890582515962,5.0,39929.19170116008
11.0,34.0,2602.8359458005875,-2.309254503513031,1.6150746718037303,5.0,44620.04478515293
11.0,35.0,2379.774342206676,-3.0064933253661783,1.0000000000000002,5.0,40796.13158068587
11.0,36.0,2609.1975107754297,-2.925787766716836,1.4102303665015272,5.0,44729.10018472165
11.0,37.0,2609.0255906233438,-3.052139112239087,1.0000000000000002,5.0,44726.15298211446
11.0,38.0,3322.7204036854628,-2.702127450389658,1.95532405659463,5.0,56960.92120603651
11.0,39.0,2807.3402019331006,-2.577518173119072,1.7726406979147649,5.0,48125.83203313887
11.0,40.0,3053.741504208773,-2.737086175906074,2.2216610082333745,5.0,52349.85435786468
11.0,41.0,1845.9116783813656,-2.4669965413760115,1.0,5.0,31644.20020082341
11.0,42.0,1499.9335716734029,-2.4850920384515693,1.0,5.0,25713.14694297262
11.0,43.0,1758.678229992023,-2.2993484796977786,0.9999999999999998,5.0,30148.76965700611
11.0,44.0,1501.5484303393014,-2.4850920384515693,1.0,5.0,25740.830234388024
11.0,45.0,2551.9049420046726,-2.2845679328510125,1.4189925708684188,5.0,43746.941862937245
11.0,46.0,1775.4562600005406,-2.6472568587098726,1.0,5.0,30436.393028580696
11.0,47.0,2320.68088356994,-2.994823393488064,1.0,5.0,39783.10086119897
11.0,48.0,2037.437527286832,-2.81960707398914,1.0,5.0,34927.50046777426
11.0,49.0,2987.1368385479527,-2.647307460560387,1.812938009693471,5.0,51208.06008939348
11.0,50.0,2524.184912837246,-3.040088997423476,1.0,5.0,43271.74136292422
12.0,1.0,1065.3310572637645,-1.6911230477960546,0.9999999999999998,5.0,18262.818124521677
12.0,2.0,1872.743065990746,-2.827115126024987,1.586233014792204,5.0,32104.16684555565
12.0,3.0,725.8597740207867,-1.2926772880355684,1.0,5.0,12443.310411784914
12.0,4.0,1839.8897875509945,-2.8277300930197367,1.5968278345288571,5.0,31540.967786588477
12.0,5.0,1411.8638907365562,-2.900070664611816,1.0,5.0,24203.38098405525
12.0,6.0,2256.1105686339165,-3.458529356991763,1.0,5.0,38676.18117658143
12.0,7.0,1737.9003553017933,-2.354084190824144,1.6376298691153317,5.0,29792.57751945931
12.0,8.0,1864.3887195493987,-2.4726933821384613,1.593781384947992,5.0,31960.949477989696
12.0,9.0,1738.527344157946,-2.3540705814998204,1.6373980044599012,5.0,29803.325899850504
12.0,10.0,1818.7479709845832,-2.4735335395569216,1.6087941976096256,5.0,31178.53664545
12.0,11.0,1986.240414751684,-2.542072410006452,1.0,5.0,34049.83568145744
12.0,12.0,217.6268651709233,-0.041217209226943,0.0,0.0,3730.746260072972
12.0,13.0,435.2537303418467,-0.3100782600856139,0.9999999999999998,5.0,7461.492520145944
12.0,14.0,1348.472947380168,-1.936548535685268,1.0,5.0,23116.679097945736
12.0,15.0,1452.9333841126927,-2.2518946123329666,1.7613417425214657,5.0,24907.429441931872
12.0,16.0,1327.6219398205965,-1.936548535685268,1.0,5.0,22759.233254067367
12.0,17.0,1989.6921223980871,-2.542072410006452,1.0,5.0,34109.007812538635
12.0,18.0,1422.6242472401657,-1.9391819836064352,1.0,5.0,24387.84423840284
12.0,19.0,914.6168518833174,-2.729496303771544,1.0,5.0,15679.146032285442
12.0,20.0,630.0442901912081,-3.138185834252852,1.0,5.0,10800.75926042071
12.0,21.0,2585.595263244017,-3.884314802757424,1.8810309776582352,5.0,44324.49022704029
12.0,22.0,2150.499549256751,-2.319489200741649,1.7447242436376484,5.0,36865.706558687154
12.0,23.0,2681.807817730637,-2.549077958146482,2.3911877883196517,5.0,45973.84830395379
12.0,24.0,2862.865651713357,-2.6639615613632737,2.407629304785934,5.0,49077.69688651469
12.0,25.0,2407.2928812921705,-2.395259704538197,1.8929944150549236,5.0,41267.87796500864
12.0,26.0,2711.3574495563403,-2.3602193797157933,2.171001125202688,5.0,46480.41342096584
12.0,27.0,1163.6885108142478,-2.69185178309654,1.0,5.0,19948.945899672817
12.0,28.0,1446.125084083138,-1.8052188652461056,1.0,5.0,24790.71572713951
12.0,29.0,1716.1368505998462,-2.089639948696409,1.0,5.0,29419.48886742593
12.0,30.0,1986.4216319487723,-2.11032533565524,1.8249796112183077,5.0,34052.942261978955
12.0,31.0,1987.8776448047247,-2.81310946517901,1.5382940869810873,5.0,34077.90248236671
12.0,32.0,1948.0966015477784,-2.1456413191896337,1.8222893845724728,5.0,33395.94174081906
12.0,33.0,1961.438386206353,-2.8129997275834704,1.5455415173320128,5.0,33624.65804925177
12.0,34.0,2234.269339005265,-2.127921042392112,1.7169456815338178,5.0,38301.76009723311
12.0,35.0,2011.7565099566768,-2.969236419396661,1.0,5.0,34487.25445640017
12.0,36.0,2241.392128459463,-2.839466027909217,1.477471539828879,5.0,38423.86505930509
12.0,37.0,2241.007758373344,-2.9850995489298398,1.0,5.0,38417.275857828754
12.0,38.0,2954.6725054103817,-2.5012191230243443,2.074457178122996,5.0,50651.52866417797
12.0,39.0,2453.626463074748,-2.3951406973045226,1.8760511825401087,5.0,42062.167938424245
12.0,40.0,2685.6910310381973,-2.553049279285841,2.3891745990439666,5.0,46040.41767494052
12.0,41.0,1477.893846131366,-2.46770702858284,1.0,5.0,25335.323076537705
12.0,42.0,1131.9157394234037,-2.6905353757506445,0.9999999999999998,5.0,19404.26981868692
12.0,43.0,1390.6603977420232,-2.289202426044038,1.0,5.0,23839.8925327204
12.0,44.0,1133.5305980893015,-2.6905353757506445,1.0,5.0,19431.953110102317
12.0,45.0,2183.893013664516,-2.0899035844135265,1.489518298206248,5.0,37438.165948534544
12.0,46.0,1407.438427750541,-2.741560842511202,1.0,5.0,24127.51590429499
12.0,47.0,1952.6630513199405,-2.980586019378148,1.0,5.0,33474.22373691326
12.0,48.0,1669.4196950368323,-2.847359271897046,1.0,5.0,28618.62334348856
12.0,49.0,2624.971300256012,-2.46972069885807,1.933155368065782,5.0,44999.50800438877
12.0,50.0,2156.1670805872463,-2.9801464426426705,1.0,5.0,36962.8642386385
13.0,1.0,854.2946081915163,-1.7610308626709397,1.0,5.0,14645.050426140278
13.0,2.0,1661.3525267229506,-2.860042042877032,1.6621395154315566,5.0,28480.329029536297
13.0,3.0,514.8233249485387,-1.4827505847315534,1.0000000000000002,5.0,8825.542713403522
13.0,4.0,1628.4709956000684,-2.8609042307080643,1.675688268224031,5.0,27916.64563885832
13.0,5.0,1200.827441664308,-3.097908147586324,1.0,5.0,20585.61328567385
13.0,6.0,2045.0741195616688,-3.499528723891093,1.0,5.0,35058.41347820004
13.0,7.0,1541.7893031392796,-1.9876427060345907,1.0000000000000002,5.0,26430.673768101933
13.0,8.0,1668.9167992518596,-2.127976675107342,1.0000000000000002,5.0,28610.00227288902
13.0,9.0,1542.415525972835,-1.9876427060345907,1.0000000000000002,5.0,26441.40901667717
13.0,10.0,1623.3289515868864,-2.127976675107342,1.0000000000000002,5.0,27828.49631291805
13.0,11.0,2916.889383465066,-3.20996137198864,1.8249087726756563,5.0,50003.81800225828
13.0,12.0,1208.6053147896064,-1.9381084287459784,1.0000000000000002,5.0,20718.94825353611
13.0,13.0,257.4116624742693,-0.0487522087005403,0.0,0.0,4412.771356701761
13.0,14.0,1137.43649830792,-1.947497653804536,1.0,5.0,19498.911399564346
13.0,15.0,1283.6933841037546,-2.057457632218464,1.0,5.0,22006.17229892151
13.0,16.0,1116.585490748348,-1.947497653804536,1.0,5.0,19141.465555685965
13.0,17.0,2920.3453209002623,-3.209849649696624,1.8239292593099616,5.0,50063.0626440045
13.0,18.0,1211.5877981679173,-1.9381084287459784,1.0000000000000004,5.0,20770.07654002144
13.0,19.0,1853.9330629548092,-2.493807798774961,0.9999999999999998,5.0,31781.70965065388
13.0,20.0,1544.2507408942429,-2.491040909731603,1.7118095239003863,5.0,26472.869843901302
13.0,21.0,2536.337914816938,-3.641828038122765,1.0,5.0,43480.07853971894
13.0,22.0,1944.465295045184,-2.1021654467252686,1.0,5.0,33333.690772203154
13.0,23.0,2474.5713917374565,-2.4594730494513226,1.8622175344638952,5.0,42421.2238583564
13.0,24.0,2655.607340403248,-2.5748775018681243,1.9161135452514524,5.0,45524.69726405567
13.0,25.0,2207.695953750937,-2.165625549016031,1.2437908338469987,5.0,37846.21635001606
13.0,26.0,2503.9363785054934,-2.241024254199071,1.629891254432415,5.0,42924.62363152274
13.0,27.0,2088.3432673830785,-1.8990298088641355,1.0,5.0,35800.17029799563
13.0,28.0,1235.08863501089,-1.768388828965546,1.0,5.0,21172.94802875811
13.0,29.0,1505.100401527598,-2.042630652335246,1.0,5.0,25801.72116904454
13.0,30.0,1799.109032262449,-1.743944323398463,1.0,5.0,30841.869124499128
13.0,31.0,1777.0168282850227,-2.819397728296197,1.6020961621483218,5.0,30463.145627743244
13.0,32.0,1742.1233457817675,-1.9089269154485395,1.0,5.0,29864.971641973163
13.0,33.0,1750.580319227904,-2.819251047233936,1.6111779340207688,5.0,30009.948329621213
13.0,34.0,2028.6031292929565,-1.8794519280271296,1.0,5.0,34776.05364502211
13.0,35.0,2964.922107565396,-2.6386827107190864,1.0,5.0,50827.2361296925
13.0,36.0,2030.5024420255204,-2.814338723078469,1.5270065706652067,5.0,34808.61329186606
13.0,37.0,3057.100910408993,-3.11181543223181,1.503400991969657,5.0,52407.44417843989
13.0,38.0,2747.179489123364,-2.380226914948808,1.5739809266235751,5.0,47094.5055278291
13.0,39.0,2253.923442635772,-2.165899619775192,1.238816612589881,5.0,38638.687588041794
13.0,40.0,2478.4518480239067,-2.4633353422442483,1.8608646828659776,5.0,42487.74596612412
13.0,41.0,2417.210057202858,-2.729813855351553,1.0,5.0,41437.88669490613
13.0,42.0,2085.081337032122,-1.7509978955760026,1.0,5.0,35744.25149197923
13.0,43.0,2343.8259953507427,-1.7980727649471566,0.9999999999999998,5.0,40179.87420601273
13.0,44.0,2086.6961956980203,-1.7509978955760026,1.0,5.0,35771.93478339463
13.0,45.0,3131.064126494228,-2.049773744345825,1.0,5.0,53675.38502561534
13.0,46.0,2360.604025359261,-2.0525806442253165,0.9999999999999998,5.0,40467.49757758733
13.0,47.0,2905.8286489286597,-2.588645264997526,1.0000000000000002,5.0,49814.20541020559
13.0,48.0,2622.585292645552,-2.3313591913053164,1.0,5.0,44958.60501678088
13.0,49.0,3656.637124417044,-2.3520128123782897,1.0,5.0,62685.20784714933
13.0,50.0,3109.3326781959654,-2.7146045103123724,0.9999999999999996,5.0,53302.84591193084
14.0,1.0,1161.6465675962972,-1.8285015086680891,1.0,5.0,19913.941158793667
14.0,2.0,1969.293733297475,-2.902345356492808,1.5570874106955952,5.0,33759.32114224243
14.0,3.0,822.1752843533199,-1.476937905467704,1.0,5.0,14094.433446056912
14.0,4.0,1936.451520101053,-2.902885408159013,1.5666461184148217,5.0,33196.31177316091
14.0,5.0,1508.1794010690894,-2.9515708321370475,1.0000000000000002,5.0,25854.504018327247
14.0,6.0,2352.4260789664504,-3.5146710844701983,1.0,5.0,40327.30421085344
14.0,7.0,1821.759321329876,-2.257502868284292,1.6025017057339292,5.0,31230.159794226445
14.0,8.0,1948.4589062382447,-2.385451064694804,1.5632853357310266,5.0,33402.15267836992
14.0,9.0,1822.384651297597,-2.2575058036056848,1.6022951465658837,5.0,31240.879736530234
14.0,10.0,1902.932182510261,-2.38526906965216,1.5767470356513174,5.0,32621.69455731876
14.0,11.0,2076.9488216005416,-2.154975478054019,1.0000000000000002,5.0,35604.836941723566
14.0,12.0,1517.6207460985136,-1.9859819812964103,1.7013266912643783,5.0,26016.35564740309
14.0,13.0,1601.5971430473974,-2.0165883347676328,1.6644707348629513,5.0,27455.95102366967
14.0,14.0,217.54278994056,-0.0412012858878922,0.0,0.0,3729.3049704095993
14.0,15.0,435.08557988112,-0.7714027229469924,1.0,5.0,7458.6099408191985
14.0,16.0,1423.937450153129,-2.057091844661856,1.0,5.0,24410.35628833936
14.0,17.0,2080.4005292469446,-2.154975478054019,1.0000000000000002,5.0,35664.009072804765
14.0,18.0,1520.6029259964475,-1.985996011488986,1.699951354257044,5.0,26067.47873136767
14.0,19.0,1005.3252587321748,-1.6352007632694978,1.0,5.0,17234.14729255157
14.0,20.0,720.7526970400656,-1.2674575748798294,1.0,5.0,12355.76052068684
14.0,21.0,2420.875733308493,-3.793322532506041,1.0,5.0,41500.72685671703
14.0,22.0,2241.424918561452,-2.217565621408207,1.7105818317810209,5.0,38424.42717533917
14.0,23.0,2770.3728825674684,-2.486144436056947,1.7752408811572835,5.0,47492.10655829946
14.0,24.0,2951.378934522112,-2.5991126729136367,1.8294811998822773,5.0,50595.06744895049
14.0,25.0,2499.7626600645094,-2.297063229823577,1.859049175220328,5.0,42853.07417253445
14.0,26.0,2802.492011401964,-2.126973827864937,1.568828953042349,5.0,48042.72019546224
14.0,27.0,1254.3969176631051,-1.8758052175931457,1.0,5.0,21503.94715993895
14.0,28.0,1534.9794841260027,-2.0178122194497323,1.706500111639124,5.0,26313.934013588616
14.0,29.0,1805.261631430535,-2.268480046100336,1.6003760258062754,5.0,30947.34225309489
14.0,30.0,2069.677423080701,-2.0340992646944582,1.7845713127420222,5.0,35480.18439566916
14.0,31.0,2084.122507856357,-2.893305530074021,1.5134618627535823,5.0,35727.8144203947
14.0,32.0,2038.6256031165408,-2.018007012628761,1.7813934797123552,5.0,34947.867481997855
14.0,33.0,2057.682171278969,-2.893207907973631,1.520051953641693,5.0,35274.551507639466
14.0,34.0,2324.8539914802404,-2.024802355313455,1.6854102922303116,5.0,39854.639853946974
14.0,35.0,2102.464916805534,-2.5704824500553416,1.0000000000000004,5.0,36042.255716666295
14.0,36.0,2337.647927103132,-2.922639492022343,1.4578315744890793,5.0,40073.96446462512
14.0,37.0,2331.7161652222007,-2.631539105920312,1.0,5.0,39972.27711809487
14.0,38.0,3045.64249455738,-2.29143558718768,1.523504246480809,5.0,52211.01419241222
14.0,39.0,2546.414145907832,-2.2961796937578103,1.8430973031297329,5.0,43652.81392984855
14.0,40.0,2774.262489924094,-2.4904146580312605,1.7741591753043395,5.0,47558.7855415559
14.0,41.0,1568.6022529802235,-1.892372772449068,1.0000000000000002,5.0,26890.32433680383
14.0,42.0,1222.6241462722603,-1.8519764277781312,1.0000000000000002,5.0,20959.27107895304
14.0,43.0,1481.3688045908812,-1.675335308958953,1.0,5.0,25394.89379298653
14.0,44.0,1224.2390049381593,-1.8519764277781308,1.0,5.0,20986.954370368447
14.0,45.0,2276.6458386116697,-1.7848175088802418,1.468699731704408,5.0,39028.214376200056
14.0,46.0,1498.1468345993983,-2.096560398711396,1.0000000000000002,5.0,25682.517164561115
14.0,47.0,2043.371458168798,-2.5514462029735365,1.0000000000000002,5.0,35029.22499717939
14.0,48.0,1760.1281018856898,-2.3297227185584197,1.0000000000000004,5.0,30173.62460375468
14.0,49.0,2704.044598112396,-2.226106998992428,1.9051193417881245,5.0,46355.05025335535
14.0,50.0,2246.875487436104,-2.615602486436569,1.0000000000000002,5.0,38517.86549890463
15.0,1.0,1041.4190414838529,-1.6934635096092043,1.0000000000000002,5.0,17852.897854008905
15.0,2.0,1848.7869106766448,-2.828653980251563,1.593947811254071,5.0,31693.48989731392
15.0,3.0,701.9477582408753,-1.300817379839357,1.0,5.0,12033.390141272146
15.0,4.0,1815.9307457240309,-2.829291796824126,1.6048259793749322,5.0,31130.241355269096
15.0,5.0,1387.9518749566446,-2.91631745603853,1.0,5.0,23793.46071354248
15.0,6.0,2232.198552854006,-3.46141939077572,1.0,5.0,38266.26090606867
15.0,7.0,1701.9472759016908,-2.139733249423837,1.6449691858181787,5.0,29176.23901545756
15.0,8.0,1828.5953220376512,-2.273318988954144,1.6002335476348142,5.0,31347.34837778831
15.0,9.0,1702.572538544548,-2.139736687531062,1.644732479095515,5.0,29186.957803620822
15.0,10.0,1783.0731296734475,-2.273107469763871,1.615543647907167,5.0,30566.967937259094
15.0,11.0,1956.7212954880968,-2.02480635399532,1.0,5.0,33543.79363693881
15.0,12.0,1395.729748081943,-1.936377132711996,1.0000000000000002,5.0,23926.795681404736
15.0,13.0,1481.2625546070683,-1.889112907017729,1.7185386146868775,5.0,25393.0723646926
15.0,14.0,1324.560931600257,-1.9347739686884176,1.0000000000000002,5.0,22706.758827432976
15.0,15.0,300.26258546381064,-0.0568679137953152,0.0,0.0,5147.35860795104
15.0,16.0,1303.7099240406849,-1.9347739686884176,1.0000000000000002,5.0,22349.31298355459
15.0,17.0,1960.1730031345005,-2.02480635399532,1.0,5.0,33602.96576802
15.0,18.0,1398.712231460254,-1.936377132711996,1.0000000000000002,5.0,23977.923967890067
15.0,19.0,885.0977326197302,-1.4819300648150469,1.0,5.0,15173.103987766804
15.0,20.0,600.5251709276213,-1.042373277122964,0.9999999999999998,5.0,10294.71721590208
15.0,21.0,2300.648207196048,-3.751675828298001,1.0,5.0,39439.68355193225
15.0,22.0,2121.200340077171,-2.089888712297977,1.750801581376743,5.0,36363.434401322935
15.0,23.0,2650.016418069249,-2.474751672616898,2.2120464831885505,5.0,45428.85288118714
15.0,24.0,2831.1498618581045,-2.593215437563072,2.2406168495235272,5.0,48533.99763185322
15.0,25.0,2372.6620734171174,-2.1903339461628004,1.9087452937229292,5.0,40674.20697286487
15.0,26.0,2682.346287005444,-1.992860125053248,1.5942524626762866,5.0,45983.0792058076
15.0,27.0,1134.169391550661,-1.743995525142588,1.0,5.0,19442.90385515419
15.0,28.0,1414.6204964724116,-1.8912118205901003,1.7668572697914091,5.0,24250.6370823842
15.0,29.0,1684.914387528342,-2.154043404871853,1.6434098433252182,5.0,28884.246643343
15.0,30.0,1949.3358553824687,-1.896661864080473,1.8332425399374428,5.0,33417.18609227089
15.0,31.0,1963.9841639993665,-2.812144246792673,1.544835824906304,5.0,33668.29995427485
15.0,32.0,1918.8440802003647,-1.8845696254524575,1.8298530117052207,5.0,32894.469946291974
15.0,33.0,1937.5451890274624,-2.8120309990227894,1.5522616933691165,5.0,33215.06038332793
15.0,34.0,2204.722064646443,-1.8861417817877435,1.7226641673840728,5.0,37795.23539393902
15.0,35.0,1982.2373906930895,-2.466835233863046,1.0000000000000002,5.0,33981.21241188153
15.0,36.0,2217.495705826509,-2.83552188277255,1.4826114152557477,5.0,38014.21209988302
15.0,37.0,2211.4886391097566,-2.5272201558204674,1.0,5.0,37911.23381331012
15.0,38.0,2925.490376338936,-2.1647020238589496,1.5449612026256956,5.0,50151.26359438176
15.0,39.0,2419.078724986063,-2.190118273635953,1.89116686599387,5.0,41469.92099976109
15.0,40.0,2653.9069307757013,-2.4789729883216363,2.210275797312474,5.0,45495.54738472631
15.0,41.0,1448.3747268677791,-1.7504450254069497,1.0000000000000002,5.0,24829.28103201907
15.0,42.0,1102.3966201598164,-1.7184785405512184,1.0,5.0,18898.22777416828
15.0,43.0,1361.1412784784363,-1.5139592266277913,1.0000000000000002,5.0,23333.85048820177
15.0,44.0,1104.011478825715,-1.7184785405512184,1.0,5.0,18925.911065583685
15.0,45.0,2156.2785443555936,-1.6291596463934663,1.4948945810635896,5.0,36964.775046095885
15.0,46.0,1377.9193084869542,-1.977529485401348,1.0,5.0,23621.47385977636
15.0,47.0,1923.1439320563536,-2.449541005609824,1.0,5.0,32968.18169239464
15.0,48.0,1639.9005757732457,-2.220499491209809,1.0,5.0,28112.58129896993
15.0,49.0,2584.794036839183,-2.097786495214644,1.9497102694263848,5.0,44310.75491724314
15.0,50.0,2126.64796132366,-2.511399360459471,1.0,5.0,36456.822194119886
16.0,1.0,1140.7955600367254,-1.830055265110338,1.0,5.0,19556.495314915293
16.0,2.0,1948.403350781168,-2.902989841817259,1.5631485278398238,5.0,33401.200299105745
16.0,3.0,801.3242767937477,-1.4836568065102351,1.0,5.0,13736.987602178531
16.0,4.0,1915.558868198052,-2.903546591886061,1.5729182367068937,5.0,32838.15202625232
16.0,5.0,1487.3283935095174,-2.963251814149854,1.0,5.0,25497.058174448863
16.0,6.0,2331.575071406878,-3.516479688882374,1.0,5.0,39969.85836697506
16.0,7.0,1800.9845854342063,-2.2523874585827715,1.6094612467250866,5.0,30874.0214645864
16.0,8.0,1927.674664907446,-2.380012220442356,1.5693636200415184,5.0,33045.85139841336
16.0,9.0,1801.6099041900384,-2.252390482263822,1.6092498876932133,5.0,30884.74121468638
16.0,10.0,1882.1486958088344,-2.3798250263619667,1.5831210260923407,5.0,32265.40621386573
16.0,11.0,2056.0978140409698,-2.145482103342368,1.0,5.0,35247.3910978452
16.0,12.0,1496.7737951000202,-1.982064002712122,1.7110949666949855,5.0,25658.979344571773
16.0,13.0,1580.745666124033,-2.0107534079194505,1.6732382366182452,5.0,27098.49713355485
16.0,14.0,1423.9374501531292,-2.055319039480741,1.0,5.0,24410.35628833936
16.0,15.0,414.2345723215479,-0.7926932333797511,1.0,5.0,7101.164096940821
16.0,16.0,207.11728616077397,-0.0392267586609791,0.0,0.0,3550.5820484704104
16.0,17.0,2059.549521687373,-2.145482103342368,1.0,5.0,35306.5632289264
16.0,18.0,1499.7559701683929,-1.982078489767105,1.709681089291517,5.0,25710.10234574387
16.0,19.0,984.474251172603,-1.6396044340382672,1.0,5.0,16876.701448673193
16.0,20.0,699.9016894804937,-1.2798673679415864,1.0,5.0,11998.314676808464
16.0,21.0,2400.02472574892,-3.796610404980184,1.0,5.0,41143.28101283863
16.0,22.0,2220.5750760142155,-2.2075329842759475,1.7172453675125037,5.0,38067.00130310084
16.0,23.0,2749.5144430430046,-2.4753715240521936,1.7811001653759184,5.0,47134.533309308645
16.0,24.0,2930.5218607586894,-2.5884913238458056,1.8353675503562965,5.0,50237.51761300611
16.0,25.0,2478.9571998596216,-2.286177355592549,1.8664216854990603,5.0,42496.409140450654
16.0,26.0,2781.655243125566,-2.113320816342968,1.5730810541720088,5.0,47685.518453581135
16.0,27.0,1233.5459101035335,-1.8766349121887445,1.0,5.0,21146.50131606057
16.0,28.0,1514.1071497379132,-2.0144316914685616,1.716277388004895,5.0,25956.122566935657
16.0,29.0,1784.3910667927807,-2.263940184302995,1.6074219070105091,5.0,30589.5611450191
16.0,30.0,2048.817723640189,-2.023710291595282,1.7926004783447171,5.0,35122.589548117525
16.0,31.0,2063.2865936543144,-2.8920308561426595,1.5186414360161449,5.0,35370.62731978825
16.0,32.0,2017.7932601367024,-2.0079084749972878,1.789439801638539,5.0,34590.74160234346
16.0,33.0,2036.8464824112916,-2.891930624816573,1.5253660243987053,5.0,34917.36826990785
16.0,34.0,2304.0197716234134,-2.012692917522424,1.6915934271524726,5.0,39497.48179925852
16.0,35.0,2081.6139092459625,-2.565150242831434,1.0,5.0,35684.80987278793
16.0,36.0,2316.8096930953984,-2.9190166592225477,1.461945101636557,5.0,39716.73759592112
16.0,37.0,2310.8651576626294,-2.6249711399948783,1.0,5.0,39614.8312742165
16.0,38.0,3024.8045840001128,-2.278191669085788,1.527103575412971,5.0,51853.79286857336
16.0,39.0,2525.611690996232,-2.2852754911485147,1.850197236471784,5.0,43296.20041707826
16.0,40.0,2753.4041544768024,-2.479641846775565,1.7800020581038534,5.0,47201.21407674519
16.0,41.0,1547.751245420652,-1.8859203012571024,1.0,5.0,26532.878492925465
16.0,42.0,1201.773138712689,-1.8531058304415728,1.0,5.0,20601.82523507467
16.0,43.0,1460.517797031309,-1.6670765972517467,1.0,5.0,25037.44794910816
16.0,44.0,1203.3879973785874,-1.8531058304415728,1.0,5.0,20629.50852649007
16.0,45.0,2255.771714956417,-1.7701152919595318,1.4730420934945658,5.0,38670.37225639571
16.0,46.0,1477.295827039827,-2.095081031544761,1.0,5.0,25325.07132068275
16.0,47.0,2022.520450609226,-2.547127135517521,1.0,5.0,34671.77915330102
16.0,48.0,1739.277094326118,-2.3265347573469173,1.0,5.0,29816.17875987631
16.0,49.0,2683.4914747898843,-2.213844662002027,1.9125480069668512,5.0,46002.71099639801
16.0,50.0,2226.024479876532,-2.6093288403791304,1.0,5.0,38160.41965502626
17.0,1.0,1436.8005971601667,-1.751696090350679,1.0,5.0,24630.86737988857
17.0,2.0,2244.951009966764,-2.853214257960215,1.4878065222119763,5.0,38484.874456573096
17.0,3.0,1097.3293139171892,-1.3392203620351648,1.0,5.0,18811.359667151817
17.0,4.0,2212.134669872184,-2.853580414474564,1.4951195824217196,5.0,37922.3086263803
17.0,5.0,1783.3334306329589,-2.774116979128668,1.0000000000000002,5.0,30571.43023942215
17.0,6.0,2627.58010853032,-3.456291205277016,1.0,5.0,45044.23043194834
17.0,7.0,995.2781698522264,-1.447121309496969,1.0000000000000002,5.0,17061.911483181022
17.0,8.0,1122.4056659648063,-1.626255201975204,1.0,5.0,19241.23998796811
17.0,9.0,995.9043926857814,-1.4471213094969686,1.0,5.0,17072.646731756253
17.0,10.0,1076.817818299833,-1.626255201975204,1.0,5.0,18459.73402799714
17.0,11.0,2371.5876024376053,-2.6777531649477475,1.7718147943960183,5.0,40655.78747035895
17.0,12.0,722.855088342211,-0.514713117904326,1.0,5.0,12391.801514437902
17.0,13.0,806.7232702382494,-0.645158074603395,1.0,5.0,13829.541775512847
17.0,14.0,1719.9424872765708,-2.023579029903309,1.0,5.0,29484.72835331264
17.0,15.0,1866.1993730724053,-2.1544328966729323,0.9999999999999998,5.0,31991.98925266981
17.0,16.0,1699.0914797169987,-2.023579029903309,1.0,5.0,29127.282509434262
17.0,17.0,361.4275441711055,-0.0684521862536621,0.0,0.0,6195.900757218951
17.0,18.0,725.837571720522,-0.514713117904326,1.0,5.0,12442.929800923232
17.0,19.0,1286.08639177972,-2.362612120471937,1.0,5.0,22047.195287652343
17.0,20.0,1001.5138300876108,-2.225575059837695,1.0,5.0,17168.808515787612
17.0,21.0,2935.9966118388943,-3.883248311662502,1.7729154319730511,5.0,50331.37048866676
17.0,22.0,2522.1111036895063,-2.475522336623828,1.63479525929876,5.0,43236.19034896297
17.0,23.0,3053.3100221235804,-2.7348057927266587,2.221834035456045,5.0,52342.45752211852
17.0,24.0,3234.38415076438,-2.8460167710476227,2.245896503941146,5.0,55446.58544167509
17.0,25.0,2764.2591845286997,-2.5797712950152567,1.7848044953086122,5.0,47387.30030620628
17.0,26.0,3082.848814763124,-2.564838893624597,2.029737297830573,5.0,52848.83682451071
17.0,27.0,1535.1580507106503,-2.4992215183879187,1.0,5.0,26316.995155039724
17.0,28.0,1817.5946239795403,-1.9405169590488784,1.0,5.0,31158.764982506407
17.0,29.0,2087.606390496248,-2.2226236623621967,1.0000000000000002,5.0,35787.53812279282
17.0,30.0,2381.6150212311,-2.077635571458504,1.0,5.0,40827.68607824743
17.0,31.0,2359.0954021600974,-2.866995323045326,1.4536732373336323,5.0,40441.63546560167
17.0,32.0,2319.702567549041,-2.2993696141267925,1.6902982046711217,5.0,39766.32972941213
17.0,33.0,2332.652460865899,-2.866925414380545,1.4588102712430389,5.0,39988.327900558266
17.0,34.0,2606.2889099673785,-2.3110797605915514,1.6142583294905344,5.0,44679.238456583626
17.0,35.0,2383.2260498530795,-3.0071274601867453,1.0,5.0,40855.30371176708
17.0,36.0,2612.6474415201983,-2.926780531085714,1.4096892293877217,5.0,44788.241854631975
17.0,37.0,2612.477298269746,-3.0529762895631443,1.0,5.0,44785.32511319565
17.0,38.0,3326.172430236368,-2.703995737188768,1.9543316086203253,5.0,57020.09880405203
17.0,39.0,2810.774798632075,-2.5791767602871425,1.771678668319487,5.0,48184.71083369272
17.0,40.0,3057.1935437098496,-2.738820334301177,2.2202808846933197,5.0,52409.032177883135
17.0,41.0,1849.363386027769,-2.467503196235578,1.0,5.0,31703.372331904608
17.0,42.0,1503.385279319806,-2.484407082640568,1.0000000000000002,5.0,25772.319074053816
17.0,43.0,1762.129937638426,-2.299974799676153,1.0,5.0,30207.941788087304
17.0,44.0,1505.0001379857044,-2.484407082640568,1.0,5.0,25800.00236546922
17.0,45.0,2555.356558417037,-2.2864256361798025,1.4184271613563677,5.0,43806.112430006346
17.0,46.0,1778.9079676469437,-2.6471313722364034,1.0,5.0,30495.56515966189
17.0,47.0,2324.132591216343,-2.9953008945444903,1.0000000000000002,5.0,39842.27299228016
17.0,48.0,2040.889234933235,-2.819844127988744,1.0000000000000002,5.0,34986.67259885545
17.0,49.0,2990.544020437036,-2.6490004752080885,1.8119577525614692,5.0,51266.46892177776
17.0,50.0,2527.636620483649,-3.040877314984884,1.0,5.0,43330.91349400542
18.0,1.0,1068.3135406420752,-1.6909069508614147,1.0,5.0,18313.946411007
18.0,2.0,1875.7311060159277,-2.826957123431316,1.585284806494265,5.0,32155.39038884447
18.0,3.0,728.8422573990975,-1.2918164255884754,1.0000000000000002,5.0,12494.438698270244
18.0,4.0,1842.878182527576,-2.8275693167261142,1.5958450633645564,5.0,31592.197414758444
18.0,5.0,1414.8463741148669,-2.8981350228567218,1.0000000000000002,5.0,24254.509270540577
18.0,6.0,2259.093052012228,-3.458196819377356,1.0000000000000002,5.0,38727.30946306676
18.0,7.0,1740.8685176202662,-2.3545225993065872,1.6365270869194295,5.0,29843.460302061703
18.0,8.0,1867.359269198911,-2.4732134174737395,1.5928249734302191,5.0,32011.873186267047
18.0,9.0,1741.4955051581642,-2.354509047121136,1.6362960236188375,5.0,29854.20865985424
18.0,10.0,1821.7186136297728,-2.474050244113436,1.6077888433318843,5.0,31229.461947938955
18.0,11.0,1989.222898129995,-2.542698747606725,1.0,5.0,34100.96396794277
18.0,12.0,1422.624247240165,-1.9395709155110563,1.0,5.0,24387.84423840283
18.0,13.0,438.2362137201576,-0.3128560609421945,1.0000000000000002,5.0,7512.620806631273
18.0,14.0,1351.4554307584788,-1.936813548400948,1.0,5.0,23167.807384431064
18.0,15.0,1455.9090174719518,-2.2515988716859288,1.7597189824769168,5.0,24958.44029951917
18.0,16.0,1330.6044231989072,-1.9368135484009488,1.0000000000000002,5.0,22810.36154055269
18.0,17.0,1992.674605776398,-2.542698747606725,1.0,5.0,34160.13609902396
18.0,18.0,219.1181068600788,-0.0414996413644532,0.0,0.0,3756.310403315637
18.0,19.0,917.5993352616284,-2.72393884490852,1.0,5.0,15730.274318770777
18.0,20.0,633.026773569519,-3.1226966506753264,1.0,5.0,10851.88754690604
18.0,21.0,2588.384933803819,-3.8840803792953,1.8800420588697309,5.0,44372.313150922615
18.0,22.0,2153.483176718845,-2.320639092325269,1.7436902310794369,5.0,36916.85445803734
18.0,23.0,2684.79053314091,-2.550556883290394,2.3896413223142985,5.0,46024.98056812989
18.0,24.0,2865.8485335174846,-2.665412178256857,2.4061637331330106,5.0,49128.83200315688
18.0,25.0,2410.249670839089,-2.396663531663738,1.8918847784616573,5.0,41318.56578581296
18.0,26.0,2714.340045523136,-2.361868431878039,2.169712760747498,5.0,46531.54363753946
18.0,27.0,1166.6709941925587,-2.6888962702802117,1.0000000000000002,5.0,20000.074186158152
18.0,28.0,1449.1075674614488,-1.8060167387126531,1.0000000000000002,5.0,24841.844013624835
18.0,29.0,1719.1193339781569,-2.0904946319422715,1.0000000000000002,5.0,29470.61715391126
18.0,30.0,1989.4005813215904,-2.1115220518079068,1.8237202669349268,5.0,34104.009965512974
18.0,31.0,1990.8578388464168,-2.813256019123121,1.5374891553170535,5.0,34128.99152308143
18.0,32.0,1951.0801322732775,-2.14673831224926,1.8210289452253143,5.0,33447.08798182762
18.0,33.0,1964.4185453284892,-2.8131467090992954,1.5447147815978142,5.0,33675.74649134553
18.0,34.0,2237.251301448033,-2.1294434292888247,1.7159888734016593,5.0,38352.87945339485
18.0,35.0,2014.738993334988,-2.969241190454809,1.0,5.0,34538.38274288551
18.0,36.0,2244.3726841570938,-2.83997527029323,1.4768381256178595,5.0,38474.96029983589
18.0,37.0,2243.9902417516546,-2.9854275935036365,1.0,5.0,38468.40414431408
18.0,38.0,2957.655193295376,-2.5028590021968142,2.0733723984927988,5.0,50702.66045649215
18.0,39.0,2456.583228477337,-2.3965449197919586,1.8749832820186323,5.0,42112.85534532577
18.0,40.0,2688.6737496390124,-2.5545289006910483,2.3876326031240684,5.0,46091.54999381164
18.0,41.0,1480.8763295096774,-2.467129397253208,1.0,5.0,25386.451363023043
18.0,42.0,1134.8982228017142,-2.687388667669314,1.0,5.0,19455.39810517224
18.0,43.0,1393.642881120334,-2.288681979356112,1.0,5.0,23891.020819205725
18.0,44.0,1136.5130814676124,-2.687388667669314,1.0,5.0,19483.081396587644
18.0,45.0,2186.875490104475,-2.0914417418806184,1.488851448521848,5.0,37489.29411607671
18.0,46.0,1410.420911128852,-2.7399424246024733,1.0,5.0,24178.64419078032
18.0,47.0,1955.645534698252,-2.9803397785244394,1.0,5.0,33525.3520233986
18.0,48.0,1672.4021784151432,-2.846596525031625,1.0,5.0,28669.75162997388
18.0,49.0,2627.896158061365,-2.471128569949353,1.9320372911522536,5.0,45049.64842390912
18.0,50.0,2159.1495639655573,-2.980398123464752,1.0,5.0,37013.99252512384
19.0,1.0,1567.6716797429012,-1.9767479399464112,1.0,5.0,26874.37165273545
19.0,2.0,2376.148621607133,-2.992649000438429,1.4605648125014512,5.0,40733.97637040798
19.0,3.0,1228.2003964999235,-1.6223238599442809,1.0,5.0,21054.86393999869
19.0,4.0,2343.342625804245,-2.992966136978932,1.467078303863785,5.0,40171.58787092992
19.0,5.0,1914.2045132156927,-2.9139537618957547,1.0,5.0,32814.93451226902
19.0,6.0,2758.451191113054,-3.5680335322509524,0.9999999999999998,5.0,47287.734704795206
19.0,7.0,1126.1492524349603,-1.729075029726728,1.0,5.0,19305.41575602789
19.0,8.0,1253.2767485475406,-1.8762070325492997,1.0,5.0,21484.74426081498
19.0,9.0,1126.775475268516,-1.729075029726728,1.0,5.0,19316.151004603133
19.0,10.0,1207.6889008825674,-1.8762070325492997,1.0,5.0,20703.23830084401
19.0,11.0,1411.5155759900042,-1.3527721735438922,1.0,5.0,24197.40987411436
19.0,12.0,853.7261709249453,-1.0047887237098128,1.0,5.0,14635.305787284778
19.0,13.0,937.5943528209835,-1.0655728064769987,1.0,5.0,16073.046048359716
19.0,14.0,1850.813569859305,-2.2202962064362177,1.0,5.0,31728.232626159515
19.0,15.0,1932.582680235605,-2.2329063291646105,1.8320435138201403,5.0,33129.98880403895
19.0,16.0,1829.9625622997328,-2.2202962064362177,1.0,5.0,31370.786782281142
19.0,17.0,1414.9672836364073,-1.3527721735438922,1.0,5.0,24256.582005195552
19.0,18.0,856.7086543032564,-1.0047887237098128,1.0,5.0,14686.43407377011
19.0,19.0,288.3480062060033,-0.0546113646981514,0.0,0.0,4943.108677817198
19.0,20.0,1132.3849126703449,-2.400365662100576,1.0000000000000002,5.0,19412.31278863448
19.0,21.0,2845.1509220330317,-2.8788902936252603,1.3819017986399666,5.0,48774.015806280535
19.0,22.0,2671.40588817137,-1.5553947287555348,1.0000000000000002,5.0,45795.5295115092
19.0,23.0,3203.9382463237143,-1.7867679512976098,1.0000000000000002,5.0,54924.65565126368
19.0,24.0,3384.990305878011,-1.9600698561577423,1.0885148242831555,5.0,58028.40524362304
19.0,25.0,2949.7776306127907,-1.724502826238662,1.173849795141661,5.0,50567.6165247907
19.0,26.0,3233.532086218977,-1.692904558316225,1.0000000000000002,5.0,55431.97862089675
19.0,27.0,1672.0631450965338,-2.066461932477309,1.0,5.0,28663.93963022629
19.0,28.0,1948.4657065622744,-2.142385971343061,1.0,5.0,33402.26925535328
19.0,29.0,2215.5929497463167,-2.468627124835776,1.7240600543802542,5.0,37981.59342422257
19.0,30.0,2465.314064313873,-1.3976185724526096,1.0,5.0,42262.52681680926
19.0,31.0,2489.8923473071486,-3.0077945515903326,1.4298658924610197,5.0,42683.868810979686
19.0,32.0,2469.0639389079543,-1.2781857567601822,1.0,5.0,42326.81038127921
19.0,33.0,2463.4483734062837,-3.007733403490087,1.434475181876166,5.0,42230.54354410771
19.0,34.0,2755.543722419143,-1.4211512002087292,1.0000000000000002,5.0,47237.89238432817
19.0,35.0,2532.709747432662,-1.9553478354343172,1.3192087761888254,5.0,43417.88138455992
19.0,36.0,2743.45454861282,-3.0653759294182565,1.3901751201528056,5.0,47030.6494047912
19.0,37.0,2749.4650263040967,-1.7718386471698278,1.0,5.0,47133.68616521309
19.0,38.0,3476.839067886876,-1.9041404595780116,1.0000000000000002,5.0,59602.9554494893
19.0,39.0,2996.192033135653,-1.724449440400159,1.1711320550856743,5.0,51363.2919966112
19.0,40.0,3207.822147305567,-1.7933113078939478,1.0,5.0,54991.23681095257
19.0,41.0,903.1690073696866,-0.9580279326903962,1.0,5.0,15482.897269194627
19.0,42.0,1640.2903737056895,-2.042448934691232,1.0,5.0,28119.263549240397
19.0,43.0,1858.836800279336,-1.1408191360589148,1.0,5.0,31865.77371907433
19.0,44.0,1641.905232371588,-2.042448934691232,0.9999999999999998,5.0,28146.946840655797
19.0,45.0,1617.3190698018948,-0.904955569281024,1.0,5.0,27725.469768032483
19.0,46.0,1936.3544673658805,-1.0193905818072853,1.0,5.0,33194.64801198652
19.0,47.0,1903.789982822325,-1.3441640365430312,1.0,5.0,32636.39970552558
19.0,48.0,2192.243943777578,-1.520534473876603,1.36801769068889,5.0,37581.32475047276
19.0,49.0,2142.8920677247106,-1.2764466307348643,1.0,5.0,36735.29258956647
19.0,50.0,2321.948026513335,-1.3602975230482983,0.9999999999999998,5.0,39804.82331165718
20.0,1.0,1865.329047194481,-2.261257130994476,1.574076400209349,5.0,31977.06938047682
20.0,2.0,2684.745763289294,-3.101096016635232,1.803727485972057,5.0,46024.21308495932
20.0,3.0,1526.2548958567686,-1.952657121405242,1.7013456640734252,5.0,26164.369643258888
20.0,4.0,2652.1176499370795,-3.1011679893347743,1.8135931220303856,5.0,45464.87399892136
20.0,5.0,2211.6553526403404,-3.077632391850301,1.4843585178048235,5.0,37914.0917595487
20.0,6.0,3041.682475193208,-3.694682423952869,1.709639274687599,5.0,52143.12814616928
20.0,7.0,1446.418835669194,-2.022991987297748,1.0,5.0,24795.75146861475
20.0,8.0,1573.546331781774,-2.155212491684119,1.0,5.0,26975.07997340184
20.0,9.0,1447.045058502749,-2.0229919872977487,1.0000000000000002,5.0,24806.486717189982
20.0,10.0,1527.9584841168005,-2.155212491684119,1.0,5.0,26193.574013430865
20.0,11.0,1731.7851592242378,-1.7561015736288976,1.0000000000000002,5.0,29687.74558670122
20.0,12.0,1173.9957541591784,-1.476157335321257,1.0,5.0,20125.64149987163
20.0,13.0,1257.8639360552168,-1.5236990306737015,1.0,5.0,21563.381760946573
20.0,14.0,2147.4364258081746,-2.567442579512801,2.0112203160413054,5.0,36813.19587099728
20.0,15.0,1118.6383562501012,-1.4645873463801145,1.0,5.0,19176.657535716015
20.0,16.0,2126.608012285655,-2.567410329066626,2.021116565930255,5.0,36456.13735346837
20.0,17.0,1735.236866870641,-1.756101573628897,1.0,5.0,29746.91771778242
20.0,18.0,1176.9782375374898,-1.476157335321257,1.0,5.0,20176.76978635697
20.0,19.0,660.1615963558711,-1.1112092205241009,1.0,5.0,11317.055937529218
20.0,20.0,330.08079817793555,-0.0625153025551832,0.0,0.0,5658.527968764609
20.0,21.0,2075.712070932189,-3.680817824408555,0.9999999999999998,5.0,35583.63550169466
20.0,22.0,1888.034593028585,-1.7349037319656937,1.0,5.0,32366.307309061456
20.0,23.0,2420.5669511809283,-1.7749221525733463,1.0,5.0,41495.43344881592
20.0,24.0,2601.6190102985165,-1.9535532763076908,1.115167454528706,5.0,44599.18303368886
20.0,25.0,2171.6722888551776,-1.8015998887289744,1.237635457920998,5.0,37228.6678089459
20.0,26.0,2450.160791076192,-1.655193029116531,1.0,5.0,42002.75641844899
20.0,27.0,909.2332552868016,-1.4550309112789137,1.0000000000000002,5.0,15586.855804916597
20.0,28.0,1178.6686017824384,-1.7664020146448,1.0000000000000002,5.0,20205.74745912752
20.0,29.0,1448.6803682991465,-2.03513146728827,1.0,5.0,24834.52059941394
20.0,30.0,1681.942769171088,-1.670809699940896,1.0,5.0,28833.304614361507
20.0,31.0,1726.0347994639542,-2.786738955114399,1.0,5.0,29589.167990810645
20.0,32.0,1685.6926437651691,-1.4897345982056018,1.0,5.0,28897.588178831476
20.0,33.0,1699.5775346433638,-2.786738955114399,1.0,5.0,29135.614879600525
20.0,34.0,1972.1724272763568,-1.5128675048488938,1.0,5.0,33808.670181880414
20.0,35.0,1757.3012544292303,-2.2585266897720144,1.0000000000000002,5.0,30125.164361643958
20.0,36.0,1979.7263638118025,-2.775951476976158,1.0,5.0,33938.16623677375
20.0,37.0,1986.5525028458976,-2.317924690237638,1.0,5.0,34055.18576307253
20.0,38.0,2693.4677727440903,-1.8518308926020852,1.0000000000000002,5.0,46173.73324704155
20.0,39.0,2218.124267149131,-1.8014230616646565,1.2325827592194942,5.0,38024.98743684224
20.0,40.0,2424.450852162781,-1.7808177892072738,1.0,5.0,41562.01460850482
20.0,41.0,1223.4385906039197,-1.4455929558830718,1.0,5.0,20973.232981781483
20.0,42.0,877.4604838959572,-1.4238179899164456,1.0,5.0,15042.179723930694
20.0,43.0,1136.205142214577,-1.157177847305513,1.0,5.0,19477.802437964183
20.0,44.0,879.0753425618556,-1.4238179899164456,1.0,5.0,15069.863015346094
20.0,45.0,1930.2202881160388,-1.2928031528309,1.5533389116228815,5.0,33089.49065341781
20.0,46.0,1152.9831722230947,-1.7281380473222612,1.0,5.0,19765.425809538767
20.0,47.0,1698.2077957924946,-2.244930342432724,1.0,5.0,29112.13364215705
20.0,48.0,1414.964439509386,-1.9977366134178345,1.0,5.0,24256.53324873233
20.0,49.0,2362.004744981475,-1.837734863133736,2.046253965539086,5.0,40491.50991396814
20.0,50.0,1901.7118250598005,-2.3022263899958797,1.0,5.0,32600.77414388229
21.0,1.0,2419.3568329713667,-2.2176494895990224,1.0000000000000004,5.0,41474.68856522343
21.0,2.0,3189.873328312212,-2.4928381443363827,1.0000000000000004,5.0,54683.542771066495
21.0,3.0,2079.8855497283894,-1.87574971614428,1.0000000000000004,5.0,35655.18085248668
21.0,4.0,3157.193181648535,-2.4928381443363827,1.0000000000000004,5.0,54123.31168540346
21.0,5.0,2765.889666444159,-2.945233882162856,1.0,5.0,47415.25142475701
21.0,6.0,3547.202811836885,-3.112193581508466,1.0,5.0,60809.19106006088
21.0,7.0,3077.027053275923,-2.721653136332214,2.0520113735321,5.0,52749.03519901583
21.0,8.0,3204.074241308327,-2.8446100438546984,2.01029049839556,5.0,54926.98699385704
21.0,9.0,3077.6530357170222,-2.721650596070044,2.0517974150654275,5.0,52759.76632657752
21.0,10.0,3158.503299813692,-2.844780327727723,2.024865510560426,5.0,54145.770853949005
21.0,11.0,3660.721217315616,-2.5999063740999624,2.029618293579916,5.0,62755.2208682677
21.0,12.0,2791.0735296485345,-2.40093652125542,1.9430560654145408,5.0,47846.97479397488
21.0,13.0,2874.952917524557,-2.4812550283098256,1.915501468204431,5.0,49284.90715756383
21.0,14.0,2670.097090890445,-1.9913268653408016,1.0,5.0,45773.09298669335
21.0,15.0,1692.7958452561893,-1.3324247896885657,1.0000000000000002,5.0,29019.35734724896
21.0,16.0,2649.2460833308733,-1.9913268653408016,1.0,5.0,45415.647142814974
21.0,17.0,3664.1709939828543,-2.599895943733412,2.0286447683373887,5.0,62814.35989684893
21.0,18.0,2794.0581446455844,-2.400897376884918,1.9420477671915264,5.0,47898.13962249573
21.0,19.0,2278.708363920229,-1.978274341184717,1.9325223195890735,5.0,39063.57195291821
21.0,20.0,1978.4629624151355,-1.674093019190319,1.0000000000000002,5.0,33916.50792711661
21.0,21.0,206.7107281727,-0.0391497590421859,0.0,0.0,3543.6124829605715
21.0,22.0,1400.2483330297578,-1.028335723745959,1.0,5.0,24004.257137652992
21.0,23.0,1932.7806911821012,-1.1033402206655123,1.0,5.0,33133.383277407454
21.0,24.0,2070.285639515376,-2.132392081922744,2.446342341446967,5.0,35490.61096312073
21.0,25.0,1686.80319747248,-1.1285334831773843,1.3080885890166167,5.0,28916.626242385373
21.0,26.0,1962.3745310773645,-0.9509703078539824,1.0,5.0,33640.70624704053
21.0,27.0,1483.3907442928903,-1.1517288942209802,1.0,5.0,25429.55561644955
21.0,28.0,1752.826090788527,-1.553081568039378,1.0,5.0,30048.44727066046
21.0,29.0,1975.961061935115,-0.944163007502377,1.0,5.0,33873.61820460197
21.0,30.0,1194.1565091722607,-0.9289591922353054,1.0000000000000002,5.0,20471.25444295304
21.0,31.0,2253.315493099923,-1.7442056365020573,1.0,5.0,38628.26559599868
21.0,32.0,1197.906383766342,-0.661990409347524,1.0,5.0,20535.53800742301
21.0,33.0,2226.8582282793323,-1.7442056365020573,1.0,5.0,38174.71248478856
21.0,34.0,1484.3861672775304,-0.7249340476988567,1.0,5.0,25446.62001047195
21.0,35.0,765.0684886895556,-0.5981749839389601,1.0000000000000002,5.0,13115.459806106668
21.0,36.0,2412.7806541800137,-1.2789747742749304,1.0,5.0,41361.95407165738
21.0,37.0,488.8148830038471,-0.3173069125125258,1.0,5.0,8379.68370863738
21.0,38.0,2205.681512745263,-1.208725608421381,1.0,5.0,37811.68307563308
21.0,39.0,1733.3071684819056,-1.128159829831693,1.2996399072669522,5.0,29713.837173975524
21.0,40.0,1936.6645921639545,-1.1111247580928578,1.0000000000000004,5.0,33199.96443709636
21.0,41.0,2799.575620568448,-1.8362121674789171,1.376235141470197,5.0,47992.72492403054
21.0,42.0,1480.128813941934,-0.935008792758872,1.0000000000000004,5.0,25373.636810433152
21.0,43.0,1738.8702075804654,-1.2847051379084549,1.6057385061519915,5.0,29809.203558522266
21.0,44.0,1481.7436726078322,-0.935008792758872,1.0000000000000002,5.0,25401.320101848552
21.0,45.0,1497.345072985055,-1.6040115259293362,1.0000000000000002,5.0,25668.7726797438
21.0,46.0,1781.497921989038,-1.4520570891625268,1.6080185198028574,5.0,30539.964376954933
21.0,47.0,1238.92261201269,-1.4967268059523156,1.0,5.0,21238.67334878897
21.0,48.0,955.679255729582,-1.0806819236847522,1.0000000000000002,5.0,16383.07295536426
21.0,49.0,1561.6100378470771,-2.2671342153860268,1.686589211663216,5.0,26770.45779166418
21.0,50.0,1440.8275270564711,-2.184297931736807,1.7430051739732968,5.0,24699.90046382522
22.0,1.0,3052.208879731211,-2.6465357140532486,1.0,5.0,52323.58079539219
22.0,2.0,2718.357048095708,-2.4714236171124053,1.0,5.0,46600.40653878356
22.0,3.0,2730.8920364247256,-1.9792072227692223,1.0,5.0,46815.2920529953
22.0,4.0,2685.6769014320303,-2.4714236171124053,1.0,5.0,46040.17545312052
22.0,5.0,3363.096543548325,-3.329094707669708,1.0,5.0,57653.08360368557
22.0,6.0,3075.686531620381,-3.1364671379451314,0.9999999999999998,5.0,52726.05482777797
22.0,7.0,3729.964971215408,-2.877333283308615,1.5820667630799774,5.0,63942.256649407005
22.0,8.0,3857.1798159848167,-2.9991611489397223,1.562878966863456,5.0,66123.0825597397
22.0,9.0,3730.591328043629,-2.8773361034448337,1.581969039484584,5.0,63952.99419503365
22.0,10.0,3811.582528382389,-2.9989706618521224,1.5696124741835484,5.0,65341.414772269534
22.0,11.0,4297.350713670932,-2.8352923292625745,1.782201743951483,5.0,73668.86937721599
22.0,12.0,3430.918291338055,-2.6298828716408225,1.6262219090856145,5.0,58815.7421372238
22.0,13.0,3514.3863830746614,-2.717019307012832,1.6113231088510267,5.0,60246.62370985134
22.0,14.0,2198.5808106739405,-1.9820756835106483,0.9999999999999998,5.0,37689.956754410414
22.0,15.0,2344.058161646277,-1.6703587110674711,1.4591979674976552,5.0,40183.85419965047
22.0,16.0,2177.729803114368,-1.9820756835106483,1.0,5.0,37332.51091053202
22.0,17.0,4300.812642573656,-2.835263501726178,1.781559254152799,5.0,73728.21672983411
22.0,18.0,3433.895424377034,-2.6299478157449063,1.6256796415955286,5.0,58866.7787036063
22.0,19.0,2930.737947054836,-2.167709714184721,1.5613631490291169,5.0,50241.22194951148
22.0,20.0,2629.726732511323,-1.966526593750613,1.409326138729637,5.0,45081.02970019411
22.0,21.0,1026.4823473434535,-4.218499801587508,1.0,5.0,17596.840240173493
22.0,22.0,301.1375891450522,-0.057033634189145,0.0,0.0,5162.358671058037
22.0,23.0,1461.2644109655969,-1.0776930756758958,1.0,5.0,25050.247045124517
22.0,24.0,1069.6820143305692,-3.9741810081723496,1.0,5.0,18337.40595995261
22.0,25.0,602.2751782901043,-1.0656679860418246,1.0,5.0,10324.717342116071
22.0,26.0,1490.8582508608597,-0.879626041755569,1.0,5.0,25557.57001475759
22.0,27.0,2134.397230989227,-1.2559284547289875,1.0,5.0,36589.666816958175
22.0,28.0,2346.525912648521,-1.807751055309981,1.462013642875286,5.0,40226.15850254608
22.0,29.0,1504.44478171861,-0.8761597144186537,1.0,5.0,25790.48197231903
22.0,30.0,1845.1629958685971,-0.9900508470278824,1.0,5.0,31631.36564346167
22.0,31.0,1781.7992128834182,-1.8144033721764077,1.0,5.0,30545.129363715743
22.0,32.0,1788.1773093879165,-1.1197054207992183,1.0,5.0,30654.46816093571
22.0,33.0,1755.341948062828,-1.8144033721764077,1.0,5.0,30091.576252505623
22.0,34.0,1012.869887061026,-0.8995157069711178,1.0,5.0,17363.483778189016
22.0,35.0,1876.79239886322,-2.479905022177737,1.344825306097141,5.0,32173.583980512336
22.0,36.0,1941.264373963509,-1.1725933817573762,1.0,5.0,33278.81783937444
22.0,37.0,1649.9667628586672,-2.3657280406154846,1.4025089567395774,5.0,28285.14450614858
22.0,38.0,1734.1652325287582,-1.1263046970593935,1.0,5.0,29728.54684335014
22.0,39.0,648.6394097340963,-1.0656679860418246,1.0,5.0,11119.532738298794
22.0,40.0,1452.0423148987852,-1.5421801208864214,1.5251884240873608,5.0,24892.153969693463
22.0,41.0,3450.5850036879847,-1.9648419011899785,1.0,5.0,59152.88577750831
22.0,42.0,2131.13530063827,-1.112675687160265,1.0,5.0,36533.748010941774
22.0,43.0,2389.8799589568903,-1.2419757693722728,1.0,5.0,40969.37072497526
22.0,44.0,2132.7501593041684,-1.112675687160265,1.0,5.0,36561.43130235717
22.0,45.0,3063.5131187584034,-2.1338780984581023,1.7923717102515693,5.0,52517.36775014405
22.0,46.0,2406.6579889654085,-1.4912357273614607,1.0,5.0,41256.99409654986
22.0,47.0,2469.288643694136,-2.79441172012477,1.6654032034284612,5.0,42330.662463328044
22.0,48.0,2049.349669163251,-2.68896738328474,1.3138653163647271,5.0,35131.70861422716
22.0,49.0,2314.55413741683,-2.2271132038030013,1.0,5.0,39678.07092714566
22.0,50.0,2191.939835228325,-2.172462168996332,1.0,5.0,37576.11146105701
23.0,1.0,3043.411761622635,-2.750880084294794,0.9999999999999998,5.0,52172.77305638803
23.0,2.0,2709.559929987132,-2.590323052390894,1.0,5.0,46449.5987997794
23.0,3.0,2722.0949183161497,-2.0942348207244423,1.0,5.0,46664.48431399114
23.0,4.0,2676.879783323455,-2.590323052390894,0.9999999999999998,5.0,45889.367714116364
23.0,5.0,3354.299425439749,-3.425434096239219,0.9999999999999996,5.0,57502.27586468141
23.0,6.0,3066.8894135118053,-3.242338500948951,0.9999999999999996,5.0,52575.24708877381
23.0,7.0,3721.164094316487,-2.961622463497086,1.5834430518228662,5.0,63791.38447399691
23.0,8.0,3848.3791568719594,-3.0800519253615,1.5641659119045828,5.0,65972.21411780501
23.0,9.0,3721.790451532608,-2.96162529548523,1.583344865585544,5.0,63802.12202627328
23.0,10.0,3802.781842323548,-3.0798606565828512,1.570930430062799,5.0,65190.54586840367
23.0,11.0,4290.588547818067,-2.906517501195208,1.783844022129769,5.0,73552.946534024
23.0,12.0,3422.166638611752,-2.721937483834695,1.6278268678212824,5.0,58665.713804772895
23.0,13.0,3505.6319430395747,-2.8049498592620985,1.612852511967329,5.0,60096.54759496413
23.0,14.0,2189.783692565365,-2.1315222724497205,0.9999999999999996,5.0,37539.14901540626
23.0,15.0,2335.2609366466454,-1.808917736909753,1.4609273795999325,5.0,40033.04462822821
23.0,16.0,2168.932685005793,-2.13152227244972,0.9999999999999998,5.0,37181.70317152787
23.0,17.0,4294.050519873663,-2.9064883319727928,1.7831988192237749,5.0,73612.29462640564
23.0,18.0,3425.1437588507374,-2.7220029603713782,1.627281818326923,5.0,58716.75015172693
23.0,19.0,2921.9468769395035,-2.2768860170887524,1.5630599013766096,5.0,50090.51789039149
23.0,20.0,2620.9295532585,-2.090536889742918,1.4106997376206092,5.0,44930.220913002864
23.0,21.0,1599.0370925967834,-3.853518401064969,1.760996215476602,5.0,27412.064444516287
23.0,22.0,1981.722140542756,-1.5790723005707528,1.0,5.0,33972.37955216153
23.0,23.0,179.43038562992763,-0.0339830275107409,0.0,0.0,3075.949467941616
23.0,24.0,358.86077125985526,-3.092378252395937,1.0,5.0,6151.898935883232
23.0,25.0,747.2576600427749,-1.8022268873561176,1.0,5.0,12810.131315018998
23.0,26.0,662.2705729586828,-3.673280482302001,1.0,5.0,11353.209822148849
23.0,27.0,2125.600112880651,-1.4103055843837964,1.0,5.0,36438.85907795402
23.0,28.0,2338.015207366393,-1.9473968512932451,1.4637259232635047,5.0,40080.2606977096
23.0,29.0,1495.6476636100342,-1.104251928073298,1.0,5.0,25639.674233314872
23.0,30.0,1836.3658777600217,-1.1703037775004277,1.0,5.0,31480.557904457517
23.0,31.0,1773.0020947748424,-2.006098520236473,0.9999999999999998,5.0,30394.321624711585
23.0,32.0,1779.3801912793404,-1.307918042510682,1.0,5.0,30503.66042193155
23.0,33.0,1746.5448299542516,-2.006098520236473,1.0,5.0,29940.76851350145
23.0,34.0,1004.07276895245,-1.275823397586809,1.0,5.0,17212.676039184855
23.0,35.0,2682.970080534048,-2.9344595852364264,2.277512980182291,5.0,45993.7728091551
23.0,36.0,1112.6766960613322,-2.484979519189767,1.0,5.0,19074.45764676569
23.0,37.0,2259.616619621145,-2.8701058668022084,2.3628046759104544,5.0,38736.284907791065
23.0,38.0,905.5775546265816,-2.862122977569117,1.0,5.0,15524.186650741402
23.0,39.0,793.6218914867669,-1.8022268873561176,1.0,5.0,13604.946711201716
23.0,40.0,473.3784484136055,-2.1556916931742798,1.0,5.0,8115.059115661808
23.0,41.0,3441.787885579409,-2.054229007493128,1.0,5.0,59002.07803850415
23.0,42.0,2122.3381825296947,-1.2660987948541966,1.0,5.0,36382.94027193762
23.0,43.0,2381.082840848315,-1.376173749068449,0.9999999999999998,5.0,40818.56298597111
23.0,44.0,2123.953041195593,-1.2660987948541966,1.0,5.0,36410.62356335302
23.0,45.0,3168.3209719918004,-1.746181880747159,1.0,5.0,54314.07380557372
23.0,46.0,2397.8608708568327,-1.6264183442148683,0.9999999999999998,5.0,41106.1863575457
23.0,47.0,2861.4530976420624,-2.930074266735139,2.4542793430930856,5.0,49053.48167386393
23.0,48.0,2605.683551072412,-2.403896412874858,1.6751525256104811,5.0,44668.86087552705
23.0,49.0,2910.5625071400927,-2.925390467060076,1.905271947512993,5.0,49895.35726525873
23.0,50.0,2792.7726685956,-2.881303249181801,1.9461866746335463,5.0,47876.102890210284
24.0,1.0,2916.9059333623586,-2.4409278129463483,1.0,5.0,50004.10171478329
24.0,2.0,2583.054101726855,-2.2479912486767546,1.0,5.0,44280.927458174665
24.0,3.0,2595.5890900558734,-1.7302242485373815,1.0,5.0,44495.8129723864
24.0,4.0,2550.373955063178,-2.2479912486767546,1.0,5.0,43720.69637251163
24.0,5.0,3227.7935971794727,-3.1596727443535686,1.0000000000000002,5.0,55333.60452307668
24.0,6.0,2940.3835852515285,-2.954714941959356,1.0,5.0,50406.57574716906
24.0,7.0,3594.5708004070148,-2.6926376794659017,1.6039796868665386,5.0,61621.21372126311
24.0,8.0,3721.7915947384568,-2.8215221393131262,1.5833455796472626,5.0,63802.141624087824
24.0,9.0,3595.197163247072,-2.6926407510771164,1.6038744674409022,5.0,61631.951369949806
24.0,10.0,3676.193888315383,-2.821315151830483,1.5905808076768302,5.0,63020.46665683513
24.0,11.0,4161.794926983726,-2.660013042375433,1.808251142178514,5.0,71345.0558911496
24.0,12.0,3296.095572767212,-2.426239473494247,1.6518513912435857,5.0,56504.4955331522
24.0,13.0,3379.538617120686,-2.5203360778685213,1.6357237750796974,5.0,57934.94772206891
24.0,14.0,2063.2778643050888,-1.7070024438718194,0.9999999999999998,5.0,35370.47767380152
24.0,15.0,2208.7530794582603,-1.3835511084823326,1.4873200239811566,5.0,37864.33850499875
24.0,16.0,2042.4268567455165,-1.7070024438718194,1.0,5.0,35013.031829923144
24.0,17.0,4165.2575671339855,-2.659981990684974,1.807564934692096,5.0,71404.41543658261
24.0,18.0,3299.0724907243225,-2.4263102338230857,1.651263848064101,5.0,56555.52841241696
24.0,19.0,2795.472945058972,-1.9355613755458927,1.588645690424653,5.0,47922.3933438681
24.0,20.0,2494.422488879497,-1.7111066416219782,1.4315237930725462,5.0,42761.52838079137
24.0,21.0,1473.279993516757,-3.477176779355952,1.826268349347009,5.0,25256.228460287264
24.0,22.0,1855.21631228248,-1.082429001643437,1.0,5.0,31803.7082105568
24.0,23.0,358.86077125985514,-2.829379116053678,1.0000000000000002,5.0,6151.898935883231
24.0,24.0,173.4363100766646,-0.0328477859310449,0.0,0.0,2973.193887028536
24.0,25.0,620.7518317824986,-0.6445732619538387,1.0,5.0,10641.45997341426
24.0,26.0,843.3217782488189,-4.00075132892777,1.0,5.0,14456.944769979753
24.0,27.0,1999.0942846203748,-0.9210622276928584,1.0,5.0,34270.18773634928
24.0,28.0,2212.45785006015,-1.5245329365166742,1.4898322865539455,5.0,37927.848858174
24.0,29.0,1369.141835349758,-0.4214249800663548,0.9999999999999998,5.0,23471.002891710134
24.0,30.0,1709.8600494997454,-0.6035897523608688,1.0,5.0,29311.88656285278
24.0,31.0,1646.496266514566,-1.4949880504953257,1.0,5.0,28225.650283106846
24.0,32.0,1652.874363019064,-0.736694583464602,1.0,5.0,28334.98908032681
24.0,33.0,1620.0390016939753,-1.4949880504953257,1.0,5.0,27772.09717189672
24.0,34.0,877.5669406921736,-0.2693828172104873,0.9999999999999998,5.0,15044.004697580118
24.0,35.0,2555.621554414856,-2.5993899474081017,2.3478443389186845,5.0,43810.65521854039
24.0,36.0,1293.727901351468,-2.992236191004105,1.0,5.0,22178.1925945966
24.0,37.0,1897.5313175692345,-2.801524369854552,1.7757244611873015,5.0,32529.10830118688
24.0,38.0,1086.6287599167176,-3.3332180119872725,0.9999999999999998,5.0,18627.921598572306
24.0,39.0,667.1160632264905,-0.6445732619538387,1.0,5.0,11436.27536959698
24.0,40.0,346.8726201533292,-0.2528205127703806,1.0,5.0,5946.387774057072
24.0,41.0,3315.2820573191325,-1.7380638924742735,1.0,5.0,56833.406696899416
24.0,42.0,1995.832354269418,-0.7675018478514356,1.0,5.0,34214.26893033287
24.0,43.0,2254.5770125880385,-0.9279451213539835,0.9999999999999998,5.0,38649.89164436638
24.0,44.0,1997.4472129353169,-0.7675018478514356,1.0,5.0,34241.95222174828
24.0,45.0,3041.815143731524,-1.39815685789699,1.0,5.0,52145.40246396898
24.0,46.0,2271.3550425965564,-1.1933521079202,0.9999999999999998,5.0,38937.51501594097
24.0,47.0,2736.593148273714,-2.610627580644979,2.52584963858748,5.0,46913.02539897797
24.0,48.0,2480.396628824777,-2.0402126451151883,1.714934325191633,5.0,42521.08506556761
24.0,49.0,3253.924054276389,-2.2246535463600607,1.988228018684623,5.0,55781.55521616667
24.0,50.0,2501.4696299244724,-2.624755625370592,1.441436852437223,5.0,42882.33651299095
25.0,1.0,2654.797691187917,-2.3248684149464616,1.0,5.0,45510.81756322143
25.0,2.0,2320.945859552414,-2.137010543475193,1.0,5.0,39787.64330661281
25.0,3.0,2333.4808478814325,-1.5541604922778716,1.0,5.0,40002.52882082456
25.0,4.0,2288.2657128887367,-2.137010543475193,1.0,5.0,39227.41222094977
25.0,5.0,2965.685355005032,-3.094696056529945,1.0,5.0,50840.32037151483
25.0,6.0,2678.275343077088,-2.892299349206625,1.0,5.0,45913.291595607225
25.0,7.0,3332.2730336082664,-2.562526689283138,1.651492488667569,5.0,57124.680576141705
25.0,8.0,3459.5067783032205,-2.696238865070518,1.62754860498441,5.0,59305.83048519807
25.0,9.0,3332.8994092148414,-2.562530329245912,1.6513700652413186,5.0,57135.418443683
25.0,10.0,3413.90818247647,-2.695994766075227,1.6359297597613005,5.0,58524.14027102519
25.0,11.0,3904.594682302727,-2.5135772516176385,1.864022310949485,5.0,66935.90883947532
25.0,12.0,3035.0444504579964,-2.2786035152307504,1.7079832613696504,5.0,52029.3334364228
25.0,13.0,3118.4286203165325,-2.375533093348331,1.6889988678947323,5.0,53458.77634828341
25.0,14.0,1801.169622130647,-1.5761794817201933,1.0,5.0,30877.193522239664
25.0,15.0,1946.6386512212348,-1.194026510473991,1.5529164292880353,5.0,33370.948306649734
25.0,16.0,1780.3186145710752,-1.5761794817201933,1.0,5.0,30519.74767836129
25.0,17.0,3908.058925987007,-2.513540492750895,1.8632375937088224,5.0,66995.29587406298
25.0,18.0,3038.0209355783472,-2.2786882177002616,1.7072902233701726,5.0,52080.358895628815
25.0,19.0,2533.47722727535,-1.7780192311746967,1.6498260551940866,5.0,43431.038181863136
25.0,20.0,2232.310403893262,-1.547147952790619,1.4821783783001037,5.0,38268.17835245592
25.0,21.0,1438.3346325700418,-2.066045112371225,1.8173792148089647,5.0,24657.165129772147
25.0,22.0,1593.1080701080384,-0.8690212036275251,1.0,5.0,27310.424058994944
25.0,23.0,1063.8532224223034,-0.399535296867356,0.9999999999999998,5.0,18237.48381295377
25.0,24.0,672.270825787276,-5.31765942376667,1.0,5.0,11524.642727781877
25.0,25.0,229.370155677463,-0.0434413172727979,0.0,0.0,3932.059811613652
25.0,26.0,1093.4470623175662,-0.1177956582565615,1.0,5.0,18744.80678258685
25.0,27.0,1736.9860424459334,-0.6714399295456702,1.0,5.0,29776.903584787437
25.0,28.0,1953.7233290846543,-1.3449961793126273,1.5545167938402964,5.0,33492.3999271655
25.0,29.0,1107.033593175317,-0.1103569917209552,1.0,5.0,18977.71874014829
25.0,30.0,1447.751807325304,-0.3117353129529487,1.0,5.0,24818.60241129093
25.0,31.0,1384.388024340125,-1.397699607395283,0.9999999999999998,5.0,23732.366131545
25.0,32.0,1390.7661208446232,-0.4772096092889903,1.0,5.0,23841.704928764968
25.0,33.0,1357.9307595195346,-1.397699607395283,1.0,5.0,23278.81302033488
25.0,34.0,615.4586985177323,0.0080292414473545,1.0,5.0,10550.720546018269
25.0,35.0,1901.4185209838693,-2.084962887646665,1.6568301100563294,5.0,32595.74607400919
25.0,36.0,1543.8531854202156,-0.5554971757513806,1.0,5.0,26466.054607203696
25.0,37.0,1644.7688108589969,-1.9343200915418148,1.7792106940376766,5.0,28196.03675758281
25.0,38.0,1336.7540439854654,-0.4854390166344956,0.9999999999999996,5.0,22915.78361117941
25.0,39.0,725.7921892475326,-0.3191102846594053,1.0,5.0,12442.151815671989
25.0,40.0,1063.2529986194188,-1.0472729656645594,1.787017174788046,5.0,18227.194262047185
25.0,41.0,3053.173815144692,-1.5370419869241303,0.9999999999999996,5.0,52340.12254533757
25.0,42.0,1733.724112094977,-0.4918685078811677,1.0,5.0,29720.984778771035
25.0,43.0,1992.4687704135972,-0.666549679011351,0.9999999999999998,5.0,34156.60749280453
25.0,44.0,1735.3389707608756,-0.4918685078811677,1.0,5.0,29748.66807018644
25.0,45.0,2730.982996752341,-1.7375295081879754,1.8827765186367007,5.0,46816.85137289728
25.0,46.0,2009.246800422115,-0.970024829531218,1.0,5.0,34444.23086437912
25.0,47.0,2512.120148799787,-2.2482604185937283,2.6209524913141804,5.0,43064.916836567776
25.0,48.0,2214.204243423601,-1.9223243171198163,1.8441728349802364,5.0,37957.78703011888
25.0,49.0,2261.4729832635057,-2.174923479920228,1.3106350402804294,5.0,38768.10828451724
25.0,50.0,2138.8295214072987,-2.119964277887242,1.3284659236272935,5.0,36665.64893841084
26.0,1.0,2767.0896288556623,-2.220160507729801,1.5853003402499324,5.0,47435.82220895421
26.0,2.0,2423.910234019905,-2.206640873734616,1.0,5.0,41552.746868912654
26.0,3.0,2436.4452223489243,-1.6506418054639571,1.0,5.0,41767.632383124415
26.0,4.0,2391.230087356228,-2.206640873734616,1.0,5.0,40992.51578324962
26.0,5.0,3098.089256262638,-2.9343942710956226,1.6820685133199949,5.0,53110.10153593095
26.0,6.0,2781.2397175445785,-2.938527619245968,1.0,5.0,47678.395157907056
26.0,7.0,3435.3152489194986,-2.632677577562984,1.6319631955785203,5.0,58891.11855290569
26.0,8.0,3562.5435629799576,-2.763631961930877,1.6094084509221689,5.0,61072.1753653707
26.0,9.0,3435.941619331572,-2.632680977717239,1.6318480011279457,5.0,58901.856331398376
26.0,10.0,3516.945329123356,-2.7634034902921627,1.6173090183890075,5.0,60290.49135640037
26.0,11.0,3994.205397303463,-2.483483679634958,1.6894161502933058,5.0,68472.09252520223
26.0,12.0,3139.150436486489,-2.3364370917447945,1.683939855432642,5.0,53814.00748262553
26.0,13.0,3222.678949653214,-2.430851761295936,1.666136686261443,5.0,55245.92485119795
26.0,14.0,1904.1339965981383,-1.6613837932926272,1.0,5.0,32642.297084539518
26.0,15.0,2049.355517876724,-1.056916430765168,0.9999999999999998,5.0,35131.8088778867
26.0,16.0,1883.2829890385665,-1.6613837932926272,1.0,5.0,32284.851240661133
26.0,17.0,3997.6652863332,-2.4834757863158634,1.688812302933049,5.0,68531.40490856914
26.0,18.0,3142.131084625477,-2.3364624793568685,1.6832904429684512,5.0,53865.10430786532
26.0,19.0,2634.541242553917,-1.668453211349056,1.4074127701044776,5.0,45163.56415806715
26.0,20.0,2335.0226350356697,-1.428753988242555,1.0,5.0,40028.95945775434
26.0,21.0,2259.9777009155205,-3.0201113885277886,1.4436756897156815,5.0,38742.4748728375
26.0,22.0,1696.0724445755295,-0.9941194057811288,1.0,5.0,29075.527621294797
26.0,23.0,1159.5750066180224,-0.821945411092048,1.0,5.0,19878.428684880382
26.0,24.0,1340.6270752681924,-1.1083910420936964,1.2234938528050303,5.0,22982.17843316901
26.0,25.0,1437.3381192290444,-1.1232967688323676,1.0000000000000002,5.0,24640.082043926475
26.0,26.0,256.4179650940817,-0.0485640084395326,0.0,0.0,4395.7365444699735
26.0,27.0,1839.950416913424,-0.8096855236199376,1.0,5.0,31542.00714708727
26.0,28.0,2055.3268505502847,-1.449094980629999,1.5271689425312571,5.0,35234.17458086202
26.0,29.0,1209.997967642808,-0.2984099600019029,1.0,5.0,20742.822302448138
26.0,30.0,1550.7161817927952,-0.4759923446297131,1.0,5.0,26583.70597359077
26.0,31.0,1487.3523988076158,-1.478427747569631,1.0,5.0,25497.469693844843
26.0,32.0,1493.7304953121138,-0.6293861853513701,1.0,5.0,25606.80849106481
26.0,33.0,1460.895133987025,-1.478427747569631,1.0,5.0,25043.916582634716
26.0,34.0,1780.2102788233024,-0.7597153286662915,1.0,5.0,30517.890494113755
26.0,35.0,2716.5292570957417,-1.9064080865120108,0.9999999999999998,5.0,46569.07297878415
26.0,36.0,719.9350716229139,-0.2234111179375465,1.0,5.0,12341.74408496424
26.0,37.0,2794.3820195395265,-2.4961175255288235,1.9371782752985576,5.0,47903.691763534734
26.0,38.0,512.8359301881635,-0.3719835130046015,1.0,5.0,8791.473088939947
26.0,39.0,1483.7023506730363,-1.1232967688323676,1.0000000000000002,5.0,25434.897440109195
26.0,40.0,1163.4589075998751,-0.8295086051886381,1.0,5.0,19945.00984456929
26.0,41.0,3156.138189612182,-1.6380359656368937,0.9999999999999998,5.0,54105.226107637405
26.0,42.0,1836.688486562468,-0.6412267678370167,1.0,5.0,31486.088341070885
26.0,43.0,2095.433144881089,-0.8044740295892182,0.9999999999999996,5.0,35921.71105510439
26.0,44.0,1838.3033452283664,-0.6412267678370167,0.9999999999999998,5.0,31513.771632486285
26.0,45.0,2882.6712760245737,-1.285059516165693,1.0,5.0,49417.22187470698
26.0,46.0,2112.211174889606,-1.0917605398188777,1.0,5.0,36209.33442667896
26.0,47.0,2657.435798459005,-1.8312349563843824,1.0,5.0,45556.04225929723
26.0,48.0,2374.192442175897,-1.4848243768866338,1.0,5.0,40700.44186587252
26.0,49.0,3408.24427394739,-1.6970591153588972,1.0,5.0,58427.04469624097
26.0,50.0,2860.939827726312,-2.01377414838431,0.9999999999999996,5.0,49044.68276102249
27.0,1.0,1295.7831530896465,-1.7123845124264871,1.0,5.0,22213.4254815368
27.0,2.0,2120.4067731320065,-2.7158924709995103,1.5104606235673956,5.0,36349.83039654868
27.0,3.0,956.311869846669,-1.2954903189260227,1.0,5.0,16393.91776880004
27.0,4.0,2087.7376788778947,-2.7159421921645888,1.5184419157307625,5.0,35789.788780763905
27.0,5.0,1642.3159865624384,-2.7990840896756755,1.0,5.0,28153.988341070373
27.0,6.0,2477.6784281758687,-3.4164346434257187,1.436915416922967,5.0,42474.48734015775
27.0,7.0,1958.629121361762,-2.207206608196896,1.558679469757604,5.0,33576.499223344494
27.0,8.0,2085.720579704505,-2.342425806364729,1.5244645863105462,5.0,35755.20993779151
27.0,9.0,1959.2562031312611,-2.207204081646737,1.5584999893800002,5.0,33587.24919653591
27.0,10.0,2040.074511952532,-2.342582221814792,1.536241152598137,5.0,34972.70591918627
27.0,11.0,2211.0854070938904,-2.150477207641038,1.0000000000000002,5.0,37904.32126446669
27.0,12.0,1650.093859687737,-1.9898991545302127,0.9999999999999998,5.0,28287.323308932635
27.0,13.0,1733.9620415837749,-2.0385893161071307,1.0,5.0,29725.06357000757
27.0,14.0,1584.6514385628575,-2.1341869161207567,1.6885047643165934,5.0,27165.45323250613
27.0,15.0,569.2221653744689,-0.3920180294020627,1.0000000000000002,5.0,9758.094263562323
27.0,16.0,1563.8091730039337,-2.1344050113476665,1.6976677432262153,5.0,26808.157251496006
27.0,17.0,2214.537114740293,-2.150477207641038,1.0000000000000002,5.0,37963.493395547885
27.0,18.0,1653.0763430660477,-1.9898991545302127,1.0,5.0,28338.45159541796
27.0,19.0,1139.461844225524,-1.4839985595437473,1.0,5.0,19533.631615294697
27.0,20.0,854.8892825334146,-1.0229005394167603,1.0,5.0,14655.244843429964
27.0,21.0,1930.5016907128545,-3.465984952215008,1.0,5.0,33094.31469793465
27.0,22.0,1338.6290709411,-1.4474562893339853,0.9999999999999998,5.0,22947.92693041886
27.0,23.0,1870.9272223117653,-1.686016168701684,1.5692018614147516,5.0,32073.03809677312
27.0,24.0,2051.977739261723,-1.8411848419628396,1.6649651730796768,5.0,35176.76124448668
27.0,25.0,1610.97390256195,-1.4956187385918531,1.3350279871337627,5.0,27616.69547249057
27.0,26.0,1900.755268988706,-1.2056714725196531,1.0,5.0,32584.37603980639
27.0,27.0,284.61108268723444,-0.05390361403319,0.0,0.0,4879.0471317811625
27.0,28.0,629.2524109068062,-1.0728236751526696,0.9999999999999998,5.0,10787.18418697382
27.0,29.0,899.2641774235142,-1.4760549999222807,0.9999999999999998,5.0,15415.957327260245
27.0,30.0,1193.2728081583657,-0.9098571753575136,1.0,5.0,20456.105282714838
27.0,31.0,1176.618608588322,-2.564419505180031,1.0,5.0,20170.60471865695
27.0,32.0,1136.2871216776844,-1.1803297026860058,1.0,5.0,19479.20780018888
27.0,33.0,1150.1613437677315,-2.564419505180031,1.0,5.0,19717.05160744683
27.0,34.0,1422.766905188873,-1.1099542465448131,1.0,5.0,24390.28980323782
27.0,35.0,2316.349229602988,-2.269340662870168,1.460266680849459,5.0,39708.84393605121
27.0,36.0,1430.31017293617,-2.4473732434292748,1.0,5.0,24519.60296462005
27.0,37.0,2448.762383113176,-2.726799139631054,2.056019772291217,5.0,41978.78371051158
27.0,38.0,2144.062250656605,-1.4293514324003358,1.0,5.0,36755.35286839895
27.0,39.0,1657.1378106175446,-1.4962129262356825,1.3256933931514032,5.0,28408.076753443624
27.0,40.0,1874.8104270979568,-1.6913725889039903,1.5680222276208506,5.0,32139.607321679257
27.0,41.0,1702.738838473573,-1.848490682755788,1.0000000000000002,5.0,29189.808659546965
27.0,42.0,1446.4329793963475,-1.2130649048510362,1.744180950676446,5.0,24795.993932508816
27.0,43.0,1703.3949514233054,-1.219553697083461,1.626709364107604,5.0,29201.056310113807
27.0,44.0,1448.0650006752485,-1.2129319120485988,1.7433112302094236,5.0,24823.971440147117
27.0,45.0,2473.6173316920567,-1.578618978285428,1.8715989565276987,5.0,42404.8685432924
27.0,46.0,1716.3299533295929,-1.6084180066730376,1.6257353628682154,5.0,29422.79919993588
27.0,47.0,2257.937256072694,-2.2224276843718656,1.4724814492228928,5.0,38707.49581838904
27.0,48.0,1976.2083862622244,-1.9336567788645935,1.5413512344779472,5.0,33877.85805020956
27.0,49.0,2998.323307651325,-1.904200381869913,1.7170431388887808,5.0,51399.82813116557
27.0,50.0,2460.119776956776,-2.344611432675749,1.4329177759175018,5.0,42173.4818906876
28.0,1.0,2141.481696007781,-2.203233931048856,1.7639639972260306,5.0,36711.114788704814
28.0,2.0,1825.2636073199003,-2.4736244159286787,1.0,5.0,31290.23326834115
28.0,3.0,1791.089012233783,-1.5162153505044222,1.0,5.0,30704.38306686485
28.0,4.0,1792.5834606562237,-2.4736244159286787,1.0,5.0,30730.00218267812
28.0,5.0,2474.5432563830955,-3.015898332208328,1.861120169042481,5.0,42420.74153799593
28.0,6.0,2182.593090844573,-3.256178648547777,1.0,5.0,37415.881557335546
28.0,7.0,2806.051044071957,-2.5582860509580048,1.7796475429571867,5.0,48103.732184090695
28.0,8.0,2933.77607899791,-2.690291710134459,1.7458787488815402,5.0,50293.30421139275
28.0,9.0,2806.677946559537,-2.5582927599818714,1.7794737066411264,5.0,48114.47908387777
28.0,10.0,2888.140424854436,-2.6898470795346423,1.75764645947554,5.0,49510.978711790325
28.0,11.0,3364.787177097961,-2.252853930482487,1.8247615869151972,5.0,57682.0658931079
28.0,12.0,2511.194252505229,-2.252341977561272,1.862052316296944,5.0,43049.04432866108
28.0,13.0,2595.061741136895,-2.32685393289376,1.8342297406464776,5.0,44486.77270520391
28.0,14.0,1305.4873698981332,-2.115637357433962,1.0,5.0,22379.783483968
28.0,15.0,1403.999307761583,-0.8565342875924904,1.0,5.0,24068.55956162714
28.0,16.0,1284.6363623385614,-2.115637357433962,1.0,5.0,22022.337640089627
28.0,17.0,3368.2529503945366,-2.252838929946252,1.8238952568618565,5.0,57741.47914962063
28.0,18.0,2514.1772324753774,-2.2524904013404905,1.8610295426347208,5.0,43100.18112814933
28.0,19.0,1994.3186630820296,-1.7569176175875716,2.0923993754909693,5.0,34188.31993854908
28.0,20.0,1699.1622321714497,-1.629051069584892,1.6447389600045683,5.0,29128.495408653424
28.0,21.0,1642.5888542321427,-3.426263135129493,1.0,5.0,28158.666072551016
28.0,22.0,1050.7162344603885,-1.0088560730700835,1.0,5.0,18012.278305035234
28.0,23.0,1583.035277835853,-1.305176974918151,1.6727742860607753,5.0,27137.7476200432
28.0,24.0,1764.081375763611,-1.4876354200007211,1.773526924927558,5.0,30241.39501309048
28.0,25.0,1329.5698328382032,-1.0630257554136724,1.407628155767569,5.0,22792.62570579777
28.0,26.0,1612.8424325079957,-0.7313987322324876,1.0,5.0,27648.72741442278
28.0,27.0,1194.5942067982835,-0.6105931877820272,1.0,5.0,20478.75783082772
28.0,28.0,305.6756704714014,-0.0578931192870447,0.0,0.0,5240.15435093831
28.0,29.0,611.3513409428028,-1.0775298610072357,1.0,5.0,10480.30870187662
28.0,30.0,905.359971677654,-0.2632168016862133,1.0,5.0,15520.456657331211
28.0,31.0,888.7057721076109,-2.5690364745647,1.0,5.0,15234.95609327333
28.0,32.0,848.3742851969731,-0.6313419984833911,1.0,5.0,14543.559174805254
28.0,33.0,862.2485072870202,-2.5690364745647,1.0,5.0,14781.402982063204
28.0,34.0,1134.8540687081615,-0.5701510367247554,1.0,5.0,19454.6411778542
28.0,35.0,2071.1730469806007,-1.7670525880180972,1.0,5.0,35505.823662524585
28.0,36.0,1142.3973364554588,-2.308991344033929,1.0,5.0,19583.95433923644
28.0,37.0,2211.828826479338,-2.387628448830652,1.7162169331541983,5.0,37917.065596788656
28.0,38.0,1856.149414175894,-1.0069171047618413,1.0,5.0,31819.704243015327
28.0,39.0,1375.6949292718768,-1.0639240432012316,1.3938748048159888,5.0,23583.341644660748
28.0,40.0,1586.9182142742343,-1.311718676417786,1.671126921877025,5.0,27204.312244701163
28.0,41.0,2510.781979497041,-1.3229074590084222,0.9999999999999998,5.0,43041.97679137785
28.0,42.0,1191.332276447327,-0.3328201883963215,0.9999999999999998,5.0,20422.83902481133
28.0,43.0,1450.0769347659475,-0.4574064680469468,1.0,5.0,24858.461738844817
28.0,44.0,1192.9471351132256,-0.3328201883963215,1.0,5.0,20450.522316226725
28.0,45.0,2237.3150659094326,-0.9153789138681936,1.0000000000000002,5.0,38353.97255844742
28.0,46.0,1466.8549647744649,-0.8889591984303102,1.0,5.0,25146.0851104194
28.0,47.0,2012.0795883438643,-1.7025624945736888,1.0,5.0,34492.79294303768
28.0,48.0,1728.8362320607564,-1.3320663713735288,1.0,5.0,29637.19254961297
28.0,49.0,2762.888063832249,-1.3577181814748045,1.0,5.0,47363.795379981406
28.0,50.0,2215.5836176111707,-1.8655497033428197,0.9999999999999998,5.0,37981.43344476293
29.0,1.0,1871.7815057133007,-2.312789649864662,1.0000000000000002,5.0,32087.68295508516
29.0,2.0,1537.929674077798,-2.256514898734255,1.0,5.0,26364.508698476537
29.0,3.0,1551.500026924066,-2.327914382314032,1.0,5.0,26597.143318698272
29.0,4.0,1505.249527414121,-2.256514898734255,1.0,5.0,25804.277612813505
29.0,5.0,2182.669169530416,-3.2567385670897115,1.0,5.0,37417.18576337856
29.0,6.0,1895.2591576024715,-3.1375034225891865,1.0,5.0,32490.156987470946
29.0,7.0,2545.4581262907705,-2.7973290427067474,1.6499474480074778,5.0,43636.42502212749
29.0,8.0,2672.666163835022,-2.906613368324982,1.618834322057907,5.0,45817.134237171806
29.0,9.0,2546.085630356972,-2.7973180723892623,1.649786520564688,5.0,43647.18223469095
29.0,10.0,2626.989390787749,-2.907326874546103,1.629642907120696,5.0,45034.10384207571
29.0,11.0,2806.2735641712875,-2.8744857279185574,1.0,5.0,48107.54681436493
29.0,12.0,2226.092212311391,-2.53915531866212,1.0,5.0,38161.58078248099
29.0,13.0,2309.96039420743,-2.5876683189318666,0.9999999999999998,5.0,39599.32104355594
29.0,14.0,1018.1534366560315,-1.8970582204854216,1.0,5.0,17454.0589141034
29.0,15.0,1164.4103224518665,-2.002565076033056,1.0,5.0,19961.319813460566
29.0,16.0,997.3024290964596,-1.8970582204854216,1.0,5.0,17096.613070225023
29.0,17.0,2809.7252718176906,-2.8744857279185574,1.0,5.0,48166.71894544612
29.0,18.0,2229.074695689703,-2.53915531866212,1.0,5.0,38212.70906896634
29.0,19.0,1734.650001302921,-2.431482255205619,1.0,5.0,29736.85716519293
29.0,20.0,1450.0774396108118,-2.2019769658000525,1.0,5.0,24858.4703933282
29.0,21.0,2399.5852901161893,-3.602212126546028,1.8531884247505497,5.0,41135.74783056325
29.0,22.0,1828.8933302192097,-1.9165155773728535,1.575390890735984,5.0,31352.45708947217
29.0,23.0,1294.7033382084655,-1.9750232001288048,1.0000000000000002,5.0,22194.91436928798
29.0,24.0,1475.7554038711642,-2.1236581078044114,1.2030295099030728,5.0,25298.664066362817
29.0,25.0,1572.466450819488,-2.076379798874152,1.0,5.0,26956.56772833408
29.0,26.0,1324.2971781037284,-1.764763311737851,1.0,5.0,22702.23733892105
29.0,27.0,1972.818454423788,-1.7011280521351184,1.533373118694367,5.0,33819.74493297922
29.0,28.0,1115.8055733590015,-1.6852671124160024,1.0,5.0,19128.09554329717
29.0,29.0,287.45728702245924,-0.0544426678834371,0.0,0.0,4927.839206099302
29.0,30.0,1683.491850053873,-1.5289233870222332,1.6251441614186046,5.0,28859.86028663782
29.0,31.0,601.3718388655092,-2.8846743453785555,1.0,5.0,10309.23152340873
29.0,32.0,1626.4887915083557,-1.7052708536701917,1.647079713844866,5.0,27882.664997286098
29.0,33.0,574.9145740449185,-2.8846743453785555,1.0000000000000002,5.0,9855.678412198604
29.0,34.0,1886.9277860606808,-1.766825496675412,2.095145306345697,5.0,32347.33347532596
29.0,35.0,2849.605200614431,-2.489984372993385,1.3691408295655532,5.0,48850.37486767597
29.0,36.0,855.063403213357,-2.2417907224709936,1.0000000000000002,5.0,14658.229769371834
29.0,37.0,2918.5493177461376,-3.0738770000717204,2.2793637126471213,5.0,50032.27401850522
29.0,38.0,1550.1737973610566,-2.2691495212773667,1.6273882859632791,5.0,26574.407954760973
29.0,39.0,1618.8306822634795,-2.076379798874152,1.0000000000000002,5.0,27751.383124516797
29.0,40.0,1298.5872391903183,-1.975513179904584,1.0000000000000002,5.0,22261.495528976888
29.0,41.0,2905.8919545914337,-2.377294866170947,1.8945110613769,5.0,49815.290650138864
29.0,42.0,1969.5540432233809,-1.5437139934878157,1.534257625325232,5.0,33763.7835981151
29.0,43.0,2228.369053012091,-1.5999863283142748,1.4721497885312125,5.0,38200.61233735014
29.0,44.0,1971.169555079936,-1.5436988132845215,1.5338193730946774,5.0,33791.47808708462
29.0,45.0,3015.778511854138,-1.8778890729109423,1.3487856748708598,5.0,51699.06020321379
29.0,46.0,2245.153901041562,-1.8686235399234663,1.4686172779269842,5.0,38488.35258928392
29.0,47.0,2790.502448159774,-2.436940427276834,1.3769657073146673,5.0,47837.18482559612
29.0,48.0,2507.1980314179323,-2.165505513262808,1.419598061618112,5.0,42980.53768145027
29.0,49.0,3541.4368431085577,-2.198391789616998,1.2969814529980597,5.0,60710.345881860994
29.0,50.0,2994.043299914098,-2.5698488968890905,1.3513196005741883,5.0,51326.45656995597
30.0,1.0,1556.6433166090474,-1.7947665101207546,1.0000000000000002,5.0,26685.31399901224
30.0,2.0,2381.212134850947,-2.776497012931784,1.4545977350532655,5.0,40820.77945458767
30.0,3.0,1217.1720333660696,-1.3894138181824869,1.0,5.0,20865.80628627548
30.0,4.0,2348.5414609598724,-2.77653574008203,1.4609168970585975,5.0,40260.7107593121
30.0,5.0,1903.176150081839,-2.7682078153463863,1.0,5.0,32625.87685854581
30.0,6.0,2738.489434137189,-3.43855222961927,1.3953344533840797,5.0,46945.53315663752
30.0,7.0,2215.715987859568,-2.217077869566754,1.984805612524652,5.0,37983.702649021165
30.0,8.0,2342.6997836975474,-2.357029987511225,1.931439885572506,5.0,40160.56772052938
30.0,9.0,2216.341664598696,-2.217073364189172,1.9845277512822093,5.0,37994.42853597765
30.0,10.0,2297.1498646856016,-2.3573218113498147,1.9498984022103336,5.0,39379.711966038885
30.0,11.0,2810.072900685779,-1.962556723267439,1.999895202440457,5.0,48172.6782974705
30.0,12.0,1926.5370601096656,-1.838685454212185,1.8222722917197105,5.0,33026.34960187998
30.0,13.0,2010.246818227707,-1.9209806419981967,1.787875066160056,5.0,34461.37402676069
30.0,14.0,1845.5904814327448,-2.198757802599641,1.5913407929477494,5.0,31638.69396741848
30.0,15.0,830.0823288938698,-0.6259351879793168,1.0,5.0,14229.982781037766
30.0,16.0,1824.746809358712,-2.1989133844469007,1.598087334775403,5.0,31281.37387472077
30.0,17.0,2813.5486037809105,-1.9625271060898224,1.998617118685922,5.0,48232.26177910132
30.0,18.0,1929.5214304832289,-1.8386521247373424,1.820997645981304,5.0,33077.51023685536
30.0,19.0,1414.125216101669,-1.3115237513275688,1.7617825548583368,5.0,24242.14656174289
30.0,20.0,1115.7494460528155,-1.1340253356539305,1.0,5.0,19127.13336090541
30.0,21.0,1815.6668846158457,-3.312396820598836,1.0,5.0,31125.71802198593
30.0,22.0,1619.2000066353894,-1.232373378116434,1.6650598197688564,5.0,27757.71439946382
30.0,23.0,2160.5217648645853,-1.176190808372325,1.0,5.0,37037.515969107175
30.0,24.0,2341.573824214216,-1.3968554665273007,1.1279574635447158,5.0,40141.265557958
30.0,25.0,1911.8340325529168,-1.165670910393541,1.270618119753275,5.0,32774.29770090714
30.0,26.0,2190.1156047598483,-1.039028544498546,1.0,5.0,37544.83893874026
30.0,27.0,620.6772279305701,-0.4185243889663082,1.0,5.0,10640.181050238343
30.0,28.0,890.1125744262071,-1.0735198774358097,1.0,5.0,15259.072704449263
30.0,29.0,1160.1243409429148,-1.4901296577771908,1.0,5.0,19887.84584473568
30.0,30.0,308.70764878980697,-0.0584673576037301,0.0,0.0,5292.131122110977
30.0,31.0,1437.4787721077228,-2.440082776930651,1.0,5.0,24642.493236132388
30.0,32.0,1425.6474574488257,-0.6613095530258959,1.0,5.0,24439.67069912273
30.0,33.0,1411.0215072871322,-2.440082776930651,1.0000000000000002,5.0,24188.94012492227
30.0,34.0,1712.1272409600144,-0.7744327909576431,1.0,5.0,29350.752702171678
30.0,35.0,1497.2560681128875,-1.615611321789425,1.0,5.0,25667.24688193521
30.0,36.0,1691.1703364555706,-2.4202203178344712,1.0000000000000002,5.0,28991.4914820955
30.0,37.0,1726.5073165295544,-1.7214853925197862,1.0,5.0,29597.268283363792
30.0,38.0,2433.422586427747,-1.2923673632418489,1.0,5.0,41715.8157673328
30.0,39.0,1958.3102525427855,-1.1654318624403637,1.2640817033076803,5.0,33571.032900733466
30.0,40.0,2164.4056658464383,-1.183928275797535,1.0,5.0,37104.097128796086
30.0,41.0,1936.865000629328,-0.8960676493828134,1.0000000000000002,5.0,33203.40001078848
30.0,42.0,617.4152975796139,0.2240655358207894,1.0,5.0,10584.262244221954
30.0,43.0,876.159955898234,0.1305378189907201,1.0,5.0,15019.88495825544
30.0,44.0,619.0301562455123,0.2240655358207894,1.0,5.0,10611.945535637356
30.0,45.0,1663.39808704172,-0.3876971118913646,1.0,5.0,28515.39577785805
30.0,46.0,892.9379859067517,-0.649356244947239,1.0000000000000002,5.0,15307.508329830029
30.0,47.0,1438.162609476151,-1.5749339203857495,1.0,5.0,24654.2161624483
30.0,48.0,1154.9192531930428,-1.1793749248121834,1.0,5.0,19798.615769023592
30.0,49.0,2188.971084964536,-0.9065490725670602,1.0,5.0,37525.21859939205
30.0,50.0,1641.6666387434568,-1.6945538484955571,1.0,5.0,28142.856664173545
31.0,1.0,2574.745898691428,-2.571116075190002,1.3530593929777968,5.0,44138.50112042447
31.0,2.0,2242.9453155116207,-2.436768755675651,1.408254974640201,5.0,38450.49112305636
31.0,3.0,2291.5847684967407,-1.6032275515347996,1.0,5.0,39284.31031708699
31.0,4.0,2210.027064244634,-2.4381601574116494,1.4146008335222553,5.0,37886.178244193725
31.0,5.0,2953.9249218223754,-2.924921180461276,1.7153726407743302,5.0,50638.71294552644
31.0,6.0,2599.730009185301,-3.157030187552296,1.349734699671536,5.0,44566.80015746231
31.0,7.0,3290.3455350066884,-2.59596131701344,1.6597888223017456,5.0,56405.92345725752
31.0,8.0,3417.58149482733,-2.728023910944484,1.635242720481593,5.0,58587.11133989709
31.0,9.0,3290.9719128058414,-2.595965058008596,1.659663261336923,5.0,56416.66136238586
31.0,10.0,3371.982746261131,-2.727773238284553,1.643832058692254,5.0,57805.41850733367
31.0,11.0,3856.5907157627703,-2.639002477202423,1.999726559269295,5.0,66112.98369879035
31.0,12.0,2994.70005913005,-2.2949390493682413,1.7170401251781504,5.0,51337.71529937228
31.0,13.0,3078.198492236247,-2.3887817672585325,1.697496572980005,5.0,52769.11700976423
31.0,14.0,1721.1383647825255,-2.047136508858981,1.5493478465845476,5.0,29505.229110557582
31.0,15.0,1883.531222091785,-1.5008155304553707,1.8190212108565489,5.0,32289.106664430605
31.0,16.0,1700.2096483628018,-2.047788696224688,1.5563800293337515,5.0,29146.451114790885
31.0,17.0,3860.064231985833,-2.638924708691672,1.9987776354164863,5.0,66172.5296911857
31.0,18.0,2997.680628254444,-2.2949671682205786,1.7163263626523018,5.0,51388.81077007618
31.0,19.0,2466.557914822235,-2.017988041551568,1.8582507342956411,5.0,42283.84996838117
31.0,20.0,2165.871581431038,-1.821291306885056,1.7045778099824935,5.0,37129.22711024637
31.0,21.0,2114.9735957484863,-3.088097446928452,1.474659323031435,5.0,36256.6902128312
31.0,22.0,1551.2119907233466,-0.953580930105818,1.0,5.0,26592.205555257373
31.0,23.0,1014.7145527658392,-0.8433422353892129,1.0,5.0,17395.106618842958
31.0,24.0,1195.7666260703963,-1.1357277726893007,1.2505689006289018,5.0,20498.85644692108
31.0,25.0,1292.4776653768613,-1.1288432406698354,1.0000000000000002,5.0,22156.75997788905
31.0,26.0,1044.308392661102,-0.5556810970163603,1.0,5.0,17902.429588476036
31.0,27.0,1695.0899630612412,-0.7407825161599991,1.0,5.0,29058.68508104985
31.0,28.0,1892.057672283121,-1.6398022241112595,2.076089446014993,5.0,32435.27438199636
31.0,29.0,1065.1375137906243,-0.2419536694491758,1.0,5.0,18259.500236410702
31.0,30.0,1405.8557279406116,-0.3973131615657293,1.0,5.0,24100.38390755334
31.0,31.0,287.5373088853654,-0.054457823539259,0.0,0.0,4929.211009463406
31.0,32.0,1348.8700414599305,-0.5762163144342258,1.0,5.0,23123.48642502738
31.0,33.0,1260.1833868366111,-1.887227087210109,1.7609382863828076,5.0,21603.143774341905
31.0,34.0,1601.2240192292272,-0.830491146655754,1.6398723403814262,5.0,27449.55461535818
31.0,35.0,2571.668803243558,-1.8609292571233655,0.9999999999999998,5.0,44085.75091274671
31.0,36.0,575.0746177707308,-0.3743635648232201,1.0,5.0,9858.422018926813
31.0,37.0,2657.2782810432727,-2.485305395552744,1.9933044647409253,5.0,45553.34196074182
31.0,38.0,1274.6232219171836,-1.2847112661184776,1.766566375371306,5.0,21850.68380429457
31.0,39.0,1338.8418968208532,-1.1288432406698354,1.0000000000000002,5.0,22951.57537407177
31.0,40.0,1018.598453747692,-0.8500137924270038,1.0,5.0,17461.68777853186
31.0,41.0,3011.27773576,-1.563082238683835,0.9999999999999998,5.0,51621.904041599984
31.0,42.0,1691.8280327102848,-0.5559562690878012,1.0,5.0,29002.766275033453
31.0,43.0,1950.5726910289052,-0.7169085728638518,0.9999999999999998,5.0,33438.388989066945
31.0,44.0,1693.4428913761835,-0.5559562690878012,0.9999999999999998,5.0,29030.44956644886
31.0,45.0,2737.8108221723905,-1.1989992003167729,1.0,5.0,46933.89980866956
31.0,46.0,1967.3507210374223,-1.0275007842046526,1.0,5.0,33726.01236064153
31.0,47.0,2512.575344606822,-1.7866120463201094,1.0,5.0,43072.72019325981
31.0,48.0,2229.3319883237145,-1.4328270089401915,1.0,5.0,38217.11979983511
31.0,49.0,3263.3838200952077,-1.6184780618505854,1.0,5.0,55943.72263020355
31.0,50.0,2716.0793738741286,-1.9679023747401017,0.9999999999999996,5.0,46561.360694985065
32.0,1.0,2664.922986809784,-2.2903871277926724,1.0,5.0,45684.39405959629
32.0,2.0,2331.071155174281,-2.0961826781067368,1.0,5.0,39961.21980298768
32.0,3.0,2343.6061435033,-1.5170436939055827,1.0,5.0,40176.10531719943
32.0,4.0,2298.391008510604,-2.0961826781067368,1.0,5.0,39400.98871732464
32.0,5.0,2975.8106506268987,-3.0619473417580085,1.0,5.0,51013.89686788969
32.0,6.0,2688.400638698954,-2.855522206262872,1.0,5.0,46086.86809198207
32.0,7.0,3342.405411185008,-2.5366059937066123,1.6495186703356626,5.0,57298.378477457285
32.0,8.0,3469.6386654014536,-2.6715024912895204,1.6257170023946352,5.0,59479.51997831063
32.0,9.0,3343.031786265672,-2.5366096106704896,1.649396987530495,5.0,57309.116335982944
32.0,10.0,3424.0401061842263,-2.6712598905035945,1.6340489799621976,5.0,58697.83039172959
32.0,11.0,3913.8014943182447,-2.493194156465528,1.8617244675566116,5.0,67093.73990259848
32.0,12.0,3045.121054269707,-2.250177271405015,1.7056359551962297,5.0,52202.07521605212
32.0,13.0,3128.508179243669,-2.348660111131923,1.6867755649839584,5.0,53631.56878703432
32.0,14.0,1811.2949177525147,-1.5221445880710862,1.0,5.0,31050.770018614538
32.0,15.0,1956.7642439572544,-1.1469597517912713,1.5500562063237582,5.0,33544.52989641008
32.0,16.0,1790.443910192943,-1.5221445880710862,1.0,5.0,30693.32417473616
32.0,17.0,3917.2656702636937,-2.4931577302187646,1.860943941520261,5.0,67153.12577594904
32.0,18.0,3048.0975558796995,-2.2502613000822738,1.704947503005371,5.0,52253.100957937706
32.0,19.0,2543.595847792162,-1.742814640991748,1.6472274369639806,5.0,43604.50024786564
32.0,20.0,2242.435884540189,-1.5057634172327603,1.4800017519865274,5.0,38441.75802068896
32.0,21.0,1133.3187796635812,-4.1050289560231885,1.0,5.0,19428.32193708996
32.0,22.0,541.4461598918267,-0.7868557824422756,1.0,5.0,9281.934169574171
32.0,23.0,1073.9785180441704,-0.3102034170704276,1.0,5.0,18411.060309328637
32.0,24.0,1255.0305892212375,-0.6709110370870637,1.2387367473439836,5.0,21514.810100935498
32.0,25.0,844.2781017975008,-0.5603868991794771,1.6624548956754226,5.0,14473.338887957156
32.0,26.0,1103.5723579394337,-0.0296466632873654,1.0,5.0,18918.38327896172
32.0,27.0,1747.1113380678005,-0.6189521131080441,1.0,5.0,29950.48008116229
32.0,28.0,1963.615907606255,-1.297274319353548,1.5517022484797027,5.0,33661.9869875358
32.0,29.0,1117.158888797184,-0.0208026498091643,1.0,5.0,19151.295236523158
32.0,30.0,1457.8771029471714,-0.247893338756287,1.0,5.0,24992.178907665795
32.0,31.0,1394.513319961992,-1.3212364437963409,1.0,5.0,23905.942627919863
32.0,32.0,270.72307994591336,-0.0512733104891684,0.0,0.0,4640.967084787087
32.0,33.0,1368.0560551414012,-1.3212364437963409,1.0,5.0,23452.389516709733
32.0,34.0,625.5839941395994,0.2150538784792807,1.0,5.0,10724.297042393133
32.0,35.0,2449.703986910991,-2.330429269981849,1.8224677550701016,5.0,41994.9254899027
32.0,36.0,1553.9784810420826,-0.4943805778389844,1.0,5.0,26639.63110357856
32.0,37.0,1741.9364258935618,-2.511934775492977,1.37802566260376,5.0,29861.76730103249
32.0,38.0,1346.879339607332,-0.4157929149863955,1.0,5.0,23089.360107554265
32.0,39.0,890.397230425124,-0.5624640607995242,1.626648588536178,5.0,15263.952521573556
32.0,40.0,1077.8624190260232,-0.3214695110288584,1.0,5.0,18477.64146901754
32.0,41.0,3063.299110766559,-1.5112633170307863,0.9999999999999998,5.0,52513.69904171244
32.0,42.0,1743.8494077168443,-0.440690885965728,1.0,5.0,29894.561275145905
32.0,43.0,2002.594066035465,-0.6237620030006218,0.9999999999999998,5.0,34330.1839891794
32.0,44.0,1745.4642663827428,-0.440690885965728,1.0,5.0,29922.244566561305
32.0,45.0,2789.83219717895,-1.1428233528930225,1.0,5.0,47825.694808782006
32.0,46.0,2019.3720960439823,-0.925567083619852,1.0,5.0,34617.80736075398
32.0,47.0,2512.6847118683586,-2.1783625162186784,1.7138239645930224,5.0,43074.59506060043
32.0,48.0,2281.353363330273,-1.3426492441358908,1.0,5.0,39108.91479994754
32.0,49.0,3041.891787062006,-1.8822466118127144,1.8868488133421728,5.0,52146.71634963439
32.0,50.0,2578.5948211361474,-2.080107509422429,1.8851646085599287,5.0,44204.48264804824
33.0,1.0,2548.412984900562,-2.5600584284152714,1.3568826728562189,5.0,43687.0797411525
33.0,2.0,2216.686168317055,-2.4273145222586807,1.4133772904470012,5.0,38000.33431400666
33.0,3.0,2265.12750367615,-1.5822291844592626,1.0,5.0,38830.75720587686
33.0,4.0,2183.764858292444,-2.4287517224721222,1.4198848488160023,5.0,37435.96899929904
33.0,5.0,2927.597880136267,-2.913850787097529,1.721809724850104,5.0,50187.39223090744
33.0,6.0,2573.4258867305443,-3.15238241345597,1.3534858684303868,5.0,44115.87234395219
33.0,7.0,3263.867217685933,-2.580633945541802,1.6651376666300064,5.0,55952.00944604457
33.0,8.0,3391.104686896489,-2.7132871544824524,1.6401994847652903,5.0,58133.223203939815
33.0,9.0,3264.4935968864065,-2.580637754168668,1.6650100617749322,5.0,55962.74737519554
33.0,10.0,3345.505840646276,-2.7130320871299527,1.6489243116138144,5.0,57351.5286967933
33.0,11.0,3830.983033126008,-2.6227635492110988,2.007060910482475,5.0,65673.99485358871
33.0,12.0,2968.319875587101,-2.2777871762362483,1.7234346643797112,5.0,50885.48358149316
33.0,13.0,3051.812540602692,-2.3719817211003136,1.7035457978518276,5.0,52316.78641033186
33.0,14.0,1695.3220629527764,-2.037536350640864,1.558301695033661,5.0,29062.66393633331
33.0,15.0,1857.516420614175,-1.480650661225014,1.8315332493656944,5.0,31843.138639100147
33.0,16.0,1674.3922279044484,-2.0382177735049014,1.565567191806905,5.0,28703.866764076254
33.0,17.0,3834.456730405822,-2.622684401385614,2.0060978913462204,5.0,65733.54394981409
33.0,18.0,2971.300429951363,-2.277815828290205,1.7227081202585564,5.0,50936.57879916622
33.0,19.0,2440.4709952158955,-2.001052323148585,1.8680955807975343,5.0,41836.6456322725
33.0,20.0,2139.7751398026826,-1.804093583562915,1.7138139826280383,5.0,36681.85953947456
33.0,21.0,2088.4828855580304,-3.088827873459337,1.4807916868346314,5.0,35802.56375242338
33.0,22.0,1524.7547259027556,-0.9274954163368814,1.0,5.0,26138.65244404724
33.0,23.0,988.2572879452488,-0.8210402050437946,1.0,5.0,16941.553507632834
33.0,24.0,1169.3093623181503,-1.118386525279951,1.256238376708117,5.0,20045.30335402544
33.0,25.0,1266.020400556271,-1.108996443799112,0.9999999999999998,5.0,21703.20686667893
33.0,26.0,1017.8511278405116,-0.5251124581689348,1.0,5.0,17448.87647726591
33.0,27.0,1668.6326982406504,-0.7101792369799572,1.0,5.0,28605.13196983972
33.0,28.0,1866.392073278161,-1.621427689896275,2.0919229952761493,5.0,31995.292684768472
33.0,29.0,1038.6802489700335,-0.2019970310634625,1.0,5.0,17805.94712520058
33.0,30.0,1379.3984631200212,-0.3607429944496683,1.0,5.0,23646.830796343223
33.0,31.0,1261.363276940123,-1.8855542927931497,1.7609382863828076,5.0,21623.37046183068
33.0,32.0,1322.41277663934,-0.5438647045628648,1.0,5.0,22669.93331381725
33.0,33.0,274.30867647507006,-0.0519524007394901,0.0,0.0,4702.434453858344
33.0,34.0,1574.8329712374891,-0.802114570080668,1.6507471126616369,5.0,26997.13664978553
33.0,35.0,2545.211538422968,-1.8416360747501237,1.0000000000000002,5.0,43632.19780153658
33.0,36.0,548.6173529501401,-0.349960188254343,1.0,5.0,9404.868907716687
33.0,37.0,2632.1049867414117,-2.4728329688412383,2.0042949292411065,5.0,45121.79977270991
33.0,38.0,1248.4783950427757,-1.268514492060004,1.78363156340427,5.0,21402.48677216187
33.0,39.0,1312.3846320002626,-1.108996443799112,1.0,5.0,22498.022262861643
33.0,40.0,992.1411889271014,-0.8277403084251614,1.0,5.0,17008.13466732174
33.0,41.0,2984.820470939409,-1.5395952223736276,0.9999999999999996,5.0,51168.35093038986
33.0,42.0,1665.3707678896942,-0.5220626738116284,1.0,5.0,28549.21316382333
33.0,43.0,1924.1154262083144,-0.6852378325797696,0.9999999999999998,5.0,32984.83587785682
33.0,44.0,1666.9856265555927,-0.5220626738116284,0.9999999999999998,5.0,28576.89645523873
33.0,45.0,2711.3535573517997,-1.172311690650779,1.0,5.0,46480.34669745941
33.0,46.0,1940.893456216832,-1.000501826670874,1.0,5.0,33272.459249431406
33.0,47.0,2486.118079786231,-1.766992937306815,1.0,5.0,42619.16708204967
33.0,48.0,2202.874723503123,-1.4102451874956392,1.0,5.0,37763.56668862497
33.0,49.0,3236.9265552746165,-1.5951179127771813,1.0,5.0,55490.16951899343
33.0,50.0,2689.622109053537,-1.9491243059348635,0.9999999999999998,5.0,46107.80758377491
34.0,1.0,2394.0678309787254,-2.2634131062811846,1.0,5.0,41041.16281677815
34.0,2.0,2060.2159993432224,-2.094222968428907,1.0,5.0,35317.98856016953
34.0,3.0,2072.750987672241,-1.427444384903428,1.0000000000000002,5.0,35532.87407438129
34.0,4.0,2027.5358526795455,-2.094222968428907,1.0,5.0,34757.7574745065
34.0,5.0,2704.95549479584,-3.087181418859564,1.0,5.0,46370.665625071546
34.0,6.0,2417.545482867896,-2.8966207181183625,1.0,5.0,41443.63684916392
34.0,7.0,3071.328368929887,-2.4693624771548155,1.7068015570066963,5.0,52651.34346736949
34.0,8.0,3198.5778413505186,-2.606454568071176,1.67870725353246,5.0,54832.76299458032
34.0,9.0,3071.954758839547,-2.469366830938541,1.7066574668653889,5.0,52662.08158010652
34.0,10.0,3152.978248053702,-2.6061641936513,1.6885212897996866,5.0,54051.0556809206
34.0,11.0,3650.492504913952,-2.394160937711689,1.9277556257446424,5.0,62579.87151281062
34.0,12.0,2775.5101591529697,-2.1689355410072992,1.7743099529099429,5.0,47580.17415690805
34.0,13.0,2858.823475648665,-2.266709378012286,1.7516586376780086,5.0,49008.4024396914
34.0,14.0,1540.4397619214558,-1.537601164423951,1.0,5.0,26407.538775796387
34.0,15.0,1685.8985340582094,-1.0667281550884518,1.6383968426109463,5.0,28901.117726712164
34.0,16.0,1519.5887543618835,-1.537601164423951,1.0,5.0,26050.092931918007
34.0,17.0,3653.958712818362,-2.394116821867659,1.9268501109397165,5.0,62639.29221974335
34.0,18.0,2778.486200578802,-2.169037999131453,1.7734810498587903,5.0,47631.19200992232
34.0,19.0,2272.914682743023,-1.6694286673779632,1.72475707800227,5.0,38964.25170416611
34.0,20.0,1971.574119538945,-1.4419907827760214,1.545924987261658,5.0,33798.413477810485
34.0,21.0,1380.052678319531,-3.4370280719067354,1.0,5.0,23658.0459140491
34.0,22.0,1332.3782098988472,-0.7312234730350681,1.0,5.0,22840.769312551667
34.0,23.0,803.1233622131118,-0.2603834656405801,1.0,5.0,13767.829066510489
34.0,24.0,984.1754468308012,-0.6709510615335494,1.304439587883699,5.0,16871.57908852802
34.0,25.0,615.4586985177324,-0.1218773044039959,1.0000000000000002,5.0,10550.72054601827
34.0,26.0,832.7172021083749,0.1201816633871535,1.0,5.0,14275.152036143569
34.0,27.0,1476.256182236742,-0.47552798491979,1.0000000000000002,5.0,25307.24883834415
34.0,28.0,1697.3183115338693,-1.2294797293195412,1.6383861649422131,5.0,29096.88534058062
34.0,29.0,846.3037329661255,0.1268972237808279,1.0,5.0,14508.063993705007
34.0,30.0,1187.0219471161126,-0.0719274900897614,1.0,5.0,20348.947664847645
34.0,31.0,1123.6581641309335,-1.4609004352215642,1.0,5.0,19262.71138510172
34.0,32.0,1130.0362606354315,-0.2917103560959243,1.0,5.0,19372.050182321687
34.0,33.0,1097.2008993103427,-1.4609004352215642,1.0,5.0,18809.15827389159
34.0,34.0,307.7293492588662,-0.0582820736020434,0.0,0.0,5275.360273009135
34.0,35.0,2265.549556710606,-2.160890188492446,1.7924482014366223,5.0,38837.99240075324
34.0,36.0,1283.1233252110237,-0.3631854678518813,1.0,5.0,21996.399860760404
34.0,37.0,2011.5685836002235,-2.124428824897183,1.641672544401864,5.0,34484.03286171812
34.0,38.0,1076.0241837762735,-0.303766855031396,1.0,5.0,18446.12886473612
34.0,39.0,661.8229299617242,-0.1218773044039959,1.0000000000000002,5.0,11345.535942200986
34.0,40.0,807.0072631949647,-0.2717070140297178,0.9999999999999998,5.0,13834.410226199394
34.0,41.0,2792.4439549355,-1.3646241280063889,0.9999999999999998,5.0,47870.46779889429
34.0,42.0,1472.994251885786,-0.2594757557985346,1.0,5.0,25251.33003232776
34.0,43.0,1731.738910204406,-0.4428040644683967,1.0,5.0,29686.952746361247
34.0,44.0,1474.6091105516846,-0.2594757557985346,1.0,5.0,25279.01332374316
34.0,45.0,2518.977041347892,-0.971894589661088,1.0,5.0,43182.46356596385
34.0,46.0,1748.5169402129236,-0.7967832394598269,1.0,5.0,29974.57611793583
34.0,47.0,2293.741563782323,-1.623067157282042,1.0,5.0,39321.283950554105
34.0,48.0,2010.4982074992151,-1.242762668652735,1.0,5.0,34465.6835571294
34.0,49.0,2941.360447258296,-1.7497098621445848,1.8850940230214197,5.0,50423.32195299936
34.0,50.0,2517.71915298356,-1.9924400754864664,1.8812408352130623,5.0,43160.899765432456
35.0,1.0,1902.2636420971628,-1.9488087907513376,1.0000000000000002,5.0,32610.233864522797
35.0,2.0,2672.780137438008,-2.182043336015303,1.0,5.0,45819.08807036585
35.0,3.0,1562.7923588541855,-1.5692956430046296,1.0,5.0,26790.726151786035
35.0,4.0,2640.0999907743308,-2.182043336015303,1.0000000000000002,5.0,45258.85698470281
35.0,5.0,2248.796475569955,-2.8048321052150964,1.0,5.0,38550.79672405637
35.0,6.0,3030.109620962681,-2.8861418765200444,1.0,5.0,51944.73635936025
35.0,7.0,2558.7663519909097,-2.400175192840913,1.853914436545582,5.0,43864.56603412988
35.0,8.0,2685.715986341194,-2.534636452654893,1.8135799148379967,5.0,46040.845480134754
35.0,9.0,2559.3919078736094,-2.4001756032178063,1.853705950899695,5.0,43875.28984926188
35.0,10.0,2640.1748958202343,-2.5346096949481645,1.8275980589114251,5.0,45260.141071204016
35.0,11.0,3145.2269342871305,-2.1998722303737197,1.8864515218096505,5.0,53918.17601635081
35.0,12.0,2271.910391595483,-2.032450613787759,1.6968914337196457,5.0,38947.03528449399
35.0,13.0,2355.6730367155747,-2.1171933934669247,1.6720259568325724,5.0,40382.96634369557
35.0,14.0,2153.003900016241,-1.6208442499699764,1.0,5.0,36908.63828599271
35.0,15.0,1175.7026543819857,-0.9205442372921776,1.0,5.0,20154.90264654833
35.0,16.0,2132.152892456669,-1.6208442499699764,1.0,5.0,36551.192442114334
35.0,17.0,3148.6959095134152,-2.1998525424444626,1.8854494991960904,5.0,53977.64416308712
35.0,18.0,2274.8944410031354,-2.0324278805458995,1.695975664488219,5.0,38998.1904171966
35.0,19.0,1759.4373821594843,-1.536059509798848,1.6117391756354815,5.0,30161.78369416259
35.0,20.0,1461.3697715409312,-1.338445441166673,1.0,5.0,25052.053226415963
35.0,21.0,1475.027761927308,-3.3560362995821915,1.0,5.0,25286.190204468137
35.0,22.0,883.1551421555536,-0.5364732246968213,1.0,5.0,15139.802436952346
35.0,23.0,1415.6875003078972,-0.5306364620837122,1.0,5.0,24268.92857670681
35.0,24.0,1596.7395640528066,-0.8339958506647119,1.187646058798267,5.0,27372.67824090525
35.0,25.0,1177.543162700974,-0.6038987140560604,1.4496957788797182,5.0,20186.45421773098
35.0,26.0,1445.2813402031602,-0.3196927238036419,1.0,5.0,24776.25154633989
35.0,27.0,966.2975534186862,-0.7247314415767308,1.0,5.0,16565.100915748906
35.0,28.0,1235.7328999143226,-1.2339127836575865,1.0000000000000002,5.0,21183.992569959817
35.0,29.0,1458.867871060911,-0.3108900782173866,1.0,5.0,25009.16350390133
35.0,30.0,677.0633182980566,-0.4825259172674674,1.0,5.0,11606.7997422524
35.0,31.0,1736.2223022257192,-1.3651172906305014,1.0,5.0,29763.810895298044
35.0,32.0,680.8131928921381,0.0543954364281103,1.0,5.0,11671.083306722368
35.0,33.0,1709.7650374051284,-1.3651172906305014,1.0,5.0,29310.257784087917
35.0,34.0,967.2929764033266,-0.0169559110331338,1.0,5.0,16582.165309771313
35.0,35.0,338.5316591490283,-0.0641158444024398,0.0,0.0,5803.3998711262
35.0,36.0,1895.6874633058087,-0.737490356338884,1.0,5.0,32497.499370956728
35.0,37.0,1982.2497126914704,-2.4042561609506574,1.7967085029720151,5.0,33981.4236461395
35.0,38.0,1688.588321871059,-0.6545626673650082,1.0,5.0,28947.22837493244
35.0,39.0,1224.1679586964833,-0.6027199186011438,1.4318685630099917,5.0,20985.73643479685
35.0,40.0,1419.5714012897502,-0.5407061873880227,1.0,5.0,24335.50973639572
35.0,41.0,2282.4853261174435,-1.2464088892151883,1.0,5.0,39128.31987629904
35.0,42.0,963.0356230677298,-0.3645240904237954,1.0,5.0,16509.182109732512
35.0,43.0,1221.7802813863498,-0.4206446037377878,1.0,5.0,20944.804823766
35.0,44.0,964.6504817336285,-0.3645240904237954,1.0,5.0,16536.865401147912
35.0,45.0,2009.018412529836,-0.8190354331917995,1.0,5.0,34440.31564336861
35.0,46.0,1238.5583113948676,-0.945422917116707,1.0,5.0,21232.428195340588
35.0,47.0,1783.782934964267,-1.746107715106743,1.0,5.0,30579.136027958863
35.0,48.0,1500.539578681159,-1.3854994288721838,1.0,5.0,25723.535634534142
35.0,49.0,2534.591410452651,-1.2633486428919856,1.0,5.0,43450.13846490259
35.0,50.0,1987.2869642315727,-1.8836971426894848,1.0,5.0,34067.7765296841
36.0,1.0,2412.7811154955198,-2.0532859692051657,1.6712397094553793,5.0,41361.96197992319
36.0,2.0,2068.9733035595204,-2.096444331586029,1.0,5.0,35468.11377530606
36.0,3.0,2081.508291888539,-1.432834034757155,1.0000000000000004,5.0,35682.999289517815
36.0,4.0,2036.293156895844,-2.096444331586029,1.0,5.0,34907.88268964303
36.0,5.0,2744.932749021372,-2.838545362805915,1.7698892387652183,5.0,47055.98998322351
36.0,6.0,2426.3027870841934,-2.8970033516307927,1.0,5.0,41593.76206430046
36.0,7.0,3080.093407953176,-2.47324137730852,1.7047918732064806,5.0,52801.60127919731
36.0,8.0,3207.342294213344,-2.610182592014397,1.6768539500206951,5.0,54983.01075794303
36.0,9.0,3080.719797354707,-2.473245704127812,1.7046486012206323,5.0,52812.33938322355
36.0,10.0,3161.742736385412,-2.6098939592589225,1.6866140765503674,5.0,54201.30405232136
36.0,11.0,3644.988198299329,-2.2841786236371555,1.7577673120271229,5.0,62485.51197084563
36.0,12.0,2785.2693398726683,-2.156825832689998,1.771164235372288,5.0,47747.474397817175
36.0,13.0,2868.7181643845006,-2.253596278004076,1.7486051761119468,5.0,49178.02567516286
36.0,14.0,1549.1970661377536,-1.539836614209939,1.0,5.0,26557.66399093292
36.0,15.0,1694.4185874163395,-0.7656835481978989,1.0000000000000002,5.0,29047.175784280105
36.0,16.0,1528.3460585781816,-1.539836614209939,1.0,5.0,26200.21814705454
36.0,17.0,3648.450858525726,-2.2841678068029694,1.7570369291617325,5.0,62544.87186044101
36.0,18.0,2788.24979003927,-2.1568585769122226,1.7703387081405657,5.0,47798.56782924463
36.0,19.0,2279.411592290088,-1.4434402533689563,1.4711414006930448,5.0,39075.6272964015
36.0,20.0,1980.0857045752853,-1.1880774393084312,1.0,5.0,33944.326364147746
36.0,21.0,1904.6693865729103,-3.1085616018165543,1.5281492125168494,5.0,32651.47519839275
36.0,22.0,1341.1355141151448,-0.7375930268273586,1.0,5.0,22990.8945276882
36.0,23.0,804.638076157638,-0.6635768438688033,1.0,5.0,13793.795591273794
36.0,24.0,985.690160666775,-1.0025395621393216,1.3039717540577964,5.0,16897.54561143043
36.0,25.0,1082.4011887686602,-0.971085166213004,1.0000000000000002,5.0,18555.44895031989
36.0,26.0,834.2319160529008,-0.2931541492142894,1.0,5.0,14301.118560906873
36.0,27.0,1485.01348645304,-0.484114829567484,1.0,5.0,25457.37405348069
36.0,28.0,1705.9152464698996,-1.234730249057154,1.6351592546523832,5.0,29244.26136805542
36.0,29.0,855.0610371824233,0.1149807440611857,1.0,5.0,14658.189208841542
36.0,30.0,1195.7792513324105,-0.0827906174752214,1.0,5.0,20499.07287998418
36.0,31.0,1132.4154683472314,-1.4590930480131228,1.0,5.0,19412.836600238254
36.0,32.0,1138.7935648517296,-0.3004276318219651,1.0,5.0,19522.17539745822
36.0,33.0,1105.9582035266403,-1.4590930480131228,1.0,5.0,18959.283489028123
36.0,34.0,1425.2733483629177,-0.4275180791477595,1.0,5.0,24433.25740050716
36.0,35.0,2361.5923266353566,-1.7051098934390352,1.0000000000000004,5.0,40484.43988517754
36.0,36.0,402.319038078819,-0.0761967873564385,0.0,0.0,6896.897795636897
36.0,37.0,2458.302094128562,-2.387382046449803,2.087893196800444,5.0,42142.3216136325
36.0,38.0,1077.5388977207997,-0.6065754904473113,1.0,5.0,18472.095389499424
36.0,39.0,1128.765420212652,-0.971085166213004,1.0000000000000002,5.0,19350.264346502605
36.0,40.0,808.5219771394909,-0.6704820021248957,1.0,5.0,13860.3767509627
36.0,41.0,2801.2012591517982,-1.3714646702826183,1.0,5.0,48020.59301403083
36.0,42.0,1481.7515561020832,-0.2695191846286043,1.0000000000000002,5.0,25401.455247464284
36.0,43.0,1740.4962144207036,-0.4521857908833742,1.0,5.0,29837.077961497776
36.0,44.0,1483.3664147679815,-0.2695191846286042,1.0,5.0,25429.138538879684
36.0,45.0,2527.7343455641894,-0.9798305457506444,1.0000000000000002,5.0,43332.58878110039
36.0,46.0,1757.2742444292212,-0.8041972481367644,1.0000000000000002,5.0,30124.701333072364
36.0,47.0,2302.4988679986204,-1.6280604442110302,1.0000000000000002,5.0,39471.40916569063
36.0,48.0,2019.2555117155125,-1.2486712482590223,1.0000000000000002,5.0,34615.80877226593
36.0,49.0,3053.307343487005,-1.4280888367860711,1.0,5.0,52342.41160263437
36.0,50.0,2506.0028972659265,-1.816405414406095,1.0,5.0,42960.04966741588
37.0,1.0,2246.35232365132,-2.125076081537216,1.0000000000000004,5.0,38508.89697687977
37.0,2.0,3016.868818992166,-2.390264449503162,1.0,5.0,51717.751182722845
37.0,3.0,1906.8810404083424,-1.7712344277928382,1.0000000000000002,5.0,32689.38926414301
37.0,4.0,2984.188672328489,-2.390264449503162,1.0,5.0,51157.52009705981
37.0,5.0,2592.8851571241125,-2.8907285515118284,1.0,5.0,44449.45983641336
37.0,6.0,3374.198302516839,-3.035333809002119,1.0,5.0,57843.39947171723
37.0,7.0,2904.143387679612,-2.637715703311056,2.114653584372532,5.0,49785.31521736477
37.0,8.0,3031.182811272864,-2.7630747940840488,2.067926321689125,5.0,51963.13390753481
37.0,9.0,2904.7693560726016,-2.637712850463489,2.1144133883773346,5.0,49796.04610410174
37.0,10.0,2985.612837111935,-2.7632652525431816,2.0842252449706504,5.0,51181.93435049032
37.0,11.0,3490.6147593147525,-2.493966623657464,2.080912843858812,5.0,59839.11015968148
37.0,12.0,2618.0047284151024,-2.307901529273923,2.0054828149623014,5.0,44880.081058544616
37.0,13.0,2701.8811431247377,-2.388027079531044,1.9742198401738456,5.0,46317.96245356693
37.0,14.0,2497.0925815703995,-1.87070405719067,0.9999999999999998,5.0,42807.3013983497
37.0,15.0,1519.7913359361426,-1.198207005499373,1.0000000000000002,5.0,26053.5657589053
37.0,16.0,2476.241574010827,-1.87070405719067,1.0,5.0,42449.85555447132
37.0,17.0,3494.065857644007,-2.4939548565177727,2.0798390833836127,5.0,59898.27184532583
37.0,18.0,2620.989507697137,-2.307856536750013,2.0043366852661952,5.0,44931.24870337948
37.0,19.0,2105.63471115146,-1.87601211719538,2.0092409518962544,5.0,36096.59504831074
37.0,20.0,1805.4584530950888,-1.560792191963361,1.0000000000000002,5.0,30950.71633877295
37.0,21.0,1443.4223778323376,-3.558866530698473,1.0,5.0,24744.383619982927
37.0,22.0,1227.2438237097113,-0.8742347064185295,0.9999999999999998,5.0,21038.465549309338
37.0,23.0,1759.7761818620547,-0.9273587625833516,1.0,5.0,30167.591689063796
37.0,24.0,1940.8282425197176,-1.1771728651059548,1.1543783513289194,5.0,33271.34130033801
37.0,25.0,1515.8021060179512,-0.966209769265952,1.344330975962487,5.0,25985.178960307738
37.0,26.0,1789.3700217573175,-0.7595390370651054,1.0,5.0,30674.914658696875
37.0,27.0,1310.386234972843,-1.0127201681623803,1.0,5.0,22463.76402810589
37.0,28.0,1579.8215814684795,-1.4424964956248116,1.0,5.0,27082.6556823168
37.0,29.0,1802.956552615068,-0.7522991560450799,1.0,5.0,30907.826616258317
37.0,30.0,1021.151999852214,-0.7838046614017787,1.0,5.0,17505.462854609385
37.0,31.0,2080.310983779877,-1.6203912053989822,0.9999999999999998,5.0,35662.47400765502
37.0,32.0,1024.901874446295,-0.4628499435939097,1.0,5.0,17569.74641907935
37.0,33.0,2053.8537189592857,-1.6203912053989822,0.9999999999999998,5.0,35208.9208964449
37.0,34.0,1311.381657957484,-0.5204615980285208,0.9999999999999998,5.0,22480.828422128296
37.0,35.0,592.0639793695088,-0.4433823624378818,1.0,5.0,10149.66821776301
37.0,36.0,2239.7761448599667,-1.110206060691462,1.0,5.0,38396.16248331371
37.0,37.0,296.0319896847544,-0.056066664596403,0.0,0.0,5074.834108881505
37.0,38.0,2032.6770034252163,-1.036866195603195,1.0,5.0,34845.891487289424
37.0,39.0,1562.335285656362,-0.9656834666229028,1.3338047417737735,5.0,26782.89061125192
37.0,40.0,1763.6600828439075,-0.9357163864864751,1.0000000000000002,5.0,30234.1728487527
37.0,41.0,2626.5711047237514,-1.7030579745198566,1.401016696210449,5.0,45026.93322383574
37.0,42.0,1307.124304621887,-0.7625791336227473,1.0,5.0,22407.84522208949
37.0,43.0,1565.86585254692,-1.1373381829714964,1.6726635962584688,5.0,26843.41461509006
37.0,44.0,1308.7391632877857,-0.7625791336227473,1.0,5.0,22435.528513504894
37.0,45.0,1324.3405636650082,-1.529758019340031,1.0000000000000002,5.0,22702.981091400143
37.0,46.0,1608.4609451346123,-1.327827444489928,1.6729964495897975,5.0,27573.61620230764
37.0,47.0,1065.918102692643,-1.4565813571173136,1.0000000000000002,5.0,18272.881760445307
37.0,48.0,782.6747464095353,-1.0299066224619342,1.0,5.0,13417.281367020603
37.0,49.0,1392.0364341484542,-1.5659823100672483,1.0,5.0,23863.48172825921
37.0,50.0,1269.422131959949,-1.521159511785658,1.0,5.0,21761.522262170554
38.0,1.0,2500.404931390828,-2.045347870676837,1.6477158319152572,5.0,42864.08453812848
38.0,2.0,2156.766696774911,-2.063322127344464,1.0,5.0,36973.14337328418
38.0,3.0,2169.30168510393,-1.431167271361894,1.0000000000000002,5.0,37188.02888749594
38.0,4.0,2124.086550111234,-2.063322127344464,1.0,5.0,36412.91228762115
38.0,5.0,2832.2433906301667,-2.8170741564127924,1.7461266124903498,5.0,48552.743839374285
38.0,6.0,2514.096180299585,-2.8540794663617364,1.0,5.0,43098.79166227859
38.0,7.0,3167.9614047565537,-2.474101980498911,1.6852585561772129,5.0,54307.90979582664
38.0,8.0,3295.2047249879265,-2.611331708381712,1.6588187356673938,5.0,56489.22385693588
38.0,9.0,3168.587789167039,-2.474106051124316,1.6851231150042143,5.0,54318.64781429209
38.0,10.0,3249.6055153423995,-2.611059649617619,1.668062106883552,5.0,55707.52312015542
38.0,11.0,3730.324678598437,-2.302085629783329,1.7396206452516674,5.0,63948.423061687485
38.0,12.0,2872.774108300492,-2.1587776384537425,1.7475816526666483,5.0,49247.55614229415
38.0,13.0,2956.2455956838544,-2.2571975112959453,1.7263623187235262,5.0,50678.49592600893
38.0,14.0,1636.9904593531442,-1.488056205728317,1.0,5.0,28062.693588911043
38.0,15.0,1782.21198063173,-0.7697003825151496,1.0,5.0,30552.205382258227
38.0,16.0,1616.139451793572,-1.488056205728317,1.0,5.0,27705.247745032662
38.0,17.0,3733.7865624921055,-2.302075747866719,1.738925051194737,5.0,64007.76964272182
38.0,18.0,2875.7546081147184,-2.1588082950203766,1.7468058208327966,5.0,49298.65042482374
38.0,19.0,2367.2512615595406,-1.4474972403698698,1.4535914423304153,5.0,40581.45019816355
38.0,20.0,2067.879097790676,-1.1874606261335858,1.0000000000000002,5.0,35449.35596212588
38.0,21.0,1992.472815152169,-3.013677912098069,1.5043943553844277,5.0,34156.67683118004
38.0,22.0,1428.9289073305358,-0.7126383908297403,1.0,5.0,24495.924125666326
38.0,23.0,892.4314693730287,-0.5504533785381619,1.0,5.0,15298.82518925192
38.0,24.0,1073.4835483596137,-0.8981360573830015,1.279111822011305,5.0,18402.575114736228
38.0,25.0,1170.1945819840512,-0.8947793530527816,0.9999999999999998,5.0,20060.478548298022
38.0,26.0,922.0253092682918,-0.2160577749829449,0.9999999999999998,5.0,15806.148158885004
38.0,27.0,1572.8068796684306,-0.486377578874996,1.0000000000000002,5.0,26962.403651458808
38.0,28.0,1792.0465958808234,-1.2168811734183609,1.6045258913948728,5.0,30720.7987865284
38.0,29.0,942.854430397814,0.1479963488851529,1.0000000000000002,5.0,16163.218806819668
38.0,30.0,1283.5726445478012,-0.0856201269278817,1.0,5.0,22004.102477962308
38.0,31.0,1220.208861562622,-1.3407156337556536,1.0,5.0,20917.86619821638
38.0,32.0,1226.58695806712,-0.2776922173351411,1.0000000000000002,5.0,21027.204995436343
38.0,33.0,1193.7515967420316,-1.3407156337556536,1.0,5.0,20464.313087006256
38.0,34.0,1513.066741578309,-0.4282459760894764,1.0,5.0,25938.28699848529
38.0,35.0,2449.385719850747,-1.7056651237337372,1.0000000000000002,5.0,41989.46948315567
38.0,36.0,452.7915343779204,0.301265566482244,1.0,5.0,7762.140589335778
38.0,37.0,2539.7200677090545,-2.3636183587618835,2.0462392455348035,5.0,43538.05830358379
38.0,38.0,226.3957671889602,-0.0428779861208441,0.0,0.0,3881.070294667889
38.0,39.0,1216.558813428043,-0.8947793530527816,0.9999999999999998,5.0,20855.293944480745
38.0,40.0,896.3153703548818,-0.5591075154030591,0.9999999999999998,5.0,15365.406348940827
38.0,41.0,2888.994652367189,-1.3974080990018047,0.9999999999999998,5.0,49525.62261200896
38.0,42.0,1569.5449493174742,-0.2855890444744542,1.0,5.0,26906.484845442417
38.0,43.0,1828.2896076360944,-0.4753664129431919,1.0,5.0,31342.107559475902
38.0,44.0,1571.159807983373,-0.2855890444744542,1.0,5.0,26934.168136857825
38.0,45.0,2615.5277387795804,-1.0115266045923363,1.0000000000000002,5.0,44837.61837907852
38.0,46.0,1845.067637644612,-0.808799590195752,1.0,5.0,31629.730931050493
38.0,47.0,2390.292261214012,-1.6265999126440625,1.0,5.0,40976.438763668775
38.0,48.0,2107.0489049309035,-1.248668383418763,1.0,5.0,36120.838370244055
38.0,49.0,3141.1007367023967,-1.458489977435672,1.0,5.0,53847.44120061252
38.0,50.0,2593.796290481318,-1.8188972215270465,1.0,5.0,44465.07926539402
39.0,1.0,2701.161922631909,-2.3505494574517094,1.0,5.0,46305.63295940415
39.0,2.0,2367.310090996406,-2.162338270058833,1.0,5.0,40582.458702795535
39.0,3.0,2379.8450793254246,-1.592006167039741,1.0000000000000002,5.0,40797.34421700728
39.0,4.0,2334.629944332729,-2.162338270058833,1.0,5.0,40022.2276171325
39.0,5.0,3012.049586449023,-3.110242189511853,1.0,5.0,51635.13576769754
39.0,6.0,2724.63957452108,-2.90769348761508,1.0,5.0,46708.10699178994
39.0,7.0,3378.672727467517,-2.5900299419625203,1.6425512307662222,5.0,57920.10389944315
39.0,8.0,3505.903980866893,-2.7226675669350606,1.6192483114676053,5.0,60101.21110057531
39.0,9.0,3379.2991007045243,-2.5900334714013886,1.6424321443386551,5.0,57930.84172636327
39.0,10.0,3460.305550169808,-2.7224306650919208,1.6274077825192528,5.0,59319.5237171967
39.0,11.0,3950.135252049098,-2.543530480263122,1.8536001596208709,5.0,67716.60432084168
39.0,12.0,3081.213051456011,-2.309880818440799,1.6973608820261017,5.0,52820.79516781733
39.0,13.0,3164.608354021016,-2.4060591587937914,1.678934491448533,5.0,54250.42892607456
39.0,14.0,1847.5338535746391,-1.6068260828260632,1.0,5.0,31672.008918422383
39.0,15.0,1993.00422319208,-1.2358611334808265,1.5400574026426417,5.0,34165.786683292805
39.0,16.0,1826.6828460150668,-1.6068260828260632,1.0000000000000002,5.0,31314.563074544003
39.0,17.0,3953.599187652481,-2.543494819299121,1.852834360719004,5.0,67775.98607404254
39.0,18.0,3084.1896146865674,-2.3099628182899044,1.696688475090366,5.0,52871.821966055446
39.0,19.0,2579.8183941935586,-1.811979290309196,1.6380947583515904,5.0,44225.45818617529
39.0,20.0,2278.6754737171354,-1.58310538828794,1.4723699666860184,5.0,39063.00812086518
39.0,21.0,1479.792740003247,-2.0937681611911665,1.79001052633302,5.0,25367.875542912803
39.0,22.0,1639.4723015520308,-0.9172115320874776,1.0,5.0,28105.23945517767
39.0,23.0,1110.2174538662948,-0.4601017285335271,1.0,5.0,19032.299209136483
39.0,24.0,718.6350572312678,-4.989953002196983,0.9999999999999998,5.0,12319.45812396459
39.0,25.0,725.7921892475326,-0.3768005532952389,1.0,5.0,12442.151815671989
39.0,26.0,1139.8112937615583,-0.19118856718602,1.0,5.0,19539.62217876957
39.0,27.0,1783.3502738899251,-0.7263115294756499,0.9999999999999998,5.0,30571.71898097015
39.0,28.0,1999.449418439016,-1.384995719899132,1.5418589043447049,5.0,34276.27574466885
39.0,29.0,1153.3978246193087,-0.184125875848673,1.0,5.0,19772.534136331007
39.0,30.0,1494.116038769296,-0.3772109127506448,1.0,5.0,25613.417807473645
39.0,31.0,1430.7522557841164,-1.423477678248765,1.0,5.0,24527.18152772771
39.0,32.0,1437.1303522886149,-0.5365755386211408,1.0,5.0,24636.520324947684
39.0,33.0,1404.294990963526,-1.423477678248765,1.0000000000000002,5.0,24073.62841651759
39.0,34.0,661.8229299617242,-0.0747145499992157,1.0,5.0,11345.535942200986
39.0,35.0,1944.898394794352,-2.1078574617802737,1.6400305627436764,5.0,33341.11533933175
39.0,36.0,1590.2174168642073,-0.6129541407360495,1.0,5.0,27260.870003386408
39.0,37.0,1688.2524516768174,-1.9564821806574588,1.7555002325047977,5.0,28941.47060017401
39.0,38.0,1383.1182754294568,-0.5444569540032475,1.0,5.0,23710.59900736212
39.0,39.0,252.5522713994589,-0.0478318694837405,0.0,0.0,4329.46750970501
39.0,40.0,1108.4256222455183,-1.0958354532265733,1.7478490841398973,5.0,19001.582095637463
39.0,41.0,3099.538046588684,-1.5783067438655716,0.9999999999999998,5.0,53134.93794152029
39.0,42.0,1780.0883435389687,-0.5519377825806916,1.0,5.0,30515.800174953747
39.0,43.0,2038.833001857589,-0.7223863262263237,1.0,5.0,34951.42288898724
39.0,44.0,1781.7032022048672,-0.5519377825806916,1.0,5.0,30543.48346636915
39.0,45.0,2775.4832420806238,-1.7745123328552148,1.8652376751917883,5.0,47579.71272138212
39.0,46.0,2055.6110318661067,-1.0183518845879462,1.0,5.0,35239.04626056183
39.0,47.0,2556.5251911816945,-2.2732575701739623,2.588892663505528,5.0,43826.14613454333
39.0,48.0,2257.5689318611667,-1.9493633926175935,1.8223410163097111,5.0,38701.18168904857
39.0,49.0,2307.8474314114987,-2.198595589544049,1.3043869053246009,5.0,39563.09882419712
39.0,50.0,2185.2047805907405,-2.143124396549441,1.321487954052374,5.0,37460.65338155555
40.0,1.0,2739.737545955852,-2.340867319292712,1.0,5.0,46966.92935924317
40.0,2.0,2405.8857143203486,-2.147736229585366,1.0,5.0,41243.75510263455
40.0,3.0,2418.420702649368,-1.5881220517857093,1.0000000000000002,5.0,41458.6406168463
40.0,4.0,2373.2055676566715,-2.147736229585366,1.0,5.0,40683.52401697151
40.0,5.0,3050.6252097729657,-3.095342007571189,1.0,5.0,52296.43216753655
40.0,6.0,2763.215197845022,-2.8897195518877954,1.0,5.0,47369.40339162895
40.0,7.0,3417.276662522688,-2.5879235680468384,1.6352969262614048,5.0,58581.88564324608
40.0,8.0,3544.505956244064,-2.720766231889451,1.6125078816836962,5.0,60762.95924989823
40.0,9.0,3417.903033822812,-2.587927010095384,1.6351805133627266,5.0,58592.623436962494
40.0,10.0,3498.9076604745624,-2.720535028255161,1.620489544307634,5.0,59981.27417956393
40.0,11.0,3987.476726511528,-2.547215795779441,1.8451196065371085,5.0,68356.74388305476
40.0,12.0,3119.62480038713,-2.308279848630512,1.6887628700192958,5.0,53479.28229235081
40.0,13.0,3203.029469679068,-2.405152995302503,1.6707822050131722,5.0,54909.07662306974
40.0,14.0,1886.1094768985815,-1.5859625311262278,1.0,5.0,32333.3053182614
40.0,15.0,2031.5808681228195,-1.2271173579411376,1.5298057205249025,5.0,34827.10059639119
40.0,16.0,1865.2584693390097,-1.5859625311262278,1.0,5.0,31975.859474383025
40.0,17.0,3990.94041456772,-2.5471810795147145,1.8443690286298504,5.0,68416.12139258948
40.0,18.0,3122.6014277561044,-2.308359630501936,1.6881069342769388,5.0,53530.31019010465
40.0,19.0,2618.3748799297864,-1.8070374092354116,1.6286522128734746,5.0,44886.42651308206
40.0,20.0,2317.2517339913056,-1.574847637595434,1.4645083055320465,5.0,39724.31543985096
40.0,21.0,1208.1774241777905,-3.922852160411251,1.0,5.0,20711.612985904976
40.0,22.0,1678.047924875973,-0.9040602046258828,1.0,5.0,28766.53585501668
40.0,23.0,473.3784484136055,-2.1707743069511363,1.0,5.0,8115.059115661808
40.0,24.0,346.8726201533292,-0.2232316231748176,1.0,5.0,5946.387774057072
40.0,25.0,443.583444375992,-0.5634787850010082,0.9999999999999998,5.0,7604.287617874149
40.0,26.0,1178.3869170855005,-0.1723233660997464,1.0000000000000002,5.0,20200.91857860858
40.0,27.0,1821.9258972138675,-0.7217737617402645,1.0000000000000002,5.0,31233.01538080916
40.0,28.0,2037.4449398422023,-1.3745574425956193,1.531759785654001,5.0,34927.62754015204
40.0,29.0,1191.9734479432514,-0.1644955309975985,1.0,5.0,20433.830536170022
40.0,30.0,1532.6916620932384,-0.3709457325709268,1.0,5.0,26274.714207312656
40.0,31.0,1469.3278791080593,-1.3836428064123605,1.0,5.0,25188.477927566728
40.0,32.0,1475.7059756125573,-0.5227533929962408,1.0,5.0,25297.8167247867
40.0,33.0,1442.870614287469,-1.3836428064123605,1.0,5.0,24734.924816356608
40.0,34.0,700.3985532856668,0.0165410457780797,1.0,5.0,12006.832342040005
40.0,35.0,2396.074074124977,-2.187031655703618,2.31806698962372,5.0,41075.555556428175
40.0,36.0,1628.79304018815,-0.6037131285055148,1.0000000000000002,5.0,27922.166403225427
40.0,37.0,1857.5466207740667,-2.1864458639052757,1.7030198415809772,5.0,31843.656356126856
40.0,38.0,1421.693898753399,-0.5300115548223686,1.0000000000000002,5.0,24371.89540720113
40.0,39.0,489.9476758199839,-0.5634787850010082,0.9999999999999998,5.0,8399.103014056867
40.0,40.0,173.4363100766646,-0.0328477859310449,0.0,0.0,2973.193887028536
40.0,41.0,3138.113669912625,-1.585147487130196,1.0,5.0,53796.23434135929
40.0,42.0,1818.663966862912,-0.5516108956676559,1.0000000000000002,5.0,31177.096574792773
40.0,43.0,2077.4086251815324,-0.725644355922893,0.9999999999999998,5.0,35612.719288826265
40.0,44.0,1820.2788255288096,-0.5516108956676559,1.0,5.0,31204.77986620817
40.0,45.0,2864.6467563250167,-1.226292709372612,1.0,5.0,49108.230108428856
40.0,46.0,2094.1866551900494,-1.015641070793864,1.0,5.0,35900.34266040084
40.0,47.0,2584.3413970291417,-2.224104757095164,1.6812731053878498,5.0,44302.99537764243
40.0,48.0,2310.040690089741,-1.929595933554232,1.779300841030984,5.0,39600.69754439556
40.0,49.0,3086.6340040234145,-1.92595473536255,1.8646491168371468,5.0,52913.72578325854
40.0,50.0,2377.6027452782423,-2.2772552178149987,1.295447974709896,5.0,40758.90420476987
41.0,1.0,3085.0593774616264,-2.300119787664017,1.5180781792582692,5.0,52886.73218505645
41.0,2.0,3872.9728720272,-2.527168220138911,1.0000000000000004,5.0,66393.82066332342
41.0,3.0,2745.431100606622,-1.9690503343186383,1.582812367305217,5.0,47064.53315325638
41.0,4.0,3840.2927253635225,-2.527168220138911,1.0000000000000004,5.0,65833.58957766039
41.0,5.0,3431.856996617206,-2.9362516803611194,1.4653197076607685,5.0,58831.83422772353
41.0,6.0,4230.302355551874,-3.0935887097786776,1.0000000000000002,5.0,72519.46895231784
41.0,7.0,2603.301110623259,-2.2494738984663227,1.0,5.0,44628.019039255865
41.0,8.0,2730.428606735839,-2.3928066897237468,1.0,5.0,46807.34754404296
41.0,9.0,2603.9273334568143,-2.2494738984663227,1.0,5.0,44638.75428783111
41.0,10.0,2684.840759070866,-2.3928066897237468,1.0,5.0,46025.84158407199
41.0,11.0,2500.8468005229306,-1.4065652990085675,1.0,5.0,42871.65943753595
41.0,12.0,2330.878029113244,-1.830793657936318,1.0,5.0,39957.90907051275
41.0,13.0,2414.7462110092824,-1.9304842933177664,1.0,5.0,41395.649331587694
41.0,14.0,3353.196634605433,-2.0264926495093247,1.0000000000000002,5.0,57483.370878950285
41.0,15.0,2375.895388971178,-1.2333013017466554,1.0,5.0,40729.63523950591
41.0,16.0,3332.345627045861,-2.0264926495093247,1.0000000000000002,5.0,57125.9250350719
41.0,17.0,2504.2985081693337,-1.4065652990085675,1.0,5.0,42930.83156861715
41.0,18.0,2333.8605124915557,-1.830793657936318,1.0,5.0,40009.037356998095
41.0,19.0,1817.043871309936,-1.3208669329610545,1.0,5.0,31149.32350817033
41.0,20.0,2661.5625061301234,-1.578120655461498,1.0000000000000002,5.0,45626.785819373545
41.0,21.0,2257.401497449854,-2.5904861899020983,1.4809693482748207,5.0,38698.31138485464
41.0,22.0,2083.347876744746,-0.8958358413451343,1.0,5.0,35714.53502990993
41.0,23.0,2615.88023489709,-1.180955573453213,1.0000000000000002,5.0,44843.6611696644
41.0,24.0,2796.932294011592,-1.392768296625334,1.1071251651626124,5.0,47947.41075448444
41.0,25.0,2363.087100417702,-1.1075547173167213,1.217713414363969,5.0,40510.064578589176
41.0,26.0,2645.4740747923524,-1.0652465079390838,1.0,5.0,45350.98413929747
41.0,27.0,2166.490288007878,-0.9995575815515646,1.0,5.0,37139.83350870648
41.0,28.0,2435.925634503515,-1.4072906087641135,1.0,5.0,41758.725162917406
41.0,29.0,2659.0606056501024,-1.056440953841034,1.0,5.0,45583.896096858894
41.0,30.0,1877.2560528872489,-0.6908702103547971,1.0,5.0,32181.532335209984
41.0,31.0,2936.4150368149103,-1.7286413837652097,1.0000000000000002,5.0,50338.5434882556
41.0,32.0,1881.0059274813304,-0.5304010813080607,1.0,5.0,32245.815899679947
41.0,33.0,2909.95777199432,-1.7286413837652097,1.0000000000000004,5.0,49884.99037704549
41.0,34.0,2167.4857109925183,-0.7211445563578309,1.0000000000000002,5.0,37156.89790272888
41.0,35.0,1944.83475912523,-1.428413913475173,1.415949484320073,5.0,33340.0244421468
41.0,36.0,3095.880197895001,-1.4096058437862138,1.0000000000000002,5.0,53072.2319639143
41.0,37.0,2161.407014877472,-1.1748384887017052,1.0,5.0,37052.69168361381
41.0,38.0,2888.7810564602514,-1.322591851522557,1.0,5.0,49521.96096789002
41.0,39.0,2409.5277300615817,-1.1074496786131878,1.213465907876658,5.0,41306.18965819854
41.0,40.0,2619.7641358789424,-1.1889538029255466,1.0000000000000002,5.0,44910.2423293533
41.0,41.0,395.3403103527026,-0.0748750586231808,0.0,0.0,6777.262463189188
41.0,42.0,2163.228357656922,-0.8591545341369262,1.0,5.0,37083.9147026901
41.0,43.0,1270.7787888527116,-0.3342301932605929,1.0,5.0,21784.779237475057
41.0,44.0,2164.8432163228204,-0.8591545341369262,1.0,5.0,37111.59799410549
41.0,45.0,1029.2610583752703,0.0511481215653931,1.0,5.0,17644.475286433208
41.0,46.0,1348.2964559392558,-0.1509575494956353,1.0000000000000002,5.0,23113.653530387244
41.0,47.0,1315.731971395701,-0.6418133303563032,1.0,5.0,22555.405223926304
41.0,48.0,1603.9747598105985,-0.8824063357346194,1.5037930265613828,5.0,27496.71016818169
41.0,49.0,1554.8340562980864,-0.5282077559322522,1.0,5.0,26654.298107967195
41.0,50.0,1733.8900150867107,-0.641687303334564,1.0,5.0,29723.8288300579
42.0,1.0,2376.90807532902,-2.293439159598856,1.671196677083707,5.0,40746.99557706892
42.0,2.0,3146.2418347320868,-2.464726101769781,1.0000000000000002,5.0,53935.57430969292
42.0,3.0,2037.4736988176328,-1.969776860528624,1.782957913368283,5.0,34928.12055115943
42.0,4.0,3113.5616880684097,-2.464726101769781,1.0000000000000002,5.0,53375.34322402988
42.0,5.0,2723.4061884959187,-3.014529020914303,1.5858338904477445,5.0,46686.96323135861
42.0,6.0,3503.5713182567606,-3.0905914622666044,1.0,5.0,60061.22259868732
42.0,7.0,1937.3097104061728,-2.13776283198406,1.0,5.0,33211.02360696296
42.0,8.0,2064.4372065187526,-2.2780765295171843,1.0,5.0,35390.35211175005
42.0,9.0,1937.935933239728,-2.13776283198406,1.0,5.0,33221.758855538195
42.0,10.0,2018.8493588537792,-2.2780765295171843,1.0,5.0,34608.84615177907
42.0,11.0,2605.6459233093788,-1.7832373627857776,1.632145210065632,5.0,44668.21582816078
42.0,12.0,1664.8866288961574,-1.664848502053454,0.9999999999999998,5.0,28540.91363821984
42.0,13.0,1748.7548107921957,-1.7441877998831723,1.0,5.0,29978.65389929478
42.0,14.0,2626.465597310321,-1.9583211328858343,0.9999999999999998,5.0,45025.124525319785
42.0,15.0,1649.1643516760644,-1.294109265770268,1.0000000000000002,5.0,28271.38888587539
42.0,16.0,2605.614589750749,-1.9583211328858343,0.9999999999999998,5.0,44667.67868144141
42.0,17.0,2609.0708225270973,-1.7832558108342147,1.6313044240160308,5.0,44726.928386178806
42.0,18.0,1667.869112274468,-1.664848502053454,1.0,5.0,28592.041924705165
42.0,19.0,1151.0524710928498,-1.1895240412795527,1.0,5.0,19732.328075877424
42.0,20.0,1934.83146883501,-1.641430489242402,1.0000000000000002,5.0,33168.53946574303
42.0,21.0,1544.2943173532365,-3.6710496104419112,1.0,5.0,26473.616868912624
42.0,22.0,1356.616839449633,-0.9843303658814878,1.0,5.0,23256.288676279422
42.0,23.0,1889.1491976019763,-1.0561486695345552,1.0,5.0,32385.414816033885
42.0,24.0,2070.2012576577304,-1.291732935099798,1.1447307873739412,5.0,35489.16441698967
42.0,25.0,1643.6132164131857,-1.0838925250547782,1.3164876335108855,5.0,28176.226567083184
42.0,26.0,1918.7430374972396,-0.9001325195472104,1.0,5.0,32892.73778566696
42.0,27.0,1439.710032242477,-1.3002865946728384,1.7548493990801934,5.0,24680.743409871036
42.0,28.0,1709.1458713442444,-1.6697153435762575,1.63584792538632,5.0,29299.643508758472
42.0,29.0,1932.32956835499,-0.8931985943288635,1.0,5.0,33125.6497432284
42.0,30.0,1150.5250155921358,-0.8854745777072142,1.0,5.0,19723.285981579476
42.0,31.0,2209.6839995197984,-1.7097667819036164,0.9999999999999998,5.0,37880.29713462512
42.0,32.0,1154.274890186217,-0.6066787343967867,1.0,5.0,19787.569546049435
42.0,33.0,2183.226734699208,-1.7097667819036164,1.0,5.0,37426.74402341499
42.0,34.0,1440.754673697406,-0.6697503512935686,1.0,5.0,24698.651549098387
42.0,35.0,1225.8835008502783,-1.7594129519820607,1.0,5.0,21015.14572886192
42.0,36.0,2369.1491605998885,-1.2341131252295894,1.0,5.0,40613.9856102838
42.0,37.0,1455.1347492669452,-1.807778648621136,1.0,5.0,24945.16713029049
42.0,38.0,2162.050019165138,-1.162919931288255,1.0,5.0,37063.71461425952
42.0,39.0,1690.1238403634331,-1.083486917655292,1.3075773898831409,5.0,28973.551549087428
42.0,40.0,1893.033098583829,-1.064082971703905,1.0000000000000002,5.0,32451.99597572279
42.0,41.0,1665.4924333667193,-0.7702260909126447,1.0,5.0,28551.29885771519
42.0,42.0,302.3936943178125,-0.0572715328956124,0.0,0.0,5183.891902591071
42.0,43.0,604.787388635625,0.2071453318760077,1.0,5.0,10367.783805182142
42.0,44.0,1429.4370254817975,-1.1380899775123388,1.754322570443713,5.0,24504.6347225451
42.0,45.0,1392.025519779111,-0.2057421481636986,1.0,5.0,23863.29462478476
42.0,46.0,621.5654186441428,-1.0541490156511566,1.0,5.0,10655.407176756731
42.0,47.0,1166.7900422135422,-1.7668991475309437,1.0,5.0,20002.11500937501
42.0,48.0,883.546685930434,-1.458390286247334,1.0,5.0,15146.514615950297
42.0,49.0,1917.5985177019268,-0.7479036737328447,1.0,5.0,32873.11744631874
42.0,50.0,1370.294071480848,-1.7941313400594985,1.0,5.0,23490.75551110025
43.0,1.0,2103.329826423301,-2.4768660729284577,1.500824315246173,5.0,36057.08273868515
43.0,2.0,2927.6776101598507,-3.263090129434324,1.5564946240518878,5.0,50188.759031311725
43.0,3.0,1763.783366396725,-2.1945394243515284,1.5972845616711522,5.0,30236.286281086712
43.0,4.0,2895.0073389676254,-3.2631107399021646,1.5627708432157243,5.0,49628.697239445006
43.0,5.0,2449.92520598463,-3.218414373224192,1.4299447535135053,5.0,41998.71781687937
43.0,6.0,3284.934604479261,-3.821284843668913,1.4960104630531066,5.0,56313.1646482159
43.0,7.0,1663.0929145516711,-2.2311651287181435,1.0,5.0,28510.16424945722
43.0,8.0,1790.2204106642512,-2.3541260210667145,1.0000000000000002,5.0,30689.492754244304
43.0,9.0,1663.7191373852263,-2.2311651287181435,1.0,5.0,28520.899498032453
43.0,10.0,1744.6325629992782,-2.3541260210667145,1.0,5.0,29907.98679427334
43.0,11.0,2353.2574419377765,-1.695890565717541,1.7071026131695315,5.0,40341.556147504736
43.0,12.0,1390.6698330416564,-1.7579320960723364,1.0,5.0,23840.05428071411
43.0,13.0,1474.5380149376938,-1.8018597924878736,1.0,5.0,25277.79454178904
43.0,14.0,2392.484205115935,-2.788985496860572,1.684713447901674,5.0,41014.0149448446
43.0,15.0,1374.8050537501208,-1.7904421156076378,1.0,5.0,23568.086635716358
43.0,16.0,2371.6377949845746,-2.7890869936498865,1.690728259104795,5.0,40656.64791402128
43.0,17.0,2356.6848581119334,-1.6959128410635835,1.7060465819916208,5.0,40400.31185334743
43.0,18.0,1393.652316419967,-1.7579320960723364,1.0,5.0,23891.18256719944
43.0,19.0,876.8356752383484,-1.46036020557734,1.0,5.0,15031.468718371683
43.0,20.0,1663.0576862901385,-2.268935125027996,1.6233231912889536,5.0,28509.560336402374
43.0,21.0,2345.8972212383355,-2.5806366241056917,1.4628886919871704,5.0,40215.38093551432
43.0,22.0,2171.8955422940853,-0.9507197443902418,1.0,5.0,37232.49501075575
43.0,23.0,2704.427900446429,-1.2371352833203109,1.0000000000000002,5.0,46361.62115051021
43.0,24.0,2885.4799595925283,-1.4442521653594915,1.1038377795198728,5.0,49465.37073587192
43.0,25.0,2451.243766325079,-1.1612212550220344,1.2097430776739917,5.0,42021.321708429925
43.0,26.0,2734.021740341692,-1.125102507064682,1.0,5.0,46868.94412014329
43.0,27.0,1165.3999527868214,-1.7671988481952854,1.0,5.0,19978.284904916934
43.0,28.0,1434.835299282458,-2.033177590135618,1.0,5.0,24597.17655912785
43.0,29.0,2486.8509935683246,-1.552734284675566,1.8663086173217212,5.0,42631.73131831414
43.0,30.0,1965.803718436588,-0.7484342365986186,1.0,5.0,33699.4923160558
43.0,31.0,2755.6884310005357,-2.2230015822267206,1.7790832385727875,5.0,47240.37310286632
43.0,32.0,1969.5535930306696,-0.5958565064402768,1.0,5.0,33763.77588052577
43.0,33.0,2730.168860041602,-2.2217352889968534,1.7866113551967877,5.0,46802.89474357032
43.0,34.0,2256.033376541858,-0.7846949233571576,1.0000000000000002,5.0,38674.85788357471
43.0,35.0,2033.3422092723215,-1.4549435759010612,1.3977962403304964,5.0,34857.29501609695
43.0,36.0,3008.675746728647,-1.9540605068725136,1.872253124664614,5.0,51577.29851534823
43.0,37.0,2249.954680426812,-1.2194744861483937,1.0,5.0,38570.651664459634
43.0,38.0,2977.3287220095904,-1.3777464154825456,1.0000000000000002,5.0,51039.92094873583
43.0,39.0,2497.679344921893,-1.1611286879536609,1.2057984412086242,5.0,42817.36019866103
43.0,40.0,2708.311801428282,-1.2449912680920614,1.0,5.0,46428.20231019912
43.0,41.0,1391.275637512218,-0.6571703187158412,1.0,5.0,23850.43950020945
43.0,42.0,1133.627181395977,-1.7418623043211725,1.0,5.0,19433.608823931037
43.0,43.0,438.4178376191742,-0.0830336811945577,0.0,0.0,7515.734359185843
43.0,44.0,1135.2420400618753,-1.7418623043211725,1.0,5.0,19461.292115346438
43.0,45.0,1117.8087239246097,-0.0144422027844172,1.0000000000000002,5.0,19162.43526727902
43.0,46.0,1436.8441214885954,-0.2186987303456123,1.0000000000000002,5.0,24631.613511233067
43.0,47.0,1404.2796369450407,-0.6730322857188082,1.0,5.0,24073.36520477213
43.0,48.0,1692.5449634893355,-0.9161430448052436,1.477278523276261,5.0,29015.05651696004
43.0,49.0,1643.3817218474258,-0.5834166970927362,1.0,5.0,28172.25808881301
43.0,50.0,1822.4376806360497,-0.6982946910127907,1.0,5.0,31241.78881090371
44.0,1.0,2378.5227740127884,-2.2942177076847194,1.6707412286237586,5.0,40774.67612593351
44.0,2.0,3147.856693397985,-2.4656813554974084,1.0000000000000002,5.0,53963.25760110832
44.0,3.0,2039.0883881816712,-1.970629619430541,1.7823382334051483,5.0,34955.80094025722
44.0,4.0,3115.176546734308,-2.4656813554974084,1.0000000000000002,5.0,53403.02651544528
44.0,5.0,2725.0209003286573,-3.0149854490936576,1.5854868931608612,5.0,46714.64400563412
44.0,6.0,3505.186176922659,-3.0913119842644656,1.0,5.0,60088.90589010272
44.0,7.0,1938.924569072071,-2.1383806150646176,1.0,5.0,33238.70689837836
44.0,8.0,2066.052065184651,-2.2786872287490567,1.0,5.0,35418.03540316545
44.0,9.0,1939.5507919056265,-2.1383806150646176,1.0,5.0,33249.44214695359
44.0,10.0,2020.4642175196773,-2.2786872287490567,1.0,5.0,34636.52944319447
44.0,11.0,2607.17602829455,-1.7844576031004626,1.6317515708557442,5.0,44694.44619933516
44.0,12.0,1666.5014875620557,-1.6656951142759626,1.0,5.0,28568.59692963524
44.0,13.0,1750.3696694580938,-1.7450764129353875,1.0,5.0,30006.33719071018
44.0,14.0,2628.080455976219,-1.959441510667899,0.9999999999999998,5.0,45052.80781673519
44.0,15.0,1650.7792103419629,-1.295359112810096,1.0,5.0,28299.072177290796
44.0,16.0,2607.229448416647,-1.959441510667899,0.9999999999999998,5.0,44695.36197285681
44.0,17.0,2610.6009204040274,-1.784476034598164,1.6309118473310054,5.0,44753.15863549762
44.0,18.0,1669.4839709403664,-1.6656951142759628,1.0000000000000002,5.0,28619.72521612057
44.0,19.0,1152.667329758748,-1.1903774347613931,1.0,5.0,19760.011367292827
44.0,20.0,1936.446327500909,-1.6424920176933833,1.0,5.0,33196.222757158444
44.0,21.0,1545.9091760191347,-3.669508305448595,1.0,5.0,26501.300160328025
44.0,22.0,1358.231698115531,-0.985757720669576,1.0,5.0,23283.97196769481
44.0,23.0,1890.7640562678748,-1.05776508758185,1.0,5.0,32413.09810744928
44.0,24.0,2071.8161163174163,-1.2931810650862896,1.144617978212761,5.0,35516.84770829857
44.0,25.0,1645.2105084823856,-1.0853881493067972,1.3161685970350618,5.0,28203.6087168409
44.0,26.0,1920.3578961631376,-0.9018857990891892,1.0,5.0,32920.42107708236
44.0,27.0,1441.3248928613923,-1.3012993884910338,1.754003628710009,5.0,24708.426734766726
44.0,28.0,1710.7607346116874,-1.670568485665331,1.6352476990102816,5.0,29327.3268790575
44.0,29.0,1933.9444270208885,-0.8949556146521913,1.0,5.0,33153.333034643794
44.0,30.0,1152.139874258034,-0.8868318255504211,1.0,5.0,19750.96927299487
44.0,31.0,2211.2988581856966,-1.710918344531409,0.9999999999999998,5.0,37907.980426040514
44.0,32.0,1155.8897488521152,-0.6084923425058771,1.0,5.0,19815.252837464832
44.0,33.0,2184.841593365106,-1.710918344531409,1.0,5.0,37454.42731483039
44.0,34.0,1442.3695323633042,-0.6716130200999333,1.0,5.0,24726.334840513784
44.0,35.0,1227.4983595161766,-1.7596068080897966,1.0,5.0,21042.829020277317
44.0,36.0,2370.7640192657864,-1.2356660893175344,1.0,5.0,40641.6689016992
44.0,37.0,1456.749607932844,-1.8082382831887456,0.9999999999999998,5.0,24972.850421705894
44.0,38.0,2163.6648778310364,-1.1645002276055638,1.0,5.0,37091.39790567491
44.0,39.0,1691.7208789883475,-1.0849838032428205,1.3072761055059854,5.0,29000.92935408596
44.0,40.0,1894.647957249728,-1.0656943273884731,1.0000000000000002,5.0,32479.679267138185
44.0,41.0,1667.1072920326178,-0.7720466856755458,1.0,5.0,28578.98214913059
44.0,42.0,1429.431674567292,-1.13940738909731,1.7543225704437142,5.0,24504.542992582148
44.0,43.0,606.4022473015236,0.2033854664658985,1.0,5.0,10395.46709659755
44.0,44.0,303.2011236507618,-0.0574244551174438,0.0,0.0,5197.733548298775
44.0,45.0,1393.640378445009,-0.2082006856300187,1.0,5.0,23890.977916200158
44.0,46.0,623.1802773100412,-1.0532921167726317,1.0,5.0,10683.090468172137
44.0,47.0,1168.4049008794404,-1.7668352838179937,1.0000000000000002,5.0,20029.798300790408
44.0,48.0,885.1615445963328,-1.4580020914364606,1.0,5.0,15174.197907365706
44.0,49.0,1919.213376367825,-0.7497941959082004,1.0,5.0,32900.80073773414
44.0,50.0,1371.9089301467463,-1.7945320720137847,1.0,5.0,23518.43880251565
45.0,1.0,2386.6185669211545,-2.16827354995942,1.6715694995953063,5.0,40913.46114721979
45.0,2.0,3174.440091007455,-2.2860416065123568,1.0,5.0,54418.97298869923
45.0,3.0,2047.2446136613596,-1.8269496239960683,1.7845311690120482,5.0,35095.621948480446
45.0,4.0,3141.759944343778,-2.2860416065123568,1.0,5.0,53858.74190303619
45.0,5.0,2733.318561757309,-2.9009242572348315,1.5855124672887482,5.0,46856.8896301253
45.0,6.0,3531.769574532129,-2.927563434543868,1.0,5.0,60544.62127769364
45.0,7.0,1904.7683296035136,-2.283979169979533,1.0,5.0,32653.171364631668
45.0,8.0,2031.8958257160932,-2.411977152568123,1.0000000000000002,5.0,34832.499869418745
45.0,9.0,1905.394552437069,-2.283979169979533,1.0,5.0,32663.90661320689
45.0,10.0,1986.3079780511205,-2.411977152568123,1.0,5.0,34050.99390944778
45.0,11.0,2579.6787594509497,-1.872684960041192,1.6401851062879795,5.0,44223.06444773056
45.0,12.0,1632.3452480934986,-1.836341744182968,0.9999999999999998,5.0,27983.061395888548
45.0,13.0,1716.2134299895367,-1.89746991690597,1.0,5.0,29420.80165696349
45.0,14.0,2654.6638535856887,-1.7422646105278226,0.9999999999999998,5.0,45508.52320432609
45.0,15.0,1677.362607951433,-0.9268145209337538,1.0,5.0,28754.787564881703
45.0,16.0,2633.8128460261164,-1.7422646105278226,1.0,5.0,45151.077360447714
45.0,17.0,2583.103989553136,-1.8727050479509508,1.6393224646672742,5.0,44281.782678053765
45.0,18.0,1635.3277314718096,-1.836341744182968,1.0,5.0,28034.18968237388
45.0,19.0,1118.5110902901909,-1.4619686973468795,1.0,5.0,19174.475833546127
45.0,20.0,1963.0297251103784,-1.326842052423154,1.0,5.0,33651.93814474935
45.0,21.0,1572.4925736286043,-3.2322156456708,1.0,5.0,26957.01554791893
45.0,22.0,1384.8150957250004,-0.5340906297825999,0.9999999999999998,5.0,23739.68735528572
45.0,23.0,1917.347453877344,-0.7607997422141111,1.0,5.0,32868.81349504019
45.0,24.0,2098.3995138286955,-1.0185810708122072,1.1427858969718367,5.0,35972.56309420621
45.0,25.0,1669.7614709629547,-0.7316748670031079,1.3110078961086826,5.0,28624.482359364934
45.0,26.0,1946.9412937726077,-0.6042348884435962,1.0,5.0,33376.13646467327
45.0,27.0,1467.957506988133,-0.6748106422427297,1.0000000000000002,5.0,25164.98583408228
45.0,28.0,1737.39285348377,-1.1611338358564594,1.0,5.0,29783.8774882932
45.0,29.0,1960.5278246303576,-0.5948865672899714,1.0,5.0,33609.0484222347
45.0,30.0,1178.7232718675036,-0.3253411499863782,1.0,5.0,20206.68466058578
45.0,31.0,2237.8822557951657,-1.4451421847782528,1.0,5.0,38363.69581363141
45.0,32.0,1182.473146461585,-0.0542584946863937,1.0000000000000002,5.0,20270.96822505574
45.0,33.0,2211.424990974575,-1.4451421847782528,1.0,5.0,37910.14270242129
45.0,34.0,1468.9529299727735,-0.244162471565396,1.0,5.0,25182.050228104687
45.0,35.0,1254.0817571256464,-1.239921726116546,1.0,5.0,21498.544407868223
45.0,36.0,2397.3474168752564,-0.99410496290484,1.0,5.0,41097.38428929011
45.0,37.0,1483.3330055423132,-1.3698757185809889,1.0,5.0,25428.5658092968
45.0,38.0,2190.248275440506,-0.9043377894238516,1.0,5.0,37547.113293265815
45.0,39.0,1716.2698856254142,-0.7313264455864735,1.3024001504967186,5.0,29421.769467864244
45.0,40.0,1921.2313548591972,-0.7700449503992145,1.0000000000000002,5.0,32935.3946547291
45.0,41.0,1632.9510525640603,-0.9192406170946844,1.0000000000000002,5.0,27993.44661538389
45.0,42.0,1464.695576637177,-0.456777674815967,1.0,5.0,25109.06702806589
45.0,43.0,572.2460078329664,-0.3875842801465011,1.0,5.0,9809.931562850852
45.0,44.0,1466.3104353030756,-0.456777674815967,1.0,5.0,25136.750319481296
45.0,45.0,286.1230039164832,-0.0541899627502551,0.0,0.0,4904.965781425426
45.0,46.0,649.7636749195108,0.2227736666745062,1.0000000000000002,5.0,11138.805855763045
45.0,47.0,1194.98829848891,-1.1874469860987262,1.0,5.0,20485.513688381317
45.0,48.0,911.744942205802,-0.6565687421608707,1.0,5.0,15629.913294956606
45.0,49.0,1756.2137475437908,-1.0927678873817424,1.816234814264882,5.0,30106.521386464985
45.0,50.0,1398.4923277562157,-1.3372863434451083,1.0,5.0,23974.154190106558
46.0,1.0,2118.1353162613004,-1.912726740118919,1.0,5.0,36310.89113590801
46.0,2.0,2888.651811602145,-2.208610940783557,1.0,5.0,49519.745341751055
46.0,3.0,1778.664033018323,-1.522156812204985,1.0,5.0,30491.38342317125
46.0,4.0,2855.971664938468,-2.208610940783557,1.0,5.0,48959.51425608802
46.0,5.0,2464.6681497340924,-2.729371907328668,1.0000000000000002,5.0,42251.45399544159
46.0,6.0,3245.981295126819,-2.8858937879113693,1.0,5.0,55645.39363074547
46.0,7.0,2771.073581396252,-2.4855928255228323,2.1748181460826146,5.0,47504.11853822146
46.0,8.0,2898.025385796646,-2.617669035423536,2.1232428932170757,5.0,49680.43518508536
46.0,9.0,2771.6996671398347,-2.48558906634823,2.17455248291082,5.0,47514.85143668288
46.0,10.0,2852.4470524011645,-2.617918800246556,2.141208595579079,5.0,48899.0923268771
46.0,11.0,3352.8681499023896,-2.252095300688396,1.827895353285612,5.0,57477.7397126124
46.0,12.0,2487.6700958785023,-2.031863349262967,1.6362924574608724,5.0,42645.7730722029
46.0,13.0,2567.899250933224,-2.2248944746758093,2.0322755776934915,5.0,44021.13001599812
46.0,14.0,2368.8755741803784,-1.6501870777142422,0.9999999999999998,5.0,40609.29555737791
46.0,15.0,1391.5743285461226,-0.863886948380955,1.0,5.0,23855.559917933533
46.0,16.0,2348.024566620806,-1.6501870777142422,1.0,5.0,40251.849713499534
46.0,17.0,3356.334078118469,-2.252080075360892,1.8270223737472784,5.0,57537.15562488804
46.0,18.0,2490.6539843933188,-2.0318450813826496,1.635528943773933,5.0,42696.92544674261
46.0,19.0,1971.7622896396288,-1.6739504682520705,2.08841708006502,5.0,33801.63925096508
46.0,20.0,1677.241445705069,-1.2844034652510328,1.0,5.0,28752.71049780118
46.0,21.0,1286.7042942232947,-3.769883729689841,1.0,5.0,22057.78790097077
46.0,22.0,1099.0268163196909,-0.4549598064167162,1.0,5.0,18840.45970833756
46.0,23.0,1631.5591744720346,-0.6019000897481535,1.0,5.0,27969.58584809202
46.0,24.0,1812.6112359749472,-0.8855421588791892,1.1652984740804389,5.0,31073.33547385624
46.0,25.0,1388.173597886654,-0.6143861938209267,1.3772430947777543,5.0,23797.26167805693
46.0,26.0,1661.1530143672974,-0.4183481126859225,1.0,5.0,28476.908817725096
46.0,27.0,1182.1692275828232,-0.6208736406808809,1.0000000000000004,5.0,20265.758187134117
46.0,28.0,1451.60457407846,-1.1381752696272909,1.0,5.0,24884.649841345028
46.0,29.0,1674.7395452250485,-0.408971878774681,1.0,5.0,28709.820775286546
46.0,30.0,892.9349924621937,-0.2788642914394855,1.0000000000000002,5.0,15307.457013637606
46.0,31.0,1952.093976389856,-1.366483711086211,1.0,5.0,33464.46816668324
46.0,32.0,896.6848670562753,0.0987182943675242,1.0,5.0,15371.740578107578
46.0,33.0,1925.6367115692656,-1.366483711086211,1.0,5.0,33010.915055473124
46.0,34.0,1183.164650567464,-0.0665624150744005,1.0,5.0,20282.822581156524
46.0,35.0,968.2934777203366,-1.4477795588491793,1.0000000000000002,5.0,16599.316760920054
46.0,36.0,2111.5591374699466,-0.8290181027728575,1.0,5.0,36198.15664234194
46.0,37.0,1197.5447261370036,-1.4937968602080247,1.0,5.0,20529.33816234863
46.0,38.0,1904.459996035196,-0.7404668589564932,1.0,5.0,32647.88564631765
46.0,39.0,1434.7369761820191,-0.6137273864867868,1.3646371328360032,5.0,24595.491020263187
46.0,40.0,1635.443075453887,-0.6117364959681854,1.0000000000000002,5.0,28036.167007780925
46.0,41.0,2498.357000281581,-1.3216603197280752,1.0,5.0,42828.97714768424
46.0,42.0,1178.907297231867,-0.339564108967807,1.0,5.0,20209.83938111772
46.0,43.0,1431.457112263986,-0.8268509937589091,1.7545343204478758,5.0,24539.264781668327
46.0,44.0,1180.5221558977653,-0.3395641089678075,1.0000000000000002,5.0,20237.52267253312
46.0,45.0,1167.6224800559653,-1.48734398273245,1.0000000000000002,5.0,20016.385372387977
46.0,46.0,312.97833140024613,-0.05927619900554,0.0,0.0,5365.342824004219
46.0,47.0,909.2000190836004,-1.471198882169148,1.0,5.0,15586.28604143315
46.0,48.0,625.9566628004923,-1.065242714515792,1.0,5.0,10730.68564800844
46.0,49.0,1235.3183505394113,-1.5121707293154556,1.0000000000000002,5.0,21176.886009247053
46.0,50.0,1112.704048350906,-1.4800972405274069,1.0000000000000002,5.0,19074.92654315839
47.0,1.0,2661.2369403272382,-2.316425045905032,1.6014918706277386,5.0,45621.204691324085
47.0,2.0,3449.130084414762,-2.4624846781369456,1.0000000000000002,5.0,59127.94430425306
47.0,3.0,2321.729456937971,-1.9919654963679456,1.6905432267152751,5.0,39801.076404650936
47.0,4.0,3416.449937751085,-2.4624846781369456,1.0000000000000002,5.0,58567.71321859003
47.0,5.0,3007.989418712697,-2.9960079668334414,1.5315230620266889,5.0,51565.53289221767
47.0,6.0,3806.459567939437,-3.0642228849812003,1.0,5.0,65253.59259324748
47.0,7.0,2179.458323010821,-2.374603967127987,1.0,5.0,37362.14268018551
47.0,8.0,2306.585819123401,-2.5036063857650253,1.0,5.0,39541.4711849726
47.0,9.0,2180.084545844377,-2.374603967127987,1.0,5.0,37372.87792876075
47.0,10.0,2260.9979714584283,-2.5036063857650253,1.0,5.0,38759.96522500163
47.0,11.0,2840.032061188847,-2.0646636070003903,1.5781946569435128,5.0,48686.26390609452
47.0,12.0,1907.035241500806,-1.9553935940461376,1.0,5.0,32692.03271144239
47.0,13.0,1990.9034233968443,-2.02675658798921,1.0,5.0,34129.772972517334
47.0,14.0,2929.3538469929963,-1.951565281279214,1.0,5.0,50217.49451987993
47.0,15.0,1952.05260135874,-1.1938062668434553,1.0,5.0,33463.75888043555
47.0,16.0,2908.502839433424,-1.951565281279214,1.0,5.0,49860.04867600156
47.0,17.0,2843.4565713240863,-2.0646805704551867,1.5774929734650611,5.0,48744.9697941272
47.0,18.0,1910.017724879117,-1.9553935940461376,1.0000000000000002,5.0,32743.16099792772
47.0,19.0,1393.2010836974985,-1.55262108368662,1.0,5.0,23883.44714909997
47.0,20.0,2237.719718517686,-1.5511651009781715,1.0,5.0,38360.909460303184
47.0,21.0,1281.8358519819876,-3.780955202399575,0.9999999999999998,5.0,21974.328891119785
47.0,22.0,1659.5050891323085,-0.8525557716896427,1.0,5.0,28448.65867083957
47.0,23.0,2192.037447284652,-1.0620804693195267,1.0,5.0,37577.78481059404
47.0,24.0,2373.0895065877808,-1.2899025537236544,1.1262581311527853,5.0,40681.53439864767
47.0,25.0,1942.467208187979,-1.029392147200312,1.266140337579038,5.0,33299.43785465106
47.0,26.0,2221.6312871799155,-0.9258009466992424,1.0,5.0,38085.10778022712
47.0,27.0,1742.6475003954408,-0.9703573062150738,1.0,5.0,29873.957149636128
47.0,28.0,2012.0828468910768,-1.3955942788472653,1.0,5.0,34492.84880384704
47.0,29.0,2235.217818037665,-0.9175452329631916,1.0000000000000002,5.0,38318.01973778855
47.0,30.0,1453.4132652748117,-0.6743978440843768,1.0,5.0,24915.65597613963
47.0,31.0,2512.5722492024734,-1.6699613578760215,1.0,5.0,43072.66712918526
47.0,32.0,1457.1631398688928,-0.4611424961567261,1.0,5.0,24979.939540609597
47.0,33.0,2486.114984381883,-1.6699613578760215,1.0,5.0,42619.11401797514
47.0,34.0,1743.6429233800811,-0.6154309047822368,1.0,5.0,29891.02154365853
47.0,35.0,963.4250354790294,-1.4520638193775115,1.0,5.0,16515.857751069074
47.0,36.0,2672.037410282564,-1.2740647336424216,1.0000000000000002,5.0,45806.35560484395
47.0,37.0,1192.676283895696,-1.496062535624871,1.0,5.0,20445.879152497648
47.0,38.0,2464.938268847813,-1.192159786792236,1.0,5.0,42256.08460881965
47.0,39.0,1988.9406949224456,-1.02917528604152,1.259816339906464,5.0,34096.12619867049
47.0,40.0,2195.921348266505,-1.070275426985545,1.0,5.0,37644.36597028295
47.0,41.0,1907.641045971368,-1.184907094131374,1.0000000000000002,5.0,32702.417930937736
47.0,42.0,1720.8621147486592,-1.121623948354206,1.63225659850034,5.0,29500.4933956913
47.0,43.0,846.9360012402741,-0.6338192325239073,1.0,5.0,14518.9028784047
47.0,44.0,1722.4853497212712,-1.1214965570681774,1.631644911470076,5.0,29528.32028093608
47.0,45.0,605.4182707628324,-0.4178723340815607,1.0,5.0,10378.598927362842
47.0,46.0,924.4536683268188,-0.2672725338026591,1.0,5.0,15847.777171316891
47.0,47.0,302.7091353814162,-0.0573312755211706,0.0,0.0,5189.299463681421
47.0,48.0,621.0882205591848,-1.0760240961975605,1.0,5.0,10647.226638157455
47.0,49.0,1143.4361449191158,-0.9195123988440842,1.0,5.0,19601.762484327697
47.0,50.0,1237.612449375265,-1.1790213913301402,1.7660752674412277,5.0,21216.213417861683
48.0,1.0,2334.470023477733,-2.29951362773389,1.0000000000000002,5.0,40019.48611676113
48.0,2.0,3104.9865188185777,-2.537288847214209,1.0000000000000002,5.0,53228.340322604185
48.0,3.0,1994.9987402347556,-1.9731702574236192,1.0000000000000002,5.0,34199.978404024376
48.0,4.0,3072.306372154901,-2.537288847214209,1.0000000000000002,5.0,52668.10923694116
48.0,5.0,2681.002856950525,-3.029320751948772,1.0,5.0,45960.04897629471
48.0,6.0,3462.3160023432506,-3.159215316044903,1.0,5.0,59353.98861159859
48.0,7.0,2453.5507337795398,-2.612338945702572,0.9999999999999998,5.0,42060.86972193496
48.0,8.0,2580.678229892119,-2.732097944251389,0.9999999999999998,5.0,44240.19822672204
48.0,9.0,2454.1769566130943,-2.612338945702572,0.9999999999999998,5.0,42071.60497051018
48.0,10.0,2535.0903822271457,-2.732097944251389,0.9999999999999998,5.0,43458.69226675107
48.0,11.0,3105.742270724516,-2.347586678071888,1.5273688606582674,5.0,53241.29606956313
48.0,12.0,2181.127652269524,-2.2365554665572063,0.9999999999999998,5.0,37390.75975319184
48.0,13.0,2264.9958341655624,-2.303071105340712,0.9999999999999996,5.0,38828.50001426679
48.0,14.0,2585.2102813968118,-2.04716733702024,0.9999999999999996,5.0,44317.890538231055
48.0,15.0,1607.909035762555,-1.4599002384968571,1.0,5.0,27564.15489878665
48.0,16.0,2564.359273837239,-2.04716733702024,1.0,5.0,43960.44469435266
48.0,17.0,3109.167205515108,-2.347601590111391,1.5267863183552983,5.0,53300.00923740185
48.0,18.0,2184.1101356478352,-2.2365554665572063,0.9999999999999996,5.0,37441.88803967717
48.0,19.0,1667.2934944662163,-1.8784313856719597,0.9999999999999998,5.0,28582.174190849422
48.0,20.0,1893.576152921501,-1.7825238563154908,1.0,5.0,32461.305478654303
48.0,21.0,998.5924956988794,-4.114743595964302,1.0,5.0,17118.728497695076
48.0,22.0,1315.3615235361235,-1.1917681104477833,0.9999999999999998,5.0,22549.05468919069
48.0,23.0,1847.8938816884668,-1.1776253102475644,1.0,5.0,31678.180828945147
48.0,24.0,2028.9459419130897,-1.4045031899711606,1.1476736534753251,5.0,34781.93043279582
48.0,25.0,1603.7331221253655,-1.2371866213446328,1.3248629764769495,5.0,27492.56780786341
48.0,26.0,1877.4877215837296,-1.0195481067661707,1.0,5.0,32185.503798578226
48.0,27.0,1398.503934799256,-1.313591556998032,1.0,5.0,23974.353167987247
48.0,28.0,1667.9392812948925,-1.6854630023853243,1.0,5.0,28593.244822198158
48.0,29.0,1891.074252441481,-1.0138151362222902,1.0,5.0,32418.41575613967
48.0,30.0,1109.2696996786262,-1.1547791452340497,1.0000000000000002,5.0,19016.051994490736
48.0,31.0,2168.428683606289,-1.8231789336606228,0.9999999999999998,5.0,37173.063147536384
48.0,32.0,1113.0195742727078,-0.863820795120009,1.0,5.0,19080.335558960705
48.0,33.0,2141.971418785698,-1.8231789336606228,0.9999999999999998,5.0,36719.510036326246
48.0,34.0,1399.4993577838964,-0.8563292532108356,1.0,5.0,23991.41756200965
48.0,35.0,680.1816791959213,-1.025854833175588,1.0000000000000002,5.0,11660.257357644365
48.0,36.0,2327.893844686379,-1.327887755836823,1.0,5.0,39906.75162319507
48.0,37.0,909.4329276125882,-1.0789292955076288,1.0,5.0,15590.27875907294
48.0,38.0,2120.794703251629,-1.2658448813434011,1.0,5.0,36356.48062717077
48.0,39.0,1650.2491551478872,-1.2367266500482927,1.315480503504655,5.0,28289.98551682092
48.0,40.0,1851.77778267032,-1.184959917791989,1.0000000000000002,5.0,31744.76198863405
48.0,41.0,2181.7334567400853,-1.5710134803593716,1.0,5.0,37401.14497268717
48.0,42.0,1395.2420044482994,-1.0809765146339263,1.0000000000000002,5.0,23918.434361970845
48.0,43.0,1121.0284120089916,-1.174610606283769,1.0,5.0,19217.629920154144
48.0,44.0,1396.856863114198,-1.0809765146339263,1.0,5.0,23946.117653386253
48.0,45.0,879.5106815315501,-1.0719168248282265,1.0,5.0,15077.325969112286
48.0,46.0,1198.546079095536,-0.9005471117652389,1.0,5.0,20546.50421306633
48.0,47.0,621.088220559185,-1.0784708358922277,1.0,5.0,10647.226638157455
48.0,48.0,289.5064470511738,-0.0548307663729167,0.0,0.0,4962.967663734408
48.0,49.0,947.206552014996,-1.1014041850493608,1.0,5.0,16237.82660597136
48.0,50.0,824.5922498264907,-1.0625063022176915,1.0,5.0,14135.8671398827
49.0,1.0,2883.6715975469883,-2.327387638648455,1.3663192674815154,5.0,49434.370243662655
49.0,2.0,3655.759313897978,-2.645808979713604,1.288010843254354,5.0,62670.15966682248
49.0,3.0,2543.154036559481,-1.997987714211567,1.4161769769945023,5.0,43596.92634101969
49.0,4.0,3622.983531793973,-2.6459101014333903,1.2906459571359998,5.0,62108.28911646811
49.0,5.0,3231.410283807393,-2.983521246437384,1.3264049320190898,5.0,55395.6048652696
49.0,6.0,4013.990913370884,-3.2153162879860404,1.2620348017674765,5.0,68811.27280064374
49.0,7.0,2418.5631232268124,-2.469327363939529,1.0,5.0,41461.08211245964
49.0,8.0,2545.690619339392,-2.5971476880998603,1.0,5.0,43640.41061724671
49.0,9.0,2419.189346060368,-2.469327363939529,1.0,5.0,41471.81736103487
49.0,10.0,2500.102771674419,-2.5971476880998603,1.0,5.0,42858.90465727575
49.0,11.0,3068.6779832838683,-2.225049500083472,1.5333480417047023,5.0,52605.90828486631
49.0,12.0,2146.140041716797,-2.0728035906095035,1.0,5.0,36790.97214371652
49.0,13.0,2230.008223612835,-2.1488410517726493,0.9999999999999998,5.0,38228.712404791455
49.0,14.0,3134.745716880964,-2.167907274475009,1.3365414358290113,5.0,53738.49800367367
49.0,15.0,2154.813189369176,-1.4872889283941546,1.4926392576117848,5.0,36939.65467490016
49.0,16.0,3113.8174997360493,-2.168004328065215,1.3388318493326328,5.0,53379.7285669037
49.0,17.0,3072.1027525568447,-2.225063846736211,1.532752077702404,5.0,52664.6186152602
49.0,18.0,2149.1225250951084,-2.0728035906095035,0.9999999999999998,5.0,36842.10043020186
49.0,19.0,1632.3058839134897,-1.6650873612070094,1.0,5.0,27982.38658137411
49.0,20.0,2441.54987709271,-1.8046565421768133,1.4338183342341504,5.0,41855.14075016075
49.0,21.0,970.84535569752,-3.854686780449536,1.0,5.0,16643.063240528918
49.0,22.0,1861.159699652256,-1.1957067101615897,1.5720844600304371,5.0,31905.594851181537
49.0,23.0,2394.955803380712,-1.3586732401614208,1.4422624660731098,5.0,41056.3852008122
49.0,24.0,2577.253748507671,-1.5456061293434753,1.525531031544359,5.0,44181.49283156008
49.0,25.0,2134.9458865606784,-1.3718903255065074,1.757123007173366,5.0,36599.072341040206
49.0,26.0,2424.6227602989425,-1.2345463028545969,1.4367551539844514,5.0,41564.96160512473
49.0,27.0,1944.836832971868,-1.2967900669483057,1.5470127568637824,5.0,33340.05999380344
49.0,28.0,2215.247717755103,-1.6675141750875406,1.4789910144644898,5.0,37975.67516151605
49.0,29.0,2438.315702496373,-1.2273064102934896,1.4342724400802145,5.0,41799.69775708069
49.0,30.0,1654.6390586203454,-1.056712741492708,1.645418294678218,5.0,28365.241004920204
49.0,31.0,2716.973142412969,-1.910089189086272,1.3891197310242118,5.0,46576.68244136519
49.0,32.0,1658.098535820193,-0.8719491148026121,1.6439163246595114,5.0,28424.54632834617
49.0,33.0,2690.394617124512,-1.910278594766112,1.393017643299778,5.0,46121.05057927734
49.0,34.0,1945.3602550795897,-0.9820069138398472,1.546725897641342,5.0,33349.03294422154
49.0,35.0,1173.3596101397272,-1.1679016015771095,1.6771545993903028,5.0,20114.736173823894
49.0,36.0,2876.462973379171,-1.5425774378139605,1.3671713484540575,5.0,49310.79382935722
49.0,37.0,881.6857876112289,-0.6705782861476905,0.9999999999999998,5.0,15114.61350190678
49.0,38.0,2668.712181075131,-1.4707735672697442,1.3961943175408122,5.0,45749.35167557368
49.0,39.0,2181.915240137311,-1.370689054137718,1.7402647674945286,5.0,37404.26125949676
49.0,40.0,2398.8451127543044,-1.3659283779407116,1.4415317781466903,5.0,41123.05907578807
49.0,41.0,2146.7458461873584,-1.3966903764663237,1.0000000000000002,5.0,36801.35736321186
49.0,42.0,1929.384514063387,-1.3358332435494984,2.1023505459614915,5.0,33075.16309822949
49.0,43.0,1086.040801456265,-0.8390891221884489,1.0,5.0,18617.842310678825
49.0,44.0,1931.0091567094305,-1.3357832941559062,2.101413441395969,5.0,33103.014115018814
49.0,45.0,844.5230709788233,-0.631636989322429,1.0000000000000004,5.0,14477.53835963697
49.0,46.0,1163.5584685428091,-0.572703599056424,1.0000000000000002,5.0,19946.716603591016
49.0,47.0,586.1006100064582,-0.3927604381916529,1.0,5.0,10047.43902868214
49.0,48.0,860.1930207751757,-1.065515960083226,1.0,5.0,14746.166070431582
49.0,49.0,275.63287705049413,-0.0522031963024957,0.0,0.0,4725.135035151327
49.0,50.0,796.8451098251314,-0.6258189352904882,1.0,5.0,13660.201882716538
50.0,1.0,2996.512325641593,-2.498967086880252,1.5335429214190153,5.0,51368.78272528446
50.0,2.0,3784.385109145172,-2.6692567079537244,1.0000000000000002,5.0,64875.17329963151
50.0,3.0,2656.9147995430835,-2.1929354900833857,1.602456798792098,5.0,45547.11084931
50.0,4.0,3751.7049624814954,-2.6692567079537244,1.0000000000000002,5.0,64314.94221396848
50.0,5.0,3343.294727237129,-3.1241515173376317,1.4777571692561515,5.0,57313.62389549364
50.0,6.0,4141.714592669845,-3.2293101473150507,1.0,5.0,71000.82158862591
50.0,7.0,2514.713347741231,-2.510163038924873,1.0,5.0,43109.37167556396
50.0,8.0,2641.840843853811,-2.6371997016886093,1.0,5.0,45288.70018035104
50.0,9.0,2515.339570574786,-2.510163038924873,1.0,5.0,43120.1069241392
50.0,10.0,2596.252996188837,-2.6371997016886093,1.0,5.0,44507.19422038007
50.0,11.0,3161.058795882076,-2.28795052741707,1.5172355933473531,5.0,54189.57935797845
50.0,12.0,2242.290266231216,-2.1221550204592683,1.0,5.0,38439.26170682084
50.0,13.0,2326.158448127254,-2.199385639671571,1.0,5.0,39877.001967895776
50.0,14.0,3264.6088717234056,-2.192064983496332,1.0,5.0,55964.72351525838
50.0,15.0,2251.260341841118,-1.5633117540526988,1.471137472733794,5.0,38593.03443156202
50.0,16.0,3243.7578641638333,-2.192064983496332,1.0,5.0,55607.277671380005
50.0,17.0,3164.4838142615467,-2.2879639016384505,1.516675437673903,5.0,54248.29395876937
50.0,18.0,2245.2727496095267,-2.1221550204592683,1.0,5.0,38490.38999330618
50.0,19.0,1728.456108427908,-1.7150104748975483,1.0,5.0,29630.67614447842
50.0,20.0,2537.958931916614,-1.8721011269003056,1.4170586080094183,5.0,43507.867404284814
50.0,21.0,1066.9955802119384,-3.615546412812415,0.9999999999999998,5.0,18291.352803633228
50.0,22.0,1994.7601138627172,-1.1883272002945773,1.0,5.0,34195.88766621801
50.0,23.0,2527.292472015061,-1.3884862302235792,1.0,5.0,43325.01380597247
50.0,24.0,2708.344531117015,-1.5895899102603226,1.1106291436460718,5.0,46428.7633905774
50.0,25.0,2275.9427650866714,-1.350685570725178,1.226318447310274,5.0,39016.16168720008
50.0,26.0,2556.8863119103244,-1.2706120075665093,1.0,5.0,43832.33677560556
50.0,27.0,2041.28418470134,-1.3768903356531097,1.5206276322606322,5.0,34993.44316630869
50.0,28.0,2311.670812350966,-1.7363673854505377,1.4586398924589592,5.0,39628.64249744513
50.0,29.0,2570.4728427680748,-1.2632171068816809,0.9999999999999998,5.0,44065.24873316699
50.0,30.0,1751.085152378604,-1.1428146542215722,1.6089962220880318,5.0,30018.60261220464
50.0,31.0,2847.8272739328827,-1.9259542244438927,1.0,5.0,48819.8961245637
50.0,32.0,1792.4181645993017,-0.8610882388770503,1.0,5.0,30727.16853598803
50.0,33.0,2821.370009112292,-1.9259542244438927,1.0,5.0,48366.34301335358
50.0,34.0,2078.89794811049,-0.9955635518754872,1.0,5.0,35638.25053903696
50.0,35.0,1269.8116199592332,-1.229564137119873,1.6263148863013954,5.0,21768.199199301143
50.0,36.0,3007.292435012973,-1.5826864726760583,1.0000000000000002,5.0,51553.58460022239
50.0,37.0,977.8360121256468,-0.7535139597183487,1.0,5.0,16762.903065011087
50.0,38.0,2800.1932935782224,-1.5075411892836623,1.0,5.0,48003.3136041981
50.0,39.0,2322.388440535794,-1.350554420262251,1.221731581278745,5.0,39812.3732663279
50.0,40.0,2531.1763729969143,-1.3957763169382782,1.0,5.0,43391.59496566139
50.0,41.0,2242.896070701777,-1.4778355726204184,1.0,5.0,38449.64692631618
50.0,42.0,2025.4948141435889,-1.4150114270304477,2.0492004481910127,5.0,34722.76824246152
50.0,43.0,1182.191025970683,-0.919410402361347,1.0,5.0,20266.13187378314
50.0,44.0,2027.118907864778,-1.414966522943805,2.04835152628514,5.0,34750.609849110486
50.0,45.0,940.6732954932414,-0.7151887343729105,1.0,5.0,16125.82792274128
50.0,46.0,1259.7086930572275,-0.680561880742218,1.0,5.0,21595.00616669533
50.0,47.0,682.2508345208764,-0.4801919091006624,1.0,5.0,11695.728591786452
50.0,48.0,956.3432452895938,-1.0972137449395811,1.0,5.0,16394.455633535894
50.0,49.0,371.2630535462606,-0.2260834749960138,1.0,5.0,6364.509489364468
50.0,50.0,185.6315267731303,-0.0351574860581471,0.0,0.0,3182.254744682234
2100.0,2100.0,383.88700006457657,-0.0727058710731234,0.0,0.0,6580.920001107027
2100.0,2101.0,1188.3399088509518,-0.9121861913620812,1.561819481290239,5.0,20371.541294587743
2100.0,2102.0,1438.2777672247746,-1.211980219258126,2.014737891255652,5.0,24656.190295281853
2100.0,2103.0,1191.718268777494,-1.1535320012482608,1.6400577428166168,5.0,20429.45603618561
2100.0,2104.0,1569.1686594212592,-1.7914181164976883,1.0,5.0,26900.0341615073
2100.0,2105.0,1368.2919539818351,-1.7914181164976883,1.0,5.0,23456.433496831454
2101.0,2100.0,1187.527340856095,-0.9248097126347428,1.562889256110231,5.0,20357.61155753306
2101.0,2101.0,297.1373768731973,-0.0562760182301423,0.0,0.0,5093.783603540526
2101.0,2102.0,773.2533001319066,-0.4871070702316509,1.0,5.0,13255.770859404114
2101.0,2103.0,1703.5553965824456,-1.3354319128505103,1.7608356900352875,5.0,29203.80679855621
2101.0,2104.0,1450.1224109362906,-1.0578928201559867,1.0,5.0,24859.24133033641
2101.0,2105.0,1249.2457054968663,-1.0578928201559867,1.0,5.0,21415.64066566057
2102.0,2100.0,1436.738400757352,-1.097935824189372,1.4637828204211794,5.0,24629.80115584032
2102.0,2101.0,773.2533001319066,-0.4815891601258039,1.0,5.0,13255.770859404114
2102.0,2102.0,386.6266500659533,-0.0732247441783655,0.0,0.0,6627.885429702057
2102.0,2103.0,1946.2873905380695,-1.5177644699347284,1.669843636262521,5.0,33364.92669493834
2102.0,2104.0,1190.5224626157426,-0.8440012136100253,1.0,5.0,20408.95650198416
2102.0,2105.0,989.6457571763189,-0.8440012136100253,1.0,5.0,16965.35583730832
2103.0,2100.0,1190.3960106894515,-1.0931495991150466,1.6417396750260873,5.0,20406.78875467632
2103.0,2101.0,1577.990485136195,-1.1608848056657193,1.0,5.0,27051.26545947763
2103.0,2102.0,1831.6782718702564,-1.445428172280426,1.4303673323626205,5.0,31400.19894634725
2103.0,2103.0,457.073087521003,-0.0865668724564945,0.0,0.0,7835.538643217194
2103.0,2104.0,2103.815735660404,-1.791013005724014,1.6167118059424053,5.0,36065.41261132121
2103.0,2105.0,1903.9680752478357,-1.7904263079277831,1.681235184027071,5.0,32639.45271853432
2104.0,2100.0,1569.1686594212592,-1.7936306509064994,0.9999999999999998,5.0,26900.0341615073
2104.0,2101.0,1450.1224109362906,-1.0586827142853954,1.0000000000000002,5.0,24859.24133033641
2104.0,2102.0,1190.5224626157426,-0.8499713260104109,1.0,5.0,20408.95650198416
2104.0,2103.0,2090.203713116394,-1.853210648475338,1.6264293676742825,5.0,35832.063653423895
2104.0,2104.0,420.61025088447,-0.079661032198788,0.0,0.0,7210.461443733771
2104.0,2105.0,1629.31094169185,-1.436999763539622,1.7993128768619862,5.0,27931.044714717427
2105.0,2100.0,1368.2919539818354,-1.7468114112491622,0.9999999999999998,5.0,23456.43349683146
2105.0,2101.0,1249.2457054968663,-0.8939729114850361,1.0,5.0,21415.64066566057
2105.0,2102.0,989.6457571763186,-0.6784309030880641,1.0,5.0,16965.355837308318
2105.0,2103.0,1895.2719821180983,-1.731898540547239,1.690184463435739,5.0,32490.37683631026
2105.0,2104.0,1629.3109416918498,-1.293459489833569,1.799312876861986,5.0,27931.044714717424
2105.0,2105.0,320.1718981647579,-0.0606386169505303,0.0,0.0,5488.661111395851
